flight_number,origin,destination,departure_date,base_fare,seats_remaining,capacity
PA102,YYZ,LHR,2026-10-01,160.86,118,289
PA108,YYZ,JFK,2026-10-01,588.7,113,190
PA112,SIN,HKG,2026-10-01,664.99,151,217
PA119,SIN,PVG,2026-10-01,213.86,169,243
PA127,NRT,HKG,2026-10-01,248.84,176,230
PA132,CDG,JFK,2026-10-01,253.52,29,242
PA134,YYZ,LAX,2026-10-01,206.99,104,178
PA141,JFK,LAX,2026-10-01,102.27,202,266
PA142,LAX,HKG,2026-10-01,633.37,210,278
PA143,HKG,NRT,2026-10-01,709.36,14,177
PA144,YVR,NRT,2026-10-01,526.28,163,279
PA145,JFK,YYZ,2026-10-01,633.76,22,245
PA149,YVR,NRT,2026-10-01,140.55,150,211
PA157,HKG,SIN,2026-10-01,184.7,211,265
PA173,LAX,NRT,2026-10-01,410.19,116,169
PA183,NRT,SIN,2026-10-01,142.67,89,288
PA195,YYZ,HKG,2026-10-01,420.06,77,226
PA202,HKG,SIN,2026-10-01,567.5,92,152
PA224,LAX,NRT,2026-10-01,211.44,102,218
PA230,YYZ,YVR,2026-10-01,345.8,120,221
PA240,NRT,LAX,2026-10-01,354.96,36,200
PA247,NRT,YVR,2026-10-01,312.71,85,150
PA257,SIN,PVG,2026-10-01,236.1,55,297
PA262,LAX,NRT,2026-10-01,419.52,28,181
PA267,HKG,YYZ,2026-10-01,281.43,18,265
PA268,LAX,NRT,2026-10-01,636.07,135,220
PA272,YVR,HKG,2026-10-01,156.4,221,288
PA288,YYZ,YVR,2026-10-01,194.99,45,259
PA289,PVG,SIN,2026-10-01,135.2,55,196
PA129,PVG,SIN,2026-10-02,285.42,36,186
PA138,NRT,YVR,2026-10-02,576.2,110,152
PA148,YYZ,PVG,2026-10-02,715.11,15,242
PA151,HKG,PVG,2026-10-02,784.59,56,167
PA154,HKG,SIN,2026-10-02,775.05,64,258
PA172,PVG,HKG,2026-10-02,294.98,25,196
PA179,CDG,LHR,2026-10-02,748.56,55,217
PA192,NRT,SIN,2026-10-02,465.95,190,294
PA200,LHR,CDG,2026-10-02,210.42,167,222
PA206,YVR,YYZ,2026-10-02,602.33,28,203
PA213,YYZ,PVG,2026-10-02,761.54,109,169
PA215,LHR,CDG,2026-10-02,486.77,125,299
PA216,PVG,HKG,2026-10-02,129.28,18,182
PA221,LAX,NRT,2026-10-02,783.34,146,191
PA230,YYZ,YVR,2026-10-02,345.8,170,221
PA252,SIN,PVG,2026-10-02,165.37,139,235
PA262,LAX,NRT,2026-10-02,419.52,103,181
PA277,PVG,YYZ,2026-10-02,733.39,93,249
PA280,LHR,JFK,2026-10-02,627.43,170,226
PA284,CDG,LHR,2026-10-02,568.21,14,236
PA286,YYZ,HKG,2026-10-02,118.88,43,286
PA111,YYZ,LHR,2026-10-03,693.25,147,241
PA116,YYZ,YVR,2026-10-03,562.88,45,161
PA135,JFK,LAX,2026-10-03,517.49,20,258
PA143,HKG,NRT,2026-10-03,709.36,100,177
PA148,YYZ,PVG,2026-10-03,715.11,191,242
PA156,CDG,JFK,2026-10-03,406.67,15,245
PA161,SIN,PVG,2026-10-03,260.26,21,165
PA162,YYZ,LAX,2026-10-03,149.6,75,234
PA163,LAX,NRT,2026-10-03,568.28,113,221
PA165,NRT,HKG,2026-10-03,430.87,164,297
PA170,LHR,YYZ,2026-10-03,274.06,141,177
PA175,NRT,LAX,2026-10-03,778.3,106,153
PA204,YYZ,LHR,2026-10-03,285.13,53,184
PA228,LAX,JFK,2026-10-03,116.57,106,207
PA231,HKG,NRT,2026-10-03,575.66,57,252
PA235,PVG,HKG,2026-10-03,609.98,144,238
PA237,HKG,NRT,2026-10-03,369.64,12,179
PA239,PVG,HKG,2026-10-03,463.94,102,150
PA241,YYZ,YVR,2026-10-03,536.21,48,234
PA246,JFK,LHR,2026-10-03,310.66,136,295
PA247,NRT,YVR,2026-10-03,312.71,91,150
PA250,PVG,NRT,2026-10-03,457.82,147,204
PA257,SIN,PVG,2026-10-03,236.1,36,297
PA271,YVR,YYZ,2026-10-03,290.2,143,210
PA273,JFK,YYZ,2026-10-03,368.12,69,209
PA274,JFK,YYZ,2026-10-03,144.96,153,204
PA275,PVG,YYZ,2026-10-03,479.83,145,234
PA285,CDG,JFK,2026-10-03,688.35,55,192
PA297,LAX,NRT,2026-10-03,687.46,19,201
PA115,SIN,PVG,2026-10-04,504.15,56,242
PA117,YVR,YYZ,2026-10-04,698.72,41,170
PA130,LAX,NRT,2026-10-04,477.28,125,293
PA133,YYZ,HKG,2026-10-04,445.46,54,280
PA142,LAX,HKG,2026-10-04,633.37,90,278
PA145,JFK,YYZ,2026-10-04,633.76,172,245
PA147,SIN,HKG,2026-10-04,442.02,122,232
PA148,YYZ,PVG,2026-10-04,715.11,96,242
PA149,YVR,NRT,2026-10-04,140.55,92,211
PA151,HKG,PVG,2026-10-04,784.59,9,167
PA162,YYZ,LAX,2026-10-04,149.6,46,234
PA163,LAX,NRT,2026-10-04,568.28,134,221
PA166,HKG,YYZ,2026-10-04,233.29,137,254
PA175,NRT,LAX,2026-10-04,778.3,51,153
PA177,HKG,YYZ,2026-10-04,705.26,117,204
PA180,PVG,SIN,2026-10-04,396.11,97,223
PA191,YYZ,LAX,2026-10-04,393.46,112,170
PA201,NRT,LAX,2026-10-04,528.17,22,227
PA206,YVR,YYZ,2026-10-04,602.33,15,203
PA224,LAX,NRT,2026-10-04,211.44,149,218
PA225,YYZ,LHR,2026-10-04,710.52,133,247
PA233,YYZ,PVG,2026-10-04,225.0,112,216
PA235,PVG,HKG,2026-10-04,609.98,74,238
PA240,NRT,LAX,2026-10-04,354.96,133,200
PA253,LAX,NRT,2026-10-04,257.25,141,229
PA254,JFK,CDG,2026-10-04,117.1,79,187
PA273,JFK,YYZ,2026-10-04,368.12,93,209
PA278,NRT,SIN,2026-10-04,699.71,16,155
PA288,YYZ,YVR,2026-10-04,194.99,103,259
PA290,CDG,LHR,2026-10-04,248.16,62,233
PA291,YVR,HKG,2026-10-04,632.86,166,236
PA292,CDG,LHR,2026-10-04,626.41,67,221
PA296,YYZ,YVR,2026-10-04,627.96,99,160
PA104,LAX,YYZ,2026-10-05,453.75,121,209
PA115,SIN,PVG,2026-10-05,504.15,103,242
PA119,SIN,PVG,2026-10-05,213.86,63,243
PA125,YYZ,LAX,2026-10-05,380.82,173,230
PA126,YYZ,YVR,2026-10-05,739.2,11,204
PA132,CDG,JFK,2026-10-05,253.52,78,242
PA138,NRT,YVR,2026-10-05,576.2,97,152
PA142,LAX,HKG,2026-10-05,633.37,212,278
PA145,JFK,YYZ,2026-10-05,633.76,33,245
PA150,NRT,HKG,2026-10-05,159.96,100,170
PA162,YYZ,LAX,2026-10-05,149.6,17,234
PA163,LAX,NRT,2026-10-05,568.28,147,221
PA166,HKG,YYZ,2026-10-05,233.29,72,254
PA176,LAX,NRT,2026-10-05,384.49,139,192
PA178,YYZ,LAX,2026-10-05,365.28,82,192
PA188,YYZ,YVR,2026-10-05,572.65,96,167
PA189,LAX,NRT,2026-10-05,183.92,59,253
PA191,YYZ,LAX,2026-10-05,393.46,74,170
PA194,YVR,HKG,2026-10-05,285.93,87,211
PA196,YYZ,YVR,2026-10-05,420.8,21,152
PA197,NRT,HKG,2026-10-05,151.28,77,175
PA211,LAX,HKG,2026-10-05,618.86,100,191
PA213,YYZ,PVG,2026-10-05,761.54,134,169
PA216,PVG,HKG,2026-10-05,129.28,95,182
PA219,LHR,JFK,2026-10-05,718.89,195,293
PA221,LAX,NRT,2026-10-05,783.34,87,191
PA234,LAX,HKG,2026-10-05,175.88,126,159
PA244,YVR,YYZ,2026-10-05,189.1,100,291
PA249,SIN,HKG,2026-10-05,425.49,79,232
PA255,LAX,NRT,2026-10-05,527.89,54,271
PA260,YYZ,LHR,2026-10-05,253.19,159,258
PA282,NRT,LAX,2026-10-05,441.76,139,206
PA286,YYZ,HKG,2026-10-05,118.88,101,286
PA288,YYZ,YVR,2026-10-05,194.99,123,259
PA294,HKG,YYZ,2026-10-05,624.32,55,154
PA297,LAX,NRT,2026-10-05,687.46,66,201
PA115,SIN,PVG,2026-10-06,504.15,165,242
PA124,YVR,HKG,2026-10-06,260.33,47,164
PA128,HKG,PVG,2026-10-06,719.28,55,251
PA131,NRT,SIN,2026-10-06,728.48,101,259
PA154,HKG,SIN,2026-10-06,775.05,82,258
PA165,NRT,HKG,2026-10-06,430.87,33,297
PA180,PVG,SIN,2026-10-06,396.11,46,223
PA183,NRT,SIN,2026-10-06,142.67,93,288
PA189,LAX,NRT,2026-10-06,183.92,189,253
PA200,LHR,CDG,2026-10-06,210.42,123,222
PA212,NRT,YVR,2026-10-06,492.63,168,259
PA226,HKG,YYZ,2026-10-06,239.7,16,206
PA228,LAX,JFK,2026-10-06,116.57,63,207
PA242,YYZ,PVG,2026-10-06,454.99,93,226
PA245,PVG,YYZ,2026-10-06,574.12,167,247
PA246,JFK,LHR,2026-10-06,310.66,178,295
PA252,SIN,PVG,2026-10-06,165.37,49,235
PA254,JFK,CDG,2026-10-06,117.1,61,187
PA260,YYZ,LHR,2026-10-06,253.19,47,258
PA279,NRT,HKG,2026-10-06,433.89,167,247
PA291,YVR,HKG,2026-10-06,632.86,154,236
PA295,YYZ,LAX,2026-10-06,256.96,70,239
PA113,PVG,SIN,2026-10-07,187.38,70,287
PA121,YYZ,YVR,2026-10-07,473.9,140,193
PA130,LAX,NRT,2026-10-07,477.28,79,293
PA132,CDG,JFK,2026-10-07,253.52,164,242
PA136,CDG,LHR,2026-10-07,517.12,172,247
PA141,JFK,LAX,2026-10-07,102.27,190,266
PA161,SIN,PVG,2026-10-07,260.26,76,165
PA164,LAX,YYZ,2026-10-07,192.62,131,288
PA178,YYZ,LAX,2026-10-07,365.28,148,192
PA179,CDG,LHR,2026-10-07,748.56,138,217
PA186,HKG,SIN,2026-10-07,139.82,17,190
PA190,NRT,HKG,2026-10-07,505.24,66,213
PA195,YYZ,HKG,2026-10-07,420.06,133,226
PA208,LAX,HKG,2026-10-07,164.61,66,163
PA211,LAX,HKG,2026-10-07,618.86,111,191
PA218,LAX,YYZ,2026-10-07,566.85,48,213
PA221,LAX,NRT,2026-10-07,783.34,131,191
PA235,PVG,HKG,2026-10-07,609.98,190,238
PA244,YVR,YYZ,2026-10-07,189.1,227,291
PA247,NRT,YVR,2026-10-07,312.71,48,150
PA249,SIN,HKG,2026-10-07,425.49,140,232
PA253,LAX,NRT,2026-10-07,257.25,103,229
PA255,LAX,NRT,2026-10-07,527.89,192,271
PA263,PVG,SIN,2026-10-07,791.52,48,285
PA267,HKG,YYZ,2026-10-07,281.43,17,265
PA270,LAX,SIN,2026-10-07,154.24,196,262
PA277,PVG,YYZ,2026-10-07,733.39,146,249
PA297,LAX,NRT,2026-10-07,687.46,130,201
PA107,NRT,SIN,2026-10-08,666.6,121,221
PA117,YVR,YYZ,2026-10-08,698.72,103,170
PA119,SIN,PVG,2026-10-08,213.86,137,243
PA127,NRT,HKG,2026-10-08,248.84,73,230
PA129,PVG,SIN,2026-10-08,285.42,15,186
PA155,NRT,LAX,2026-10-08,599.06,76,201
PA165,NRT,HKG,2026-10-08,430.87,72,297
PA173,LAX,NRT,2026-10-08,410.19,92,169
PA180,PVG,SIN,2026-10-08,396.11,33,223
PA192,NRT,SIN,2026-10-08,465.95,227,294
PA195,YYZ,HKG,2026-10-08,420.06,30,226
PA197,NRT,HKG,2026-10-08,151.28,52,175
PA201,NRT,LAX,2026-10-08,528.17,137,227
PA216,PVG,HKG,2026-10-08,129.28,47,182
PA217,LHR,CDG,2026-10-08,729.25,65,160
PA237,HKG,NRT,2026-10-08,369.64,129,179
PA240,NRT,LAX,2026-10-08,354.96,59,200
PA270,LAX,SIN,2026-10-08,154.24,196,262
PA273,JFK,YYZ,2026-10-08,368.12,93,209
PA100,SIN,PVG,2026-10-09,117.51,134,178
PA103,PVG,HKG,2026-10-09,120.86,64,158
PA111,YYZ,LHR,2026-10-09,693.25,19,241
PA131,NRT,SIN,2026-10-09,728.48,88,259
PA134,YYZ,LAX,2026-10-09,206.99,110,178
PA139,YYZ,PVG,2026-10-09,625.61,82,287
PA150,NRT,HKG,2026-10-09,159.96,78,170
PA152,NRT,LAX,2026-10-09,189.87,21,182
PA160,LAX,JFK,2026-10-09,149.7,29,151
PA165,NRT,HKG,2026-10-09,430.87,86,297
PA168,PVG,YYZ,2026-10-09,704.69,212,269
PA179,CDG,LHR,2026-10-09,748.56,11,217
PA180,PVG,SIN,2026-10-09,396.11,18,223
PA182,YVR,YYZ,2026-10-09,778.1,67,205
PA183,NRT,SIN,2026-10-09,142.67,53,288
PA190,NRT,HKG,2026-10-09,505.24,47,213
PA203,NRT,YVR,2026-10-09,752.23,159,226
PA215,LHR,CDG,2026-10-09,486.77,231,299
PA217,LHR,CDG,2026-10-09,729.25,113,160
PA226,HKG,YYZ,2026-10-09,239.7,69,206
PA230,YYZ,YVR,2026-10-09,345.8,72,221
PA243,PVG,YYZ,2026-10-09,381.68,40,233
PA248,LAX,YYZ,2026-10-09,650.03,190,260
PA261,HKG,SIN,2026-10-09,135.15,120,268
PA264,SIN,HKG,2026-10-09,765.03,44,231
PA289,PVG,SIN,2026-10-09,135.2,143,196
PA105,YYZ,JFK,2026-10-10,239.19,114,293
PA115,SIN,PVG,2026-10-10,504.15,41,242
PA119,SIN,PVG,2026-10-10,213.86,40,243
PA127,NRT,HKG,2026-10-10,248.84,134,230
PA144,YVR,NRT,2026-10-10,526.28,68,279
PA146,NRT,LAX,2026-10-10,742.95,169,285
PA156,CDG,JFK,2026-10-10,406.67,64,245
PA157,HKG,SIN,2026-10-10,184.7,71,265
PA170,LHR,YYZ,2026-10-10,274.06,10,177
PA185,HKG,YYZ,2026-10-10,743.57,137,278
PA199,LHR,JFK,2026-10-10,715.49,133,167
PA203,NRT,YVR,2026-10-10,752.23,142,226
PA209,PVG,HKG,2026-10-10,130.86,21,220
PA222,JFK,LHR,2026-10-10,117.35,79,255
PA235,PVG,HKG,2026-10-10,609.98,115,238
PA239,PVG,HKG,2026-10-10,463.94,9,150
PA246,JFK,LHR,2026-10-10,310.66,169,295
PA252,SIN,PVG,2026-10-10,165.37,85,235
PA263,PVG,SIN,2026-10-10,791.52,40,285
PA271,YVR,YYZ,2026-10-10,290.2,109,210
PA274,JFK,YYZ,2026-10-10,144.96,159,204
PA275,PVG,YYZ,2026-10-10,479.83,162,234
PA278,NRT,SIN,2026-10-10,699.71,45,155
PA285,CDG,JFK,2026-10-10,688.35,22,192
PA294,HKG,YYZ,2026-10-10,624.32,17,154
PA298,SIN,NRT,2026-10-10,266.98,102,189
PA121,YYZ,YVR,2026-10-11,473.9,153,193
PA125,YYZ,LAX,2026-10-11,380.82,41,230
PA127,NRT,HKG,2026-10-11,248.84,162,230
PA143,HKG,NRT,2026-10-11,709.36,64,177
PA158,LAX,JFK,2026-10-11,336.66,17,166
PA161,SIN,PVG,2026-10-11,260.26,34,165
PA162,YYZ,LAX,2026-10-11,149.6,37,234
PA187,HKG,NRT,2026-10-11,695.94,79,170
PA194,YVR,HKG,2026-10-11,285.93,100,211
PA195,YYZ,HKG,2026-10-11,420.06,124,226
PA198,LAX,YYZ,2026-10-11,285.64,200,279
PA208,LAX,HKG,2026-10-11,164.61,47,163
PA210,LHR,YYZ,2026-10-11,545.98,91,183
PA215,LHR,CDG,2026-10-11,486.77,24,299
PA217,LHR,CDG,2026-10-11,729.25,85,160
PA218,LAX,YYZ,2026-10-11,566.85,42,213
PA220,PVG,YYZ,2026-10-11,748.03,96,189
PA223,LHR,YYZ,2026-10-11,661.56,58,255
PA224,LAX,NRT,2026-10-11,211.44,165,218
PA231,HKG,NRT,2026-10-11,575.66,107,252
PA237,HKG,NRT,2026-10-11,369.64,42,179
PA267,HKG,YYZ,2026-10-11,281.43,202,265
PA277,PVG,YYZ,2026-10-11,733.39,76,249
PA279,NRT,HKG,2026-10-11,433.89,125,247
PA284,CDG,LHR,2026-10-11,568.21,47,236
PA287,CDG,JFK,2026-10-11,564.1,192,294
PA290,CDG,LHR,2026-10-11,248.16,54,233
PA119,SIN,PVG,2026-10-12,213.86,13,243
PA121,YYZ,YVR,2026-10-12,473.9,43,193
PA123,LAX,SIN,2026-10-12,253.73,63,292
PA129,PVG,SIN,2026-10-12,285.42,36,186
PA130,LAX,NRT,2026-10-12,477.28,131,293
PA138,NRT,YVR,2026-10-12,576.2,58,152
PA147,SIN,HKG,2026-10-12,442.02,164,232
PA150,NRT,HKG,2026-10-12,159.96,73,170
PA154,HKG,SIN,2026-10-12,775.05,95,258
PA157,HKG,SIN,2026-10-12,184.7,135,265
PA167,YYZ,LHR,2026-10-12,348.01,131,260
PA169,YYZ,LAX,2026-10-12,142.43,48,175
PA180,PVG,SIN,2026-10-12,396.11,49,223
PA194,YVR,HKG,2026-10-12,285.93,51,211
PA196,YYZ,YVR,2026-10-12,420.8,43,152
PA204,YYZ,LHR,2026-10-12,285.13,102,184
PA208,LAX,HKG,2026-10-12,164.61,116,163
PA213,YYZ,PVG,2026-10-12,761.54,43,169
PA215,LHR,CDG,2026-10-12,486.77,152,299
PA223,LHR,YYZ,2026-10-12,661.56,163,255
PA224,LAX,NRT,2026-10-12,211.44,82,218
PA225,YYZ,LHR,2026-10-12,710.52,121,247
PA227,PVG,SIN,2026-10-12,313.63,175,239
PA228,LAX,JFK,2026-10-12,116.57,140,207
PA251,JFK,LAX,2026-10-12,298.65,84,171
PA260,YYZ,LHR,2026-10-12,253.19,150,258
PA262,LAX,NRT,2026-10-12,419.52,120,181
PA264,SIN,HKG,2026-10-12,765.03,34,231
PA273,JFK,YYZ,2026-10-12,368.12,12,209
PA279,NRT,HKG,2026-10-12,433.89,14,247
PA285,CDG,JFK,2026-10-12,688.35,97,192
PA286,YYZ,HKG,2026-10-12,118.88,85,286
PA293,PVG,YYZ,2026-10-12,684.44,14,214
PA295,YYZ,LAX,2026-10-12,256.96,57,239
PA136,CDG,LHR,2026-10-13,517.12,137,247
PA139,YYZ,PVG,2026-10-13,625.61,131,287
PA145,JFK,YYZ,2026-10-13,633.76,37,245
PA148,YYZ,PVG,2026-10-13,715.11,191,242
PA157,HKG,SIN,2026-10-13,184.7,167,265
PA175,NRT,LAX,2026-10-13,778.3,17,153
PA178,YYZ,LAX,2026-10-13,365.28,96,192
PA188,YYZ,YVR,2026-10-13,572.65,73,167
PA195,YYZ,HKG,2026-10-13,420.06,126,226
PA197,NRT,HKG,2026-10-13,151.28,116,175
PA199,LHR,JFK,2026-10-13,715.49,15,167
PA204,YYZ,LHR,2026-10-13,285.13,115,184
PA206,YVR,YYZ,2026-10-13,602.33,32,203
PA236,YVR,HKG,2026-10-13,524.35,123,261
PA244,YVR,YYZ,2026-10-13,189.1,137,291
PA269,HKG,SIN,2026-10-13,538.72,200,274
PA276,PVG,YYZ,2026-10-13,244.78,25,165
PA281,PVG,YYZ,2026-10-13,623.26,85,287
PA292,CDG,LHR,2026-10-13,626.41,139,221
PA296,YYZ,YVR,2026-10-13,627.96,63,160
PA107,NRT,SIN,2026-10-14,666.6,122,221
PA126,YYZ,YVR,2026-10-14,739.2,149,204
PA133,YYZ,HKG,2026-10-14,445.46,161,280
PA138,NRT,YVR,2026-10-14,576.2,28,152
PA139,YYZ,PVG,2026-10-14,625.61,143,287
PA142,LAX,HKG,2026-10-14,633.37,68,278
PA146,NRT,LAX,2026-10-14,742.95,160,285
PA173,LAX,NRT,2026-10-14,410.19,107,169
PA184,YVR,HKG,2026-10-14,135.1,96,164
PA193,LAX,HKG,2026-10-14,568.81,17,202
PA196,YYZ,YVR,2026-10-14,420.8,42,152
PA226,HKG,YYZ,2026-10-14,239.7,109,206
PA240,NRT,LAX,2026-10-14,354.96,17,200
PA243,PVG,YYZ,2026-10-14,381.68,19,233
PA247,NRT,YVR,2026-10-14,312.71,74,150
PA248,LAX,YYZ,2026-10-14,650.03,17,260
PA249,SIN,HKG,2026-10-14,425.49,52,232
PA250,PVG,NRT,2026-10-14,457.82,129,204
PA284,CDG,LHR,2026-10-14,568.21,82,236
PA295,YYZ,LAX,2026-10-14,256.96,122,239
PA299,HKG,YYZ,2026-10-14,494.78,39,179
PA106,NRT,LAX,2026-10-15,254.31,80,257
PA113,PVG,SIN,2026-10-15,187.38,199,287
PA126,YYZ,YVR,2026-10-15,739.2,129,204
PA130,LAX,NRT,2026-10-15,477.28,176,293
PA133,YYZ,HKG,2026-10-15,445.46,125,280
PA134,YYZ,LAX,2026-10-15,206.99,55,178
PA138,NRT,YVR,2026-10-15,576.2,29,152
PA139,YYZ,PVG,2026-10-15,625.61,212,287
PA143,HKG,NRT,2026-10-15,709.36,137,177
PA151,HKG,PVG,2026-10-15,784.59,32,167
PA160,LAX,JFK,2026-10-15,149.7,88,151
PA176,LAX,NRT,2026-10-15,384.49,147,192
PA186,HKG,SIN,2026-10-15,139.82,82,190
PA193,LAX,HKG,2026-10-15,568.81,41,202
PA204,YYZ,LHR,2026-10-15,285.13,100,184
PA205,YYZ,LHR,2026-10-15,208.81,74,291
PA208,LAX,HKG,2026-10-15,164.61,68,163
PA215,LHR,CDG,2026-10-15,486.77,132,299
PA219,LHR,JFK,2026-10-15,718.89,105,293
PA238,NRT,HKG,2026-10-15,278.31,154,198
PA250,PVG,NRT,2026-10-15,457.82,89,204
PA251,JFK,LAX,2026-10-15,298.65,47,171
PA262,LAX,NRT,2026-10-15,419.52,61,181
PA273,JFK,YYZ,2026-10-15,368.12,58,209
PA286,YYZ,HKG,2026-10-15,118.88,76,286
PA100,SIN,PVG,2026-10-16,117.51,60,178
PA108,YYZ,JFK,2026-10-16,588.7,136,190
PA122,LAX,NRT,2026-10-16,423.58,140,191
PA130,LAX,NRT,2026-10-16,477.28,161,293
PA137,PVG,SIN,2026-10-16,275.99,64,285
PA144,YVR,NRT,2026-10-16,526.28,24,279
PA148,YYZ,PVG,2026-10-16,715.11,20,242
PA156,CDG,JFK,2026-10-16,406.67,31,245
PA171,JFK,CDG,2026-10-16,414.03,157,287
PA172,PVG,HKG,2026-10-16,294.98,122,196
PA180,PVG,SIN,2026-10-16,396.11,168,223
PA187,HKG,NRT,2026-10-16,695.94,61,170
PA208,LAX,HKG,2026-10-16,164.61,76,163
PA209,PVG,HKG,2026-10-16,130.86,54,220
PA212,NRT,YVR,2026-10-16,492.63,157,259
PA213,YYZ,PVG,2026-10-16,761.54,56,169
PA219,LHR,JFK,2026-10-16,718.89,200,293
PA236,YVR,HKG,2026-10-16,524.35,165,261
PA244,YVR,YYZ,2026-10-16,189.1,59,291
PA261,HKG,SIN,2026-10-16,135.15,51,268
PA262,LAX,NRT,2026-10-16,419.52,132,181
PA263,PVG,SIN,2026-10-16,791.52,122,285
PA264,SIN,HKG,2026-10-16,765.03,174,231
PA269,HKG,SIN,2026-10-16,538.72,122,274
PA271,YVR,YYZ,2026-10-16,290.2,143,210
PA285,CDG,JFK,2026-10-16,688.35,142,192
PA291,YVR,HKG,2026-10-16,632.86,87,236
PA104,LAX,YYZ,2026-10-17,453.75,158,209
PA112,SIN,HKG,2026-10-17,664.99,37,217
PA125,YYZ,LAX,2026-10-17,380.82,86,230
PA127,NRT,HKG,2026-10-17,248.84,47,230
PA128,HKG,PVG,2026-10-17,719.28,181,251
PA149,YVR,NRT,2026-10-17,140.55,108,211
PA159,NRT,SIN,2026-10-17,261.08,151,291
PA162,YYZ,LAX,2026-10-17,149.6,87,234
PA163,LAX,NRT,2026-10-17,568.28,101,221
PA170,LHR,YYZ,2026-10-17,274.06,17,177
PA171,JFK,CDG,2026-10-17,414.03,81,287
PA172,PVG,HKG,2026-10-17,294.98,99,196
PA173,LAX,NRT,2026-10-17,410.19,104,169
PA203,NRT,YVR,2026-10-17,752.23,131,226
PA206,YVR,YYZ,2026-10-17,602.33,160,203
PA221,LAX,NRT,2026-10-17,783.34,46,191
PA228,LAX,JFK,2026-10-17,116.57,40,207
PA229,JFK,CDG,2026-10-17,329.78,176,252
PA235,PVG,HKG,2026-10-17,609.98,129,238
PA238,NRT,HKG,2026-10-17,278.31,84,198
PA244,YVR,YYZ,2026-10-17,189.1,71,291
PA245,PVG,YYZ,2026-10-17,574.12,86,247
PA255,LAX,NRT,2026-10-17,527.89,193,271
PA258,CDG,LHR,2026-10-17,379.76,128,276
PA259,JFK,YYZ,2026-10-17,724.86,32,151
PA266,NRT,YVR,2026-10-17,728.05,193,264
PA284,CDG,LHR,2026-10-17,568.21,83,236
PA292,CDG,LHR,2026-10-17,626.41,107,221
PA295,YYZ,LAX,2026-10-17,256.96,14,239
PA115,SIN,PVG,2026-10-18,504.15,125,242
PA118,YYZ,LHR,2026-10-18,294.58,143,247
PA132,CDG,JFK,2026-10-18,253.52,42,242
PA138,NRT,YVR,2026-10-18,576.2,118,152
PA142,LAX,HKG,2026-10-18,633.37,181,278
PA155,NRT,LAX,2026-10-18,599.06,26,201
PA163,LAX,NRT,2026-10-18,568.28,132,221
PA169,YYZ,LAX,2026-10-18,142.43,113,175
PA177,HKG,YYZ,2026-10-18,705.26,64,204
PA204,YYZ,LHR,2026-10-18,285.13,47,184
PA209,PVG,HKG,2026-10-18,130.86,120,220
PA212,NRT,YVR,2026-10-18,492.63,95,259
PA220,PVG,YYZ,2026-10-18,748.03,47,189
PA229,JFK,CDG,2026-10-18,329.78,121,252
PA234,LAX,HKG,2026-10-18,175.88,27,159
PA255,LAX,NRT,2026-10-18,527.89,46,271
PA262,LAX,NRT,2026-10-18,419.52,31,181
PA267,HKG,YYZ,2026-10-18,281.43,140,265
PA279,NRT,HKG,2026-10-18,433.89,87,247
PA282,NRT,LAX,2026-10-18,441.76,87,206
PA292,CDG,LHR,2026-10-18,626.41,163,221
PA294,HKG,YYZ,2026-10-18,624.32,49,154
PA103,PVG,HKG,2026-10-19,120.86,26,158
PA111,YYZ,LHR,2026-10-19,693.25,188,241
PA113,PVG,SIN,2026-10-19,187.38,188,287
PA132,CDG,JFK,2026-10-19,253.52,79,242
PA143,HKG,NRT,2026-10-19,709.36,16,177
PA144,YVR,NRT,2026-10-19,526.28,90,279
PA145,JFK,YYZ,2026-10-19,633.76,13,245
PA152,NRT,LAX,2026-10-19,189.87,83,182
PA154,HKG,SIN,2026-10-19,775.05,100,258
PA160,LAX,JFK,2026-10-19,149.7,100,151
PA191,YYZ,LAX,2026-10-19,393.46,68,170
PA192,NRT,SIN,2026-10-19,465.95,215,294
PA200,LHR,CDG,2026-10-19,210.42,68,222
PA203,NRT,YVR,2026-10-19,752.23,29,226
PA217,LHR,CDG,2026-10-19,729.25,93,160
PA221,LAX,NRT,2026-10-19,783.34,60,191
PA222,JFK,LHR,2026-10-19,117.35,184,255
PA248,LAX,YYZ,2026-10-19,650.03,61,260
PA260,YYZ,LHR,2026-10-19,253.19,23,258
PA262,LAX,NRT,2026-10-19,419.52,64,181
PA272,YVR,HKG,2026-10-19,156.4,153,288
PA276,PVG,YYZ,2026-10-19,244.78,118,165
PA277,PVG,YYZ,2026-10-19,733.39,50,249
PA288,YYZ,YVR,2026-10-19,194.99,94,259
PA293,PVG,YYZ,2026-10-19,684.44,125,214
PA295,YYZ,LAX,2026-10-19,256.96,129,239
PA100,SIN,PVG,2026-10-20,117.51,54,178
PA101,LAX,SIN,2026-10-20,256.25,48,212
PA107,NRT,SIN,2026-10-20,666.6,94,221
PA108,YYZ,JFK,2026-10-20,588.7,71,190
PA111,YYZ,LHR,2026-10-20,693.25,168,241
PA114,CDG,LHR,2026-10-20,486.43,61,170
PA121,YYZ,YVR,2026-10-20,473.9,55,193
PA126,YYZ,YVR,2026-10-20,739.2,107,204
PA131,NRT,SIN,2026-10-20,728.48,171,259
PA132,CDG,JFK,2026-10-20,253.52,149,242
PA135,JFK,LAX,2026-10-20,517.49,151,258
PA141,JFK,LAX,2026-10-20,102.27,183,266
PA144,YVR,NRT,2026-10-20,526.28,38,279
PA148,YYZ,PVG,2026-10-20,715.11,139,242
PA184,YVR,HKG,2026-10-20,135.1,120,164
PA187,HKG,NRT,2026-10-20,695.94,99,170
PA202,HKG,SIN,2026-10-20,567.5,76,152
PA203,NRT,YVR,2026-10-20,752.23,160,226
PA216,PVG,HKG,2026-10-20,129.28,71,182
PA225,YYZ,LHR,2026-10-20,710.52,181,247
PA228,LAX,JFK,2026-10-20,116.57,40,207
PA233,YYZ,PVG,2026-10-20,225.0,20,216
PA236,YVR,HKG,2026-10-20,524.35,30,261
PA245,PVG,YYZ,2026-10-20,574.12,192,247
PA249,SIN,HKG,2026-10-20,425.49,48,232
PA255,LAX,NRT,2026-10-20,527.89,70,271
PA267,HKG,YYZ,2026-10-20,281.43,175,265
PA290,CDG,LHR,2026-10-20,248.16,85,233
PA291,YVR,HKG,2026-10-20,632.86,49,236
PA100,SIN,PVG,2026-10-21,117.51,34,178
PA101,LAX,SIN,2026-10-21,256.25,163,212
PA115,SIN,PVG,2026-10-21,504.15,157,242
PA117,YVR,YYZ,2026-10-21,698.72,110,170
PA124,YVR,HKG,2026-10-21,260.33,115,164
PA142,LAX,HKG,2026-10-21,633.37,30,278
PA144,YVR,NRT,2026-10-21,526.28,171,279
PA158,LAX,JFK,2026-10-21,336.66,105,166
PA162,YYZ,LAX,2026-10-21,149.6,67,234
PA164,LAX,YYZ,2026-10-21,192.62,126,288
PA172,PVG,HKG,2026-10-21,294.98,137,196
PA174,NRT,YVR,2026-10-21,135.41,71,175
PA201,NRT,LAX,2026-10-21,528.17,87,227
PA203,NRT,YVR,2026-10-21,752.23,128,226
PA213,YYZ,PVG,2026-10-21,761.54,104,169
PA217,LHR,CDG,2026-10-21,729.25,80,160
PA218,LAX,YYZ,2026-10-21,566.85,39,213
PA226,HKG,YYZ,2026-10-21,239.7,97,206
PA235,PVG,HKG,2026-10-21,609.98,130,238
PA237,HKG,NRT,2026-10-21,369.64,137,179
PA239,PVG,HKG,2026-10-21,463.94,112,150
PA241,YYZ,YVR,2026-10-21,536.21,78,234
PA242,YYZ,PVG,2026-10-21,454.99,167,226
PA247,NRT,YVR,2026-10-21,312.71,34,150
PA254,JFK,CDG,2026-10-21,117.1,40,187
PA255,LAX,NRT,2026-10-21,527.89,42,271
PA258,CDG,LHR,2026-10-21,379.76,145,276
PA264,SIN,HKG,2026-10-21,765.03,95,231
PA275,PVG,YYZ,2026-10-21,479.83,39,234
PA289,PVG,SIN,2026-10-21,135.2,122,196
PA292,CDG,LHR,2026-10-21,626.41,113,221
PA297,LAX,NRT,2026-10-21,687.46,92,201
PA128,HKG,PVG,2026-10-22,719.28,128,251
PA132,CDG,JFK,2026-10-22,253.52,117,242
PA143,HKG,NRT,2026-10-22,709.36,50,177
PA146,NRT,LAX,2026-10-22,742.95,39,285
PA159,NRT,SIN,2026-10-22,261.08,87,291
PA167,YYZ,LHR,2026-10-22,348.01,18,260
PA203,NRT,YVR,2026-10-22,752.23,120,226
PA216,PVG,HKG,2026-10-22,129.28,78,182
PA220,PVG,YYZ,2026-10-22,748.03,77,189
PA222,JFK,LHR,2026-10-22,117.35,114,255
PA231,HKG,NRT,2026-10-22,575.66,157,252
PA234,LAX,HKG,2026-10-22,175.88,89,159
PA238,NRT,HKG,2026-10-22,278.31,32,198
PA239,PVG,HKG,2026-10-22,463.94,62,150
PA243,PVG,YYZ,2026-10-22,381.68,85,233
PA244,YVR,YYZ,2026-10-22,189.1,157,291
PA261,HKG,SIN,2026-10-22,135.15,105,268
PA264,SIN,HKG,2026-10-22,765.03,18,231
PA269,HKG,SIN,2026-10-22,538.72,202,274
PA270,LAX,SIN,2026-10-22,154.24,145,262
PA274,JFK,YYZ,2026-10-22,144.96,68,204
PA286,YYZ,HKG,2026-10-22,118.88,69,286
PA289,PVG,SIN,2026-10-22,135.2,91,196
PA106,NRT,LAX,2026-10-23,254.31,90,257
PA110,LHR,YYZ,2026-10-23,164.92,101,176
PA121,YYZ,YVR,2026-10-23,473.9,67,193
PA123,LAX,SIN,2026-10-23,253.73,32,292
PA124,YVR,HKG,2026-10-23,260.33,122,164
PA128,HKG,PVG,2026-10-23,719.28,96,251
PA131,NRT,SIN,2026-10-23,728.48,49,259
PA163,LAX,NRT,2026-10-23,568.28,25,221
PA172,PVG,HKG,2026-10-23,294.98,16,196
PA179,CDG,LHR,2026-10-23,748.56,62,217
PA184,YVR,HKG,2026-10-23,135.1,99,164
PA194,YVR,HKG,2026-10-23,285.93,123,211
PA201,NRT,LAX,2026-10-23,528.17,12,227
PA202,HKG,SIN,2026-10-23,567.5,104,152
PA220,PVG,YYZ,2026-10-23,748.03,61,189
PA224,LAX,NRT,2026-10-23,211.44,126,218
PA232,NRT,LAX,2026-10-23,757.47,32,234
PA243,PVG,YYZ,2026-10-23,381.68,175,233
PA247,NRT,YVR,2026-10-23,312.71,73,150
PA257,SIN,PVG,2026-10-23,236.1,76,297
PA266,NRT,YVR,2026-10-23,728.05,128,264
PA271,YVR,YYZ,2026-10-23,290.2,159,210
PA294,HKG,YYZ,2026-10-23,624.32,68,154
PA103,PVG,HKG,2026-10-24,120.86,17,158
PA117,YVR,YYZ,2026-10-24,698.72,132,170
PA124,YVR,HKG,2026-10-24,260.33,130,164
PA127,NRT,HKG,2026-10-24,248.84,171,230
PA133,YYZ,HKG,2026-10-24,445.46,197,280
PA144,YVR,NRT,2026-10-24,526.28,56,279
PA145,JFK,YYZ,2026-10-24,633.76,169,245
PA147,SIN,HKG,2026-10-24,442.02,178,232
PA154,HKG,SIN,2026-10-24,775.05,92,258
PA157,HKG,SIN,2026-10-24,184.7,156,265
PA158,LAX,JFK,2026-10-24,336.66,114,166
PA162,YYZ,LAX,2026-10-24,149.6,53,234
PA172,PVG,HKG,2026-10-24,294.98,35,196
PA173,LAX,NRT,2026-10-24,410.19,114,169
PA174,NRT,YVR,2026-10-24,135.41,15,175
PA176,LAX,NRT,2026-10-24,384.49,89,192
PA179,CDG,LHR,2026-10-24,748.56,152,217
PA185,HKG,YYZ,2026-10-24,743.57,190,278
PA190,NRT,HKG,2026-10-24,505.24,47,213
PA193,LAX,HKG,2026-10-24,568.81,101,202
PA201,NRT,LAX,2026-10-24,528.17,142,227
PA205,YYZ,LHR,2026-10-24,208.81,110,291
PA206,YVR,YYZ,2026-10-24,602.33,21,203
PA212,NRT,YVR,2026-10-24,492.63,195,259
PA216,PVG,HKG,2026-10-24,129.28,140,182
PA223,LHR,YYZ,2026-10-24,661.56,195,255
PA245,PVG,YYZ,2026-10-24,574.12,68,247
PA250,PVG,NRT,2026-10-24,457.82,88,204
PA258,CDG,LHR,2026-10-24,379.76,171,276
PA263,PVG,SIN,2026-10-24,791.52,65,285
PA265,PVG,NRT,2026-10-24,398.72,30,279
PA271,YVR,YYZ,2026-10-24,290.2,73,210
PA276,PVG,YYZ,2026-10-24,244.78,78,165
PA277,PVG,YYZ,2026-10-24,733.39,121,249
PA285,CDG,JFK,2026-10-24,688.35,14,192
PA290,CDG,LHR,2026-10-24,248.16,96,233
PA298,SIN,NRT,2026-10-24,266.98,135,189
PA103,PVG,HKG,2026-10-25,120.86,126,158
PA106,NRT,LAX,2026-10-25,254.31,23,257
PA117,YVR,YYZ,2026-10-25,698.72,86,170
PA118,YYZ,LHR,2026-10-25,294.58,44,247
PA130,LAX,NRT,2026-10-25,477.28,134,293
PA131,NRT,SIN,2026-10-25,728.48,161,259
PA145,JFK,YYZ,2026-10-25,633.76,128,245
PA157,HKG,SIN,2026-10-25,184.7,157,265
PA168,PVG,YYZ,2026-10-25,704.69,209,269
PA173,LAX,NRT,2026-10-25,410.19,116,169
PA180,PVG,SIN,2026-10-25,396.11,89,223
PA181,NRT,YVR,2026-10-25,208.36,182,274
PA185,HKG,YYZ,2026-10-25,743.57,110,278
PA191,YYZ,LAX,2026-10-25,393.46,26,170
PA193,LAX,HKG,2026-10-25,568.81,137,202
PA201,NRT,LAX,2026-10-25,528.17,72,227
PA210,LHR,YYZ,2026-10-25,545.98,15,183
PA214,JFK,YYZ,2026-10-25,125.22,187,289
PA222,JFK,LHR,2026-10-25,117.35,118,255
PA224,LAX,NRT,2026-10-25,211.44,38,218
PA227,PVG,SIN,2026-10-25,313.63,171,239
PA236,YVR,HKG,2026-10-25,524.35,119,261
PA243,PVG,YYZ,2026-10-25,381.68,126,233
PA245,PVG,YYZ,2026-10-25,574.12,124,247
PA247,NRT,YVR,2026-10-25,312.71,78,150
PA249,SIN,HKG,2026-10-25,425.49,167,232
PA252,SIN,PVG,2026-10-25,165.37,71,235
PA255,LAX,NRT,2026-10-25,527.89,114,271
PA266,NRT,YVR,2026-10-25,728.05,152,264
PA283,LAX,SIN,2026-10-25,439.95,153,261
PA293,PVG,YYZ,2026-10-25,684.44,45,214
PA105,YYZ,JFK,2026-10-26,239.19,62,293
PA110,LHR,YYZ,2026-10-26,164.92,59,176
PA111,YYZ,LHR,2026-10-26,693.25,120,241
PA112,SIN,HKG,2026-10-26,664.99,128,217
PA122,LAX,NRT,2026-10-26,423.58,137,191
PA124,YVR,HKG,2026-10-26,260.33,96,164
PA130,LAX,NRT,2026-10-26,477.28,50,293
PA134,YYZ,LAX,2026-10-26,206.99,15,178
PA136,CDG,LHR,2026-10-26,517.12,62,247
PA143,HKG,NRT,2026-10-26,709.36,88,177
PA161,SIN,PVG,2026-10-26,260.26,69,165
PA167,YYZ,LHR,2026-10-26,348.01,134,260
PA195,YYZ,HKG,2026-10-26,420.06,41,226
PA198,LAX,YYZ,2026-10-26,285.64,189,279
PA207,LAX,YYZ,2026-10-26,453.79,50,217
PA218,LAX,YYZ,2026-10-26,566.85,144,213
PA229,JFK,CDG,2026-10-26,329.78,164,252
PA231,HKG,NRT,2026-10-26,575.66,67,252
PA241,YYZ,YVR,2026-10-26,536.21,143,234
PA258,CDG,LHR,2026-10-26,379.76,81,276
PA261,HKG,SIN,2026-10-26,135.15,33,268
PA267,HKG,YYZ,2026-10-26,281.43,166,265
PA270,LAX,SIN,2026-10-26,154.24,108,262
PA272,YVR,HKG,2026-10-26,156.4,208,288
PA280,LHR,JFK,2026-10-26,627.43,114,226
PA287,CDG,JFK,2026-10-26,564.1,221,294
PA100,SIN,PVG,2026-10-27,117.51,54,178
PA130,LAX,NRT,2026-10-27,477.28,190,293
PA131,NRT,SIN,2026-10-27,728.48,39,259
PA142,LAX,HKG,2026-10-27,633.37,87,278
PA148,YYZ,PVG,2026-10-27,715.11,145,242
PA149,YVR,NRT,2026-10-27,140.55,68,211
PA168,PVG,YYZ,2026-10-27,704.69,17,269
PA173,LAX,NRT,2026-10-27,410.19,9,169
PA181,NRT,YVR,2026-10-27,208.36,217,274
PA184,YVR,HKG,2026-10-27,135.1,83,164
PA187,HKG,NRT,2026-10-27,695.94,58,170
PA192,NRT,SIN,2026-10-27,465.95,45,294
PA194,YVR,HKG,2026-10-27,285.93,59,211
PA200,LHR,CDG,2026-10-27,210.42,122,222
PA213,YYZ,PVG,2026-10-27,761.54,59,169
PA228,LAX,JFK,2026-10-27,116.57,156,207
PA235,PVG,HKG,2026-10-27,609.98,82,238
PA243,PVG,YYZ,2026-10-27,381.68,69,233
PA245,PVG,YYZ,2026-10-27,574.12,104,247
PA246,JFK,LHR,2026-10-27,310.66,91,295
PA257,SIN,PVG,2026-10-27,236.1,77,297
PA264,SIN,HKG,2026-10-27,765.03,132,231
PA268,LAX,NRT,2026-10-27,636.07,131,220
PA276,PVG,YYZ,2026-10-27,244.78,100,165
PA277,PVG,YYZ,2026-10-27,733.39,101,249
PA282,NRT,LAX,2026-10-27,441.76,100,206
PA283,LAX,SIN,2026-10-27,439.95,187,261
PA284,CDG,LHR,2026-10-27,568.21,17,236
PA289,PVG,SIN,2026-10-27,135.2,21,196
PA293,PVG,YYZ,2026-10-27,684.44,155,214
PA111,YYZ,LHR,2026-10-28,693.25,93,241
PA134,YYZ,LAX,2026-10-28,206.99,73,178
PA137,PVG,SIN,2026-10-28,275.99,208,285
PA139,YYZ,PVG,2026-10-28,625.61,152,287
PA154,HKG,SIN,2026-10-28,775.05,165,258
PA162,YYZ,LAX,2026-10-28,149.6,65,234
PA163,LAX,NRT,2026-10-28,568.28,100,221
PA168,PVG,YYZ,2026-10-28,704.69,30,269
PA170,LHR,YYZ,2026-10-28,274.06,116,177
PA172,PVG,HKG,2026-10-28,294.98,122,196
PA175,NRT,LAX,2026-10-28,778.3,36,153
PA179,CDG,LHR,2026-10-28,748.56,67,217
PA185,HKG,YYZ,2026-10-28,743.57,130,278
PA187,HKG,NRT,2026-10-28,695.94,31,170
PA188,YYZ,YVR,2026-10-28,572.65,121,167
PA192,NRT,SIN,2026-10-28,465.95,226,294
PA193,LAX,HKG,2026-10-28,568.81,38,202
PA204,YYZ,LHR,2026-10-28,285.13,12,184
PA209,PVG,HKG,2026-10-28,130.86,40,220
PA212,NRT,YVR,2026-10-28,492.63,48,259
PA216,PVG,HKG,2026-10-28,129.28,90,182
PA220,PVG,YYZ,2026-10-28,748.03,28,189
PA223,LHR,YYZ,2026-10-28,661.56,123,255
PA237,HKG,NRT,2026-10-28,369.64,26,179
PA240,NRT,LAX,2026-10-28,354.96,160,200
PA243,PVG,YYZ,2026-10-28,381.68,113,233
PA247,NRT,YVR,2026-10-28,312.71,68,150
PA256,YYZ,YVR,2026-10-28,390.11,71,266
PA269,HKG,SIN,2026-10-28,538.72,77,274
PA272,YVR,HKG,2026-10-28,156.4,43,288
PA285,CDG,JFK,2026-10-28,688.35,75,192
PA288,YYZ,YVR,2026-10-28,194.99,46,259
PA289,PVG,SIN,2026-10-28,135.2,54,196
PA290,CDG,LHR,2026-10-28,248.16,59,233
PA121,YYZ,YVR,2026-10-29,473.9,115,193
PA125,YYZ,LAX,2026-10-29,380.82,74,230
PA127,NRT,HKG,2026-10-29,248.84,22,230
PA130,LAX,NRT,2026-10-29,477.28,137,293
PA131,NRT,SIN,2026-10-29,728.48,70,259
PA137,PVG,SIN,2026-10-29,275.99,171,285
PA141,JFK,LAX,2026-10-29,102.27,147,266
PA143,HKG,NRT,2026-10-29,709.36,18,177
PA149,YVR,NRT,2026-10-29,140.55,86,211
PA150,NRT,HKG,2026-10-29,159.96,104,170
PA154,HKG,SIN,2026-10-29,775.05,119,258
PA155,NRT,LAX,2026-10-29,599.06,140,201
PA156,CDG,JFK,2026-10-29,406.67,147,245
PA157,HKG,SIN,2026-10-29,184.7,64,265
PA183,NRT,SIN,2026-10-29,142.67,99,288
PA185,HKG,YYZ,2026-10-29,743.57,115,278
PA195,YYZ,HKG,2026-10-29,420.06,93,226
PA205,YYZ,LHR,2026-10-29,208.81,51,291
PA214,JFK,YYZ,2026-10-29,125.22,86,289
PA243,PVG,YYZ,2026-10-29,381.68,115,233
PA246,JFK,LHR,2026-10-29,310.66,228,295
PA252,SIN,PVG,2026-10-29,165.37,187,235
PA253,LAX,NRT,2026-10-29,257.25,182,229
PA255,LAX,NRT,2026-10-29,527.89,154,271
PA259,JFK,YYZ,2026-10-29,724.86,63,151
PA271,YVR,YYZ,2026-10-29,290.2,137,210
PA278,NRT,SIN,2026-10-29,699.71,63,155
PA288,YYZ,YVR,2026-10-29,194.99,59,259
PA299,HKG,YYZ,2026-10-29,494.78,19,179
PA105,YYZ,JFK,2026-10-30,239.19,186,293
PA119,SIN,PVG,2026-10-30,213.86,171,243
PA123,LAX,SIN,2026-10-30,253.73,28,292
PA138,NRT,YVR,2026-10-30,576.2,105,152
PA161,SIN,PVG,2026-10-30,260.26,102,165
PA181,NRT,YVR,2026-10-30,208.36,196,274
PA187,HKG,NRT,2026-10-30,695.94,92,170
PA195,YYZ,HKG,2026-10-30,420.06,106,226
PA224,LAX,NRT,2026-10-30,211.44,116,218
PA241,YYZ,YVR,2026-10-30,536.21,163,234
PA248,LAX,YYZ,2026-10-30,650.03,121,260
PA256,YYZ,YVR,2026-10-30,390.11,191,266
PA258,CDG,LHR,2026-10-30,379.76,186,276
PA263,PVG,SIN,2026-10-30,791.52,16,285
PA264,SIN,HKG,2026-10-30,765.03,56,231
PA269,HKG,SIN,2026-10-30,538.72,115,274
PA278,NRT,SIN,2026-10-30,699.71,48,155
PA282,NRT,LAX,2026-10-30,441.76,119,206
PA286,YYZ,HKG,2026-10-30,118.88,56,286
PA291,YVR,HKG,2026-10-30,632.86,158,236
PA110,LHR,YYZ,2026-10-31,164.92,16,176
PA115,SIN,PVG,2026-10-31,504.15,58,242
PA116,YYZ,YVR,2026-10-31,562.88,34,161
PA139,YYZ,PVG,2026-10-31,625.61,40,287
PA143,HKG,NRT,2026-10-31,709.36,104,177
PA147,SIN,HKG,2026-10-31,442.02,103,232
PA151,HKG,PVG,2026-10-31,784.59,40,167
PA160,LAX,JFK,2026-10-31,149.7,72,151
PA182,YVR,YYZ,2026-10-31,778.1,161,205
PA185,HKG,YYZ,2026-10-31,743.57,193,278
PA188,YYZ,YVR,2026-10-31,572.65,119,167
PA195,YYZ,HKG,2026-10-31,420.06,94,226
PA196,YYZ,YVR,2026-10-31,420.8,10,152
PA204,YYZ,LHR,2026-10-31,285.13,43,184
PA226,HKG,YYZ,2026-10-31,239.7,132,206
PA240,NRT,LAX,2026-10-31,354.96,149,200
PA242,YYZ,PVG,2026-10-31,454.99,81,226
PA248,LAX,YYZ,2026-10-31,650.03,83,260
PA259,JFK,YYZ,2026-10-31,724.86,103,151
PA264,SIN,HKG,2026-10-31,765.03,91,231
PA265,PVG,NRT,2026-10-31,398.72,33,279
PA278,NRT,SIN,2026-10-31,699.71,10,155
PA280,LHR,JFK,2026-10-31,627.43,138,226
PA285,CDG,JFK,2026-10-31,688.35,111,192
PA287,CDG,JFK,2026-10-31,564.1,99,294
PA299,HKG,YYZ,2026-10-31,494.78,80,179
PA109,LHR,YYZ,2026-11-01,208.84,78,221
PA119,SIN,PVG,2026-11-01,213.86,117,243
PA175,NRT,LAX,2026-11-01,778.3,80,153
PA189,LAX,NRT,2026-11-01,183.92,160,253
PA204,YYZ,LHR,2026-11-01,285.13,70,184
PA208,LAX,HKG,2026-11-01,164.61,45,163
PA217,LHR,CDG,2026-11-01,729.25,49,160
PA222,JFK,LHR,2026-11-01,117.35,106,255
PA239,PVG,HKG,2026-11-01,463.94,61,150
PA244,YVR,YYZ,2026-11-01,189.1,200,291
PA254,JFK,CDG,2026-11-01,117.1,148,187
PA255,LAX,NRT,2026-11-01,527.89,17,271
PA269,HKG,SIN,2026-11-01,538.72,201,274
PA278,NRT,SIN,2026-11-01,699.71,46,155
PA279,NRT,HKG,2026-11-01,433.89,123,247
PA280,LHR,JFK,2026-11-01,627.43,102,226
PA281,PVG,YYZ,2026-11-01,623.26,162,287
PA285,CDG,JFK,2026-11-01,688.35,122,192
PA286,YYZ,HKG,2026-11-01,118.88,24,286
PA287,CDG,JFK,2026-11-01,564.1,73,294
PA288,YYZ,YVR,2026-11-01,194.99,70,259
PA105,YYZ,JFK,2026-11-02,239.19,110,293
PA107,NRT,SIN,2026-11-02,666.6,107,221
PA124,YVR,HKG,2026-11-02,260.33,16,164
PA134,YYZ,LAX,2026-11-02,206.99,47,178
PA137,PVG,SIN,2026-11-02,275.99,192,285
PA148,YYZ,PVG,2026-11-02,715.11,190,242
PA156,CDG,JFK,2026-11-02,406.67,84,245
PA159,NRT,SIN,2026-11-02,261.08,175,291
PA172,PVG,HKG,2026-11-02,294.98,146,196
PA173,LAX,NRT,2026-11-02,410.19,76,169
PA181,NRT,YVR,2026-11-02,208.36,72,274
PA185,HKG,YYZ,2026-11-02,743.57,197,278
PA190,NRT,HKG,2026-11-02,505.24,112,213
PA191,YYZ,LAX,2026-11-02,393.46,35,170
PA197,NRT,HKG,2026-11-02,151.28,83,175
PA198,LAX,YYZ,2026-11-02,285.64,158,279
PA199,LHR,JFK,2026-11-02,715.49,34,167
PA200,LHR,CDG,2026-11-02,210.42,89,222
PA207,LAX,YYZ,2026-11-02,453.79,164,217
PA214,JFK,YYZ,2026-11-02,125.22,52,289
PA221,LAX,NRT,2026-11-02,783.34,150,191
PA222,JFK,LHR,2026-11-02,117.35,64,255
PA226,HKG,YYZ,2026-11-02,239.7,85,206
PA229,JFK,CDG,2026-11-02,329.78,168,252
PA230,YYZ,YVR,2026-11-02,345.8,166,221
PA237,HKG,NRT,2026-11-02,369.64,140,179
PA241,YYZ,YVR,2026-11-02,536.21,72,234
PA249,SIN,HKG,2026-11-02,425.49,94,232
PA251,JFK,LAX,2026-11-02,298.65,32,171
PA259,JFK,YYZ,2026-11-02,724.86,111,151
PA260,YYZ,LHR,2026-11-02,253.19,115,258
PA261,HKG,SIN,2026-11-02,135.15,124,268
PA268,LAX,NRT,2026-11-02,636.07,18,220
PA276,PVG,YYZ,2026-11-02,244.78,29,165
PA286,YYZ,HKG,2026-11-02,118.88,115,286
PA290,CDG,LHR,2026-11-02,248.16,103,233
PA122,LAX,NRT,2026-11-03,423.58,108,191
PA140,LHR,YYZ,2026-11-03,305.45,101,178
PA142,LAX,HKG,2026-11-03,633.37,51,278
PA171,JFK,CDG,2026-11-03,414.03,157,287
PA173,LAX,NRT,2026-11-03,410.19,34,169
PA175,NRT,LAX,2026-11-03,778.3,20,153
PA179,CDG,LHR,2026-11-03,748.56,103,217
PA184,YVR,HKG,2026-11-03,135.1,92,164
PA190,NRT,HKG,2026-11-03,505.24,16,213
PA223,LHR,YYZ,2026-11-03,661.56,56,255
PA228,LAX,JFK,2026-11-03,116.57,131,207
PA229,JFK,CDG,2026-11-03,329.78,135,252
PA233,YYZ,PVG,2026-11-03,225.0,91,216
PA235,PVG,HKG,2026-11-03,609.98,86,238
PA240,NRT,LAX,2026-11-03,354.96,116,200
PA250,PVG,NRT,2026-11-03,457.82,12,204
PA253,LAX,NRT,2026-11-03,257.25,73,229
PA260,YYZ,LHR,2026-11-03,253.19,166,258
PA261,HKG,SIN,2026-11-03,135.15,84,268
PA263,PVG,SIN,2026-11-03,791.52,52,285
PA265,PVG,NRT,2026-11-03,398.72,182,279
PA269,HKG,SIN,2026-11-03,538.72,60,274
PA276,PVG,YYZ,2026-11-03,244.78,24,165
PA277,PVG,YYZ,2026-11-03,733.39,53,249
PA281,PVG,YYZ,2026-11-03,623.26,111,287
PA282,NRT,LAX,2026-11-03,441.76,146,206
PA292,CDG,LHR,2026-11-03,626.41,169,221
PA101,LAX,SIN,2026-11-04,256.25,124,212
PA102,YYZ,LHR,2026-11-04,160.86,229,289
PA103,PVG,HKG,2026-11-04,120.86,42,158
PA110,LHR,YYZ,2026-11-04,164.92,11,176
PA115,SIN,PVG,2026-11-04,504.15,83,242
PA128,HKG,PVG,2026-11-04,719.28,15,251
PA135,JFK,LAX,2026-11-04,517.49,38,258
PA141,JFK,LAX,2026-11-04,102.27,157,266
PA147,SIN,HKG,2026-11-04,442.02,103,232
PA162,YYZ,LAX,2026-11-04,149.6,37,234
PA166,HKG,YYZ,2026-11-04,233.29,130,254
PA174,NRT,YVR,2026-11-04,135.41,89,175
PA181,NRT,YVR,2026-11-04,208.36,105,274
PA191,YYZ,LAX,2026-11-04,393.46,92,170
PA192,NRT,SIN,2026-11-04,465.95,25,294
PA197,NRT,HKG,2026-11-04,151.28,40,175
PA200,LHR,CDG,2026-11-04,210.42,25,222
PA208,LAX,HKG,2026-11-04,164.61,122,163
PA212,NRT,YVR,2026-11-04,492.63,65,259
PA217,LHR,CDG,2026-11-04,729.25,86,160
PA222,JFK,LHR,2026-11-04,117.35,182,255
PA229,JFK,CDG,2026-11-04,329.78,150,252
PA241,YYZ,YVR,2026-11-04,536.21,43,234
PA247,NRT,YVR,2026-11-04,312.71,72,150
PA252,SIN,PVG,2026-11-04,165.37,84,235
PA254,JFK,CDG,2026-11-04,117.1,42,187
PA263,PVG,SIN,2026-11-04,791.52,215,285
PA268,LAX,NRT,2026-11-04,636.07,169,220
PA277,PVG,YYZ,2026-11-04,733.39,154,249
PA104,LAX,YYZ,2026-11-05,453.75,94,209
PA115,SIN,PVG,2026-11-05,504.15,121,242
PA124,YVR,HKG,2026-11-05,260.33,129,164
PA134,YYZ,LAX,2026-11-05,206.99,106,178
PA135,JFK,LAX,2026-11-05,517.49,188,258
PA136,CDG,LHR,2026-11-05,517.12,147,247
PA148,YYZ,PVG,2026-11-05,715.11,168,242
PA151,HKG,PVG,2026-11-05,784.59,91,167
PA152,NRT,LAX,2026-11-05,189.87,32,182
PA162,YYZ,LAX,2026-11-05,149.6,69,234
PA169,YYZ,LAX,2026-11-05,142.43,31,175
PA187,HKG,NRT,2026-11-05,695.94,73,170
PA202,HKG,SIN,2026-11-05,567.5,105,152
PA203,NRT,YVR,2026-11-05,752.23,79,226
PA212,NRT,YVR,2026-11-05,492.63,43,259
PA222,JFK,LHR,2026-11-05,117.35,130,255
PA231,HKG,NRT,2026-11-05,575.66,66,252
PA234,LAX,HKG,2026-11-05,175.88,73,159
PA258,CDG,LHR,2026-11-05,379.76,34,276
PA106,NRT,LAX,2026-11-06,254.31,119,257
PA110,LHR,YYZ,2026-11-06,164.92,31,176
PA114,CDG,LHR,2026-11-06,486.43,66,170
PA118,YYZ,LHR,2026-11-06,294.58,92,247
PA128,HKG,PVG,2026-11-06,719.28,49,251
PA129,PVG,SIN,2026-11-06,285.42,83,186
PA136,CDG,LHR,2026-11-06,517.12,116,247
PA139,YYZ,PVG,2026-11-06,625.61,43,287
PA166,HKG,YYZ,2026-11-06,233.29,84,254
PA191,YYZ,LAX,2026-11-06,393.46,83,170
PA194,YVR,HKG,2026-11-06,285.93,109,211
PA196,YYZ,YVR,2026-11-06,420.8,57,152
PA199,LHR,JFK,2026-11-06,715.49,129,167
PA200,LHR,CDG,2026-11-06,210.42,87,222
PA218,LAX,YYZ,2026-11-06,566.85,41,213
PA229,JFK,CDG,2026-11-06,329.78,185,252
PA234,LAX,HKG,2026-11-06,175.88,28,159
PA237,HKG,NRT,2026-11-06,369.64,53,179
PA242,YYZ,PVG,2026-11-06,454.99,83,226
PA258,CDG,LHR,2026-11-06,379.76,188,276
PA270,LAX,SIN,2026-11-06,154.24,204,262
PA283,LAX,SIN,2026-11-06,439.95,206,261
PA284,CDG,LHR,2026-11-06,568.21,123,236
PA286,YYZ,HKG,2026-11-06,118.88,168,286
PA287,CDG,JFK,2026-11-06,564.1,84,294
PA297,LAX,NRT,2026-11-06,687.46,155,201
PA104,LAX,YYZ,2026-11-07,453.75,163,209
PA108,YYZ,JFK,2026-11-07,588.7,27,190
PA109,LHR,YYZ,2026-11-07,208.84,12,221
PA119,SIN,PVG,2026-11-07,213.86,102,243
PA123,LAX,SIN,2026-11-07,253.73,231,292
PA135,JFK,LAX,2026-11-07,517.49,55,258
PA143,HKG,NRT,2026-11-07,709.36,22,177
PA144,YVR,NRT,2026-11-07,526.28,18,279
PA148,YYZ,PVG,2026-11-07,715.11,54,242
PA152,NRT,LAX,2026-11-07,189.87,64,182
PA163,LAX,NRT,2026-11-07,568.28,163,221
PA165,NRT,HKG,2026-11-07,430.87,61,297
PA193,LAX,HKG,2026-11-07,568.81,105,202
PA196,YYZ,YVR,2026-11-07,420.8,70,152
PA202,HKG,SIN,2026-11-07,567.5,96,152
PA213,YYZ,PVG,2026-11-07,761.54,21,169
PA236,YVR,HKG,2026-11-07,524.35,189,261
PA240,NRT,LAX,2026-11-07,354.96,116,200
PA249,SIN,HKG,2026-11-07,425.49,163,232
PA257,SIN,PVG,2026-11-07,236.1,157,297
PA261,HKG,SIN,2026-11-07,135.15,50,268
PA264,SIN,HKG,2026-11-07,765.03,107,231
PA269,HKG,SIN,2026-11-07,538.72,55,274
PA279,NRT,HKG,2026-11-07,433.89,164,247
PA291,YVR,HKG,2026-11-07,632.86,111,236
PA297,LAX,NRT,2026-11-07,687.46,158,201
PA299,HKG,YYZ,2026-11-07,494.78,106,179
PA111,YYZ,LHR,2026-11-08,693.25,69,241
PA112,SIN,HKG,2026-11-08,664.99,58,217
PA114,CDG,LHR,2026-11-08,486.43,50,170
PA122,LAX,NRT,2026-11-08,423.58,93,191
PA144,YVR,NRT,2026-11-08,526.28,146,279
PA145,JFK,YYZ,2026-11-08,633.76,160,245
PA150,NRT,HKG,2026-11-08,159.96,61,170
PA159,NRT,SIN,2026-11-08,261.08,158,291
PA166,HKG,YYZ,2026-11-08,233.29,34,254
PA177,HKG,YYZ,2026-11-08,705.26,123,204
PA187,HKG,NRT,2026-11-08,695.94,65,170
PA193,LAX,HKG,2026-11-08,568.81,86,202
PA196,YYZ,YVR,2026-11-08,420.8,83,152
PA205,YYZ,LHR,2026-11-08,208.81,20,291
PA208,LAX,HKG,2026-11-08,164.61,18,163
PA236,YVR,HKG,2026-11-08,524.35,153,261
PA248,LAX,YYZ,2026-11-08,650.03,60,260
PA262,LAX,NRT,2026-11-08,419.52,31,181
PA264,SIN,HKG,2026-11-08,765.03,174,231
PA267,HKG,YYZ,2026-11-08,281.43,177,265
PA271,YVR,YYZ,2026-11-08,290.2,78,210
PA274,JFK,YYZ,2026-11-08,144.96,135,204
PA288,YYZ,YVR,2026-11-08,194.99,97,259
PA289,PVG,SIN,2026-11-08,135.2,88,196
PA294,HKG,YYZ,2026-11-08,624.32,27,154
PA100,SIN,PVG,2026-11-09,117.51,128,178
PA110,LHR,YYZ,2026-11-09,164.92,98,176
PA114,CDG,LHR,2026-11-09,486.43,96,170
PA126,YYZ,YVR,2026-11-09,739.2,116,204
PA128,HKG,PVG,2026-11-09,719.28,197,251
PA142,LAX,HKG,2026-11-09,633.37,115,278
PA144,YVR,NRT,2026-11-09,526.28,145,279
PA147,SIN,HKG,2026-11-09,442.02,28,232
PA167,YYZ,LHR,2026-11-09,348.01,175,260
PA170,LHR,YYZ,2026-11-09,274.06,15,177
PA188,YYZ,YVR,2026-11-09,572.65,52,167
PA191,YYZ,LAX,2026-11-09,393.46,14,170
PA194,YVR,HKG,2026-11-09,285.93,49,211
PA201,NRT,LAX,2026-11-09,528.17,72,227
PA207,LAX,YYZ,2026-11-09,453.79,159,217
PA211,LAX,HKG,2026-11-09,618.86,69,191
PA241,YYZ,YVR,2026-11-09,536.21,26,234
PA253,LAX,NRT,2026-11-09,257.25,139,229
PA260,YYZ,LHR,2026-11-09,253.19,110,258
PA268,LAX,NRT,2026-11-09,636.07,163,220
PA275,PVG,YYZ,2026-11-09,479.83,32,234
PA279,NRT,HKG,2026-11-09,433.89,97,247
PA282,NRT,LAX,2026-11-09,441.76,43,206
PA290,CDG,LHR,2026-11-09,248.16,145,233
PA296,YYZ,YVR,2026-11-09,627.96,33,160
PA297,LAX,NRT,2026-11-09,687.46,24,201
PA299,HKG,YYZ,2026-11-09,494.78,14,179
PA118,YYZ,LHR,2026-11-10,294.58,168,247
PA142,LAX,HKG,2026-11-10,633.37,161,278
PA150,NRT,HKG,2026-11-10,159.96,79,170
PA159,NRT,SIN,2026-11-10,261.08,59,291
PA169,YYZ,LAX,2026-11-10,142.43,82,175
PA170,LHR,YYZ,2026-11-10,274.06,81,177
PA202,HKG,SIN,2026-11-10,567.5,104,152
PA210,LHR,YYZ,2026-11-10,545.98,54,183
PA211,LAX,HKG,2026-11-10,618.86,23,191
PA212,NRT,YVR,2026-11-10,492.63,165,259
PA223,LHR,YYZ,2026-11-10,661.56,22,255
PA227,PVG,SIN,2026-11-10,313.63,149,239
PA239,PVG,HKG,2026-11-10,463.94,38,150
PA241,YYZ,YVR,2026-11-10,536.21,181,234
PA246,JFK,LHR,2026-11-10,310.66,96,295
PA248,LAX,YYZ,2026-11-10,650.03,154,260
PA249,SIN,HKG,2026-11-10,425.49,145,232
PA258,CDG,LHR,2026-11-10,379.76,208,276
PA265,PVG,NRT,2026-11-10,398.72,30,279
PA266,NRT,YVR,2026-11-10,728.05,22,264
PA270,LAX,SIN,2026-11-10,154.24,14,262
PA276,PVG,YYZ,2026-11-10,244.78,70,165
PA282,NRT,LAX,2026-11-10,441.76,111,206
PA283,LAX,SIN,2026-11-10,439.95,133,261
PA285,CDG,JFK,2026-11-10,688.35,105,192
PA288,YYZ,YVR,2026-11-10,194.99,60,259
PA292,CDG,LHR,2026-11-10,626.41,61,221
PA107,NRT,SIN,2026-11-11,666.6,169,221
PA112,SIN,HKG,2026-11-11,664.99,159,217
PA119,SIN,PVG,2026-11-11,213.86,73,243
PA121,YYZ,YVR,2026-11-11,473.9,151,193
PA129,PVG,SIN,2026-11-11,285.42,68,186
PA151,HKG,PVG,2026-11-11,784.59,110,167
PA176,LAX,NRT,2026-11-11,384.49,119,192
PA184,YVR,HKG,2026-11-11,135.1,27,164
PA185,HKG,YYZ,2026-11-11,743.57,101,278
PA187,HKG,NRT,2026-11-11,695.94,29,170
PA195,YYZ,HKG,2026-11-11,420.06,51,226
PA209,PVG,HKG,2026-11-11,130.86,53,220
PA212,NRT,YVR,2026-11-11,492.63,81,259
PA215,LHR,CDG,2026-11-11,486.77,136,299
PA219,LHR,JFK,2026-11-11,718.89,89,293
PA221,LAX,NRT,2026-11-11,783.34,130,191
PA224,LAX,NRT,2026-11-11,211.44,173,218
PA239,PVG,HKG,2026-11-11,463.94,37,150
PA256,YYZ,YVR,2026-11-11,390.11,36,266
PA260,YYZ,LHR,2026-11-11,253.19,93,258
PA269,HKG,SIN,2026-11-11,538.72,187,274
PA286,YYZ,HKG,2026-11-11,118.88,149,286
PA289,PVG,SIN,2026-11-11,135.2,21,196
PA292,CDG,LHR,2026-11-11,626.41,74,221
PA293,PVG,YYZ,2026-11-11,684.44,140,214
PA298,SIN,NRT,2026-11-11,266.98,64,189
PA111,YYZ,LHR,2026-11-12,693.25,121,241
PA143,HKG,NRT,2026-11-12,709.36,75,177
PA161,SIN,PVG,2026-11-12,260.26,63,165
PA164,LAX,YYZ,2026-11-12,192.62,150,288
PA168,PVG,YYZ,2026-11-12,704.69,180,269
PA171,JFK,CDG,2026-11-12,414.03,153,287
PA172,PVG,HKG,2026-11-12,294.98,45,196
PA191,YYZ,LAX,2026-11-12,393.46,98,170
PA204,YYZ,LHR,2026-11-12,285.13,77,184
PA206,YVR,YYZ,2026-11-12,602.33,104,203
PA209,PVG,HKG,2026-11-12,130.86,51,220
PA213,YYZ,PVG,2026-11-12,761.54,75,169
PA214,JFK,YYZ,2026-11-12,125.22,48,289
PA224,LAX,NRT,2026-11-12,211.44,154,218
PA227,PVG,SIN,2026-11-12,313.63,176,239
PA228,LAX,JFK,2026-11-12,116.57,150,207
PA230,YYZ,YVR,2026-11-12,345.8,152,221
PA234,LAX,HKG,2026-11-12,175.88,93,159
PA237,HKG,NRT,2026-11-12,369.64,115,179
PA239,PVG,HKG,2026-11-12,463.94,94,150
PA241,YYZ,YVR,2026-11-12,536.21,18,234
PA247,NRT,YVR,2026-11-12,312.71,108,150
PA249,SIN,HKG,2026-11-12,425.49,14,232
PA290,CDG,LHR,2026-11-12,248.16,19,233
PA297,LAX,NRT,2026-11-12,687.46,120,201
PA101,LAX,SIN,2026-11-13,256.25,94,212
PA112,SIN,HKG,2026-11-13,664.99,80,217
PA113,PVG,SIN,2026-11-13,187.38,202,287
PA133,YYZ,HKG,2026-11-13,445.46,132,280
PA134,YYZ,LAX,2026-11-13,206.99,124,178
PA139,YYZ,PVG,2026-11-13,625.61,89,287
PA143,HKG,NRT,2026-11-13,709.36,106,177
PA144,YVR,NRT,2026-11-13,526.28,89,279
PA148,YYZ,PVG,2026-11-13,715.11,150,242
PA150,NRT,HKG,2026-11-13,159.96,69,170
PA156,CDG,JFK,2026-11-13,406.67,183,245
PA159,NRT,SIN,2026-11-13,261.08,99,291
PA162,YYZ,LAX,2026-11-13,149.6,132,234
PA173,LAX,NRT,2026-11-13,410.19,43,169
PA176,LAX,NRT,2026-11-13,384.49,145,192
PA177,HKG,YYZ,2026-11-13,705.26,158,204
PA178,YYZ,LAX,2026-11-13,365.28,111,192
PA182,YVR,YYZ,2026-11-13,778.1,114,205
PA186,HKG,SIN,2026-11-13,139.82,26,190
PA187,HKG,NRT,2026-11-13,695.94,72,170
PA218,LAX,YYZ,2026-11-13,566.85,149,213
PA233,YYZ,PVG,2026-11-13,225.0,121,216
PA240,NRT,LAX,2026-11-13,354.96,114,200
PA249,SIN,HKG,2026-11-13,425.49,129,232
PA251,JFK,LAX,2026-11-13,298.65,51,171
PA253,LAX,NRT,2026-11-13,257.25,157,229
PA257,SIN,PVG,2026-11-13,236.1,138,297
PA258,CDG,LHR,2026-11-13,379.76,127,276
PA264,SIN,HKG,2026-11-13,765.03,83,231
PA265,PVG,NRT,2026-11-13,398.72,171,279
PA271,YVR,YYZ,2026-11-13,290.2,86,210
PA279,NRT,HKG,2026-11-13,433.89,77,247
PA282,NRT,LAX,2026-11-13,441.76,63,206
PA284,CDG,LHR,2026-11-13,568.21,112,236
PA105,YYZ,JFK,2026-11-14,239.19,51,293
PA109,LHR,YYZ,2026-11-14,208.84,38,221
PA113,PVG,SIN,2026-11-14,187.38,138,287
PA117,YVR,YYZ,2026-11-14,698.72,87,170
PA123,LAX,SIN,2026-11-14,253.73,26,292
PA125,YYZ,LAX,2026-11-14,380.82,45,230
PA130,LAX,NRT,2026-11-14,477.28,46,293
PA140,LHR,YYZ,2026-11-14,305.45,10,178
PA141,JFK,LAX,2026-11-14,102.27,101,266
PA146,NRT,LAX,2026-11-14,742.95,188,285
PA151,HKG,PVG,2026-11-14,784.59,64,167
PA155,NRT,LAX,2026-11-14,599.06,26,201
PA162,YYZ,LAX,2026-11-14,149.6,138,234
PA163,LAX,NRT,2026-11-14,568.28,69,221
PA170,LHR,YYZ,2026-11-14,274.06,103,177
PA174,NRT,YVR,2026-11-14,135.41,125,175
PA176,LAX,NRT,2026-11-14,384.49,52,192
PA177,HKG,YYZ,2026-11-14,705.26,144,204
PA181,NRT,YVR,2026-11-14,208.36,98,274
PA194,YVR,HKG,2026-11-14,285.93,101,211
PA205,YYZ,LHR,2026-11-14,208.81,124,291
PA209,PVG,HKG,2026-11-14,130.86,127,220
PA217,LHR,CDG,2026-11-14,729.25,118,160
PA224,LAX,NRT,2026-11-14,211.44,97,218
PA227,PVG,SIN,2026-11-14,313.63,137,239
PA231,HKG,NRT,2026-11-14,575.66,93,252
PA243,PVG,YYZ,2026-11-14,381.68,149,233
PA246,JFK,LHR,2026-11-14,310.66,227,295
PA252,SIN,PVG,2026-11-14,165.37,129,235
PA258,CDG,LHR,2026-11-14,379.76,15,276
PA264,SIN,HKG,2026-11-14,765.03,73,231
PA268,LAX,NRT,2026-11-14,636.07,124,220
PA276,PVG,YYZ,2026-11-14,244.78,49,165
PA277,PVG,YYZ,2026-11-14,733.39,107,249
PA279,NRT,HKG,2026-11-14,433.89,51,247
PA285,CDG,JFK,2026-11-14,688.35,88,192
PA297,LAX,NRT,2026-11-14,687.46,155,201
PA103,PVG,HKG,2026-11-15,120.86,19,158
PA118,YYZ,LHR,2026-11-15,294.58,191,247
PA126,YYZ,YVR,2026-11-15,739.2,64,204
PA130,LAX,NRT,2026-11-15,477.28,169,293
PA136,CDG,LHR,2026-11-15,517.12,138,247
PA145,JFK,YYZ,2026-11-15,633.76,66,245
PA164,LAX,YYZ,2026-11-15,192.62,170,288
PA166,HKG,YYZ,2026-11-15,233.29,53,254
PA176,LAX,NRT,2026-11-15,384.49,97,192
PA179,CDG,LHR,2026-11-15,748.56,105,217
PA187,HKG,NRT,2026-11-15,695.94,90,170
PA192,NRT,SIN,2026-11-15,465.95,139,294
PA195,YYZ,HKG,2026-11-15,420.06,74,226
PA207,LAX,YYZ,2026-11-15,453.79,51,217
PA208,LAX,HKG,2026-11-15,164.61,77,163
PA216,PVG,HKG,2026-11-15,129.28,24,182
PA218,LAX,YYZ,2026-11-15,566.85,166,213
PA221,LAX,NRT,2026-11-15,783.34,75,191
PA240,NRT,LAX,2026-11-15,354.96,38,200
PA255,LAX,NRT,2026-11-15,527.89,51,271
PA267,HKG,YYZ,2026-11-15,281.43,154,265
PA287,CDG,JFK,2026-11-15,564.1,24,294
PA292,CDG,LHR,2026-11-15,626.41,159,221
PA296,YYZ,YVR,2026-11-15,627.96,109,160
PA299,HKG,YYZ,2026-11-15,494.78,126,179
PA113,PVG,SIN,2026-11-16,187.38,163,287
PA115,SIN,PVG,2026-11-16,504.15,173,242
PA117,YVR,YYZ,2026-11-16,698.72,30,170
PA125,YYZ,LAX,2026-11-16,380.82,74,230
PA129,PVG,SIN,2026-11-16,285.42,37,186
PA146,NRT,LAX,2026-11-16,742.95,194,285
PA147,SIN,HKG,2026-11-16,442.02,24,232
PA151,HKG,PVG,2026-11-16,784.59,132,167
PA153,HKG,YYZ,2026-11-16,215.59,58,290
PA158,LAX,JFK,2026-11-16,336.66,79,166
PA159,NRT,SIN,2026-11-16,261.08,200,291
PA176,LAX,NRT,2026-11-16,384.49,99,192
PA180,PVG,SIN,2026-11-16,396.11,72,223
PA186,HKG,SIN,2026-11-16,139.82,53,190
PA216,PVG,HKG,2026-11-16,129.28,55,182
PA219,LHR,JFK,2026-11-16,718.89,42,293
PA225,YYZ,LHR,2026-11-16,710.52,111,247
PA230,YYZ,YVR,2026-11-16,345.8,111,221
PA239,PVG,HKG,2026-11-16,463.94,108,150
PA240,NRT,LAX,2026-11-16,354.96,146,200
PA245,PVG,YYZ,2026-11-16,574.12,46,247
PA265,PVG,NRT,2026-11-16,398.72,147,279
PA283,LAX,SIN,2026-11-16,439.95,208,261
PA288,YYZ,YVR,2026-11-16,194.99,151,259
PA295,YYZ,LAX,2026-11-16,256.96,104,239
PA104,LAX,YYZ,2026-11-17,453.75,121,209
PA113,PVG,SIN,2026-11-17,187.38,37,287
PA120,LHR,JFK,2026-11-17,569.12,153,203
PA125,YYZ,LAX,2026-11-17,380.82,120,230
PA131,NRT,SIN,2026-11-17,728.48,19,259
PA132,CDG,JFK,2026-11-17,253.52,29,242
PA134,YYZ,LAX,2026-11-17,206.99,103,178
PA140,LHR,YYZ,2026-11-17,305.45,60,178
PA141,JFK,LAX,2026-11-17,102.27,191,266
PA146,NRT,LAX,2026-11-17,742.95,211,285
PA150,NRT,HKG,2026-11-17,159.96,124,170
PA159,NRT,SIN,2026-11-17,261.08,97,291
PA160,LAX,JFK,2026-11-17,149.7,35,151
PA167,YYZ,LHR,2026-11-17,348.01,112,260
PA168,PVG,YYZ,2026-11-17,704.69,57,269
PA170,LHR,YYZ,2026-11-17,274.06,55,177
PA176,LAX,NRT,2026-11-17,384.49,71,192
PA177,HKG,YYZ,2026-11-17,705.26,137,204
PA183,NRT,SIN,2026-11-17,142.67,83,288
PA189,LAX,NRT,2026-11-17,183.92,101,253
PA194,YVR,HKG,2026-11-17,285.93,84,211
PA207,LAX,YYZ,2026-11-17,453.79,67,217
PA209,PVG,HKG,2026-11-17,130.86,169,220
PA211,LAX,HKG,2026-11-17,618.86,138,191
PA222,JFK,LHR,2026-11-17,117.35,109,255
PA227,PVG,SIN,2026-11-17,313.63,82,239
PA239,PVG,HKG,2026-11-17,463.94,111,150
PA240,NRT,LAX,2026-11-17,354.96,109,200
PA241,YYZ,YVR,2026-11-17,536.21,82,234
PA257,SIN,PVG,2026-11-17,236.1,117,297
PA260,YYZ,LHR,2026-11-17,253.19,22,258
PA262,LAX,NRT,2026-11-17,419.52,90,181
PA270,LAX,SIN,2026-11-17,154.24,47,262
PA282,NRT,LAX,2026-11-17,441.76,30,206
PA294,HKG,YYZ,2026-11-17,624.32,75,154
PA298,SIN,NRT,2026-11-17,266.98,48,189
PA103,PVG,HKG,2026-11-18,120.86,21,158
PA110,LHR,YYZ,2026-11-18,164.92,128,176
PA111,YYZ,LHR,2026-11-18,693.25,115,241
PA123,LAX,SIN,2026-11-18,253.73,78,292
PA138,NRT,YVR,2026-11-18,576.2,38,152
PA151,HKG,PVG,2026-11-18,784.59,113,167
PA155,NRT,LAX,2026-11-18,599.06,158,201
PA162,YYZ,LAX,2026-11-18,149.6,13,234
PA163,LAX,NRT,2026-11-18,568.28,100,221
PA164,LAX,YYZ,2026-11-18,192.62,180,288
PA169,YYZ,LAX,2026-11-18,142.43,50,175
PA180,PVG,SIN,2026-11-18,396.11,141,223
PA182,YVR,YYZ,2026-11-18,778.1,152,205
PA184,YVR,HKG,2026-11-18,135.1,63,164
PA205,YYZ,LHR,2026-11-18,208.81,131,291
PA220,PVG,YYZ,2026-11-18,748.03,44,189
PA225,YYZ,LHR,2026-11-18,710.52,100,247
PA230,YYZ,YVR,2026-11-18,345.8,23,221
PA235,PVG,HKG,2026-11-18,609.98,80,238
PA236,YVR,HKG,2026-11-18,524.35,184,261
PA243,PVG,YYZ,2026-11-18,381.68,132,233
PA244,YVR,YYZ,2026-11-18,189.1,38,291
PA247,NRT,YVR,2026-11-18,312.71,104,150
PA248,LAX,YYZ,2026-11-18,650.03,192,260
PA271,YVR,YYZ,2026-11-18,290.2,139,210
PA273,JFK,YYZ,2026-11-18,368.12,146,209
PA277,PVG,YYZ,2026-11-18,733.39,51,249
PA288,YYZ,YVR,2026-11-18,194.99,100,259
PA290,CDG,LHR,2026-11-18,248.16,61,233
PA295,YYZ,LAX,2026-11-18,256.96,79,239
PA297,LAX,NRT,2026-11-18,687.46,82,201
PA110,LHR,YYZ,2026-11-19,164.92,113,176
PA114,CDG,LHR,2026-11-19,486.43,91,170
PA119,SIN,PVG,2026-11-19,213.86,96,243
PA121,YYZ,YVR,2026-11-19,473.9,130,193
PA124,YVR,HKG,2026-11-19,260.33,96,164
PA129,PVG,SIN,2026-11-19,285.42,116,186
PA131,NRT,SIN,2026-11-19,728.48,130,259
PA151,HKG,PVG,2026-11-19,784.59,130,167
PA156,CDG,JFK,2026-11-19,406.67,50,245
PA160,LAX,JFK,2026-11-19,149.7,115,151
PA200,LHR,CDG,2026-11-19,210.42,156,222
PA202,HKG,SIN,2026-11-19,567.5,51,152
PA203,NRT,YVR,2026-11-19,752.23,179,226
PA206,YVR,YYZ,2026-11-19,602.33,58,203
PA227,PVG,SIN,2026-11-19,313.63,47,239
PA233,YYZ,PVG,2026-11-19,225.0,133,216
PA234,LAX,HKG,2026-11-19,175.88,99,159
PA248,LAX,YYZ,2026-11-19,650.03,201,260
PA257,SIN,PVG,2026-11-19,236.1,142,297
PA259,JFK,YYZ,2026-11-19,724.86,35,151
PA273,JFK,YYZ,2026-11-19,368.12,44,209
PA297,LAX,NRT,2026-11-19,687.46,126,201
PA298,SIN,NRT,2026-11-19,266.98,119,189
PA105,YYZ,JFK,2026-11-20,239.19,206,293
PA111,YYZ,LHR,2026-11-20,693.25,80,241
PA129,PVG,SIN,2026-11-20,285.42,73,186
PA136,CDG,LHR,2026-11-20,517.12,45,247
PA139,YYZ,PVG,2026-11-20,625.61,79,287
PA151,HKG,PVG,2026-11-20,784.59,85,167
PA154,HKG,SIN,2026-11-20,775.05,118,258
PA166,HKG,YYZ,2026-11-20,233.29,92,254
PA173,LAX,NRT,2026-11-20,410.19,106,169
PA180,PVG,SIN,2026-11-20,396.11,120,223
PA181,NRT,YVR,2026-11-20,208.36,47,274
PA184,YVR,HKG,2026-11-20,135.1,95,164
PA194,YVR,HKG,2026-11-20,285.93,161,211
PA197,NRT,HKG,2026-11-20,151.28,121,175
PA202,HKG,SIN,2026-11-20,567.5,20,152
PA209,PVG,HKG,2026-11-20,130.86,65,220
PA210,LHR,YYZ,2026-11-20,545.98,95,183
PA214,JFK,YYZ,2026-11-20,125.22,215,289
PA251,JFK,LAX,2026-11-20,298.65,28,171
PA256,YYZ,YVR,2026-11-20,390.11,24,266
PA258,CDG,LHR,2026-11-20,379.76,68,276
PA260,YYZ,LHR,2026-11-20,253.19,22,258
PA264,SIN,HKG,2026-11-20,765.03,85,231
PA267,HKG,YYZ,2026-11-20,281.43,46,265
PA273,JFK,YYZ,2026-11-20,368.12,162,209
PA278,NRT,SIN,2026-11-20,699.71,71,155
PA280,LHR,JFK,2026-11-20,627.43,82,226
PA292,CDG,LHR,2026-11-20,626.41,154,221
PA102,YYZ,LHR,2026-11-21,160.86,138,289
PA117,YVR,YYZ,2026-11-21,698.72,102,170
PA121,YYZ,YVR,2026-11-21,473.9,143,193
PA124,YVR,HKG,2026-11-21,260.33,42,164
PA125,YYZ,LAX,2026-11-21,380.82,13,230
PA129,PVG,SIN,2026-11-21,285.42,126,186
PA136,CDG,LHR,2026-11-21,517.12,65,247
PA140,LHR,YYZ,2026-11-21,305.45,52,178
PA142,LAX,HKG,2026-11-21,633.37,119,278
PA143,HKG,NRT,2026-11-21,709.36,44,177
PA146,NRT,LAX,2026-11-21,742.95,222,285
PA158,LAX,JFK,2026-11-21,336.66,73,166
PA159,NRT,SIN,2026-11-21,261.08,48,291
PA165,NRT,HKG,2026-11-21,430.87,199,297
PA169,YYZ,LAX,2026-11-21,142.43,107,175
PA180,PVG,SIN,2026-11-21,396.11,110,223
PA181,NRT,YVR,2026-11-21,208.36,65,274
PA190,NRT,HKG,2026-11-21,505.24,12,213
PA196,YYZ,YVR,2026-11-21,420.8,111,152
PA201,NRT,LAX,2026-11-21,528.17,121,227
PA204,YYZ,LHR,2026-11-21,285.13,18,184
PA212,NRT,YVR,2026-11-21,492.63,105,259
PA220,PVG,YYZ,2026-11-21,748.03,55,189
PA225,YYZ,LHR,2026-11-21,710.52,70,247
PA226,HKG,YYZ,2026-11-21,239.7,47,206
PA244,YVR,YYZ,2026-11-21,189.1,61,291
PA248,LAX,YYZ,2026-11-21,650.03,145,260
PA249,SIN,HKG,2026-11-21,425.49,25,232
PA251,JFK,LAX,2026-11-21,298.65,110,171
PA263,PVG,SIN,2026-11-21,791.52,165,285
PA270,LAX,SIN,2026-11-21,154.24,21,262
PA278,NRT,SIN,2026-11-21,699.71,33,155
PA284,CDG,LHR,2026-11-21,568.21,169,236
PA285,CDG,JFK,2026-11-21,688.35,23,192
PA111,YYZ,LHR,2026-11-22,693.25,99,241
PA113,PVG,SIN,2026-11-22,187.38,86,287
PA139,YYZ,PVG,2026-11-22,625.61,72,287
PA141,JFK,LAX,2026-11-22,102.27,169,266
PA165,NRT,HKG,2026-11-22,430.87,38,297
PA172,PVG,HKG,2026-11-22,294.98,111,196
PA176,LAX,NRT,2026-11-22,384.49,64,192
PA182,YVR,YYZ,2026-11-22,778.1,152,205
PA194,YVR,HKG,2026-11-22,285.93,133,211
PA208,LAX,HKG,2026-11-22,164.61,40,163
PA213,YYZ,PVG,2026-11-22,761.54,24,169
PA215,LHR,CDG,2026-11-22,486.77,101,299
PA218,LAX,YYZ,2026-11-22,566.85,38,213
PA230,YYZ,YVR,2026-11-22,345.8,133,221
PA244,YVR,YYZ,2026-11-22,189.1,169,291
PA246,JFK,LHR,2026-11-22,310.66,161,295
PA247,NRT,YVR,2026-11-22,312.71,44,150
PA248,LAX,YYZ,2026-11-22,650.03,186,260
PA265,PVG,NRT,2026-11-22,398.72,192,279
PA268,LAX,NRT,2026-11-22,636.07,109,220
PA271,YVR,YYZ,2026-11-22,290.2,109,210
PA286,YYZ,HKG,2026-11-22,118.88,145,286
PA287,CDG,JFK,2026-11-22,564.1,212,294
PA107,NRT,SIN,2026-11-23,666.6,164,221
PA108,YYZ,JFK,2026-11-23,588.7,63,190
PA110,LHR,YYZ,2026-11-23,164.92,136,176
PA111,YYZ,LHR,2026-11-23,693.25,33,241
PA121,YYZ,YVR,2026-11-23,473.9,116,193
PA136,CDG,LHR,2026-11-23,517.12,71,247
PA140,LHR,YYZ,2026-11-23,305.45,87,178
PA142,LAX,HKG,2026-11-23,633.37,130,278
PA159,NRT,SIN,2026-11-23,261.08,122,291
PA163,LAX,NRT,2026-11-23,568.28,122,221
PA168,PVG,YYZ,2026-11-23,704.69,14,269
PA170,LHR,YYZ,2026-11-23,274.06,32,177
PA208,LAX,HKG,2026-11-23,164.61,105,163
PA209,PVG,HKG,2026-11-23,130.86,148,220
PA210,LHR,YYZ,2026-11-23,545.98,36,183
PA214,JFK,YYZ,2026-11-23,125.22,82,289
PA216,PVG,HKG,2026-11-23,129.28,112,182
PA222,JFK,LHR,2026-11-23,117.35,152,255
PA233,YYZ,PVG,2026-11-23,225.0,48,216
PA261,HKG,SIN,2026-11-23,135.15,24,268
PA263,PVG,SIN,2026-11-23,791.52,164,285
PA279,NRT,HKG,2026-11-23,433.89,27,247
PA293,PVG,YYZ,2026-11-23,684.44,106,214
PA102,YYZ,LHR,2026-11-24,160.86,114,289
PA106,NRT,LAX,2026-11-24,254.31,86,257
PA130,LAX,NRT,2026-11-24,477.28,68,293
PA134,YYZ,LAX,2026-11-24,206.99,77,178
PA145,JFK,YYZ,2026-11-24,633.76,27,245
PA151,HKG,PVG,2026-11-24,784.59,73,167
PA152,NRT,LAX,2026-11-24,189.87,115,182
PA165,NRT,HKG,2026-11-24,430.87,54,297
PA170,LHR,YYZ,2026-11-24,274.06,132,177
PA171,JFK,CDG,2026-11-24,414.03,229,287
PA183,NRT,SIN,2026-11-24,142.67,221,288
PA190,NRT,HKG,2026-11-24,505.24,170,213
PA205,YYZ,LHR,2026-11-24,208.81,97,291
PA206,YVR,YYZ,2026-11-24,602.33,97,203
PA209,PVG,HKG,2026-11-24,130.86,16,220
PA210,LHR,YYZ,2026-11-24,545.98,145,183
PA211,LAX,HKG,2026-11-24,618.86,42,191
PA223,LHR,YYZ,2026-11-24,661.56,159,255
PA225,YYZ,LHR,2026-11-24,710.52,119,247
PA229,JFK,CDG,2026-11-24,329.78,29,252
PA236,YVR,HKG,2026-11-24,524.35,14,261
PA237,HKG,NRT,2026-11-24,369.64,126,179
PA243,PVG,YYZ,2026-11-24,381.68,29,233
PA251,JFK,LAX,2026-11-24,298.65,29,171
PA264,SIN,HKG,2026-11-24,765.03,129,231
PA266,NRT,YVR,2026-11-24,728.05,145,264
PA270,LAX,SIN,2026-11-24,154.24,111,262
PA272,YVR,HKG,2026-11-24,156.4,191,288
PA279,NRT,HKG,2026-11-24,433.89,189,247
PA290,CDG,LHR,2026-11-24,248.16,90,233
PA295,YYZ,LAX,2026-11-24,256.96,148,239
PA299,HKG,YYZ,2026-11-24,494.78,127,179
PA119,SIN,PVG,2026-11-25,213.86,164,243
PA121,YYZ,YVR,2026-11-25,473.9,43,193
PA137,PVG,SIN,2026-11-25,275.99,15,285
PA149,YVR,NRT,2026-11-25,140.55,153,211
PA163,LAX,NRT,2026-11-25,568.28,98,221
PA169,YYZ,LAX,2026-11-25,142.43,126,175
PA182,YVR,YYZ,2026-11-25,778.1,57,205
PA189,LAX,NRT,2026-11-25,183.92,188,253
PA199,LHR,JFK,2026-11-25,715.49,112,167
PA202,HKG,SIN,2026-11-25,567.5,68,152
PA206,YVR,YYZ,2026-11-25,602.33,96,203
PA207,LAX,YYZ,2026-11-25,453.79,160,217
PA218,LAX,YYZ,2026-11-25,566.85,14,213
PA219,LHR,JFK,2026-11-25,718.89,216,293
PA220,PVG,YYZ,2026-11-25,748.03,74,189
PA221,LAX,NRT,2026-11-25,783.34,99,191
PA225,YYZ,LHR,2026-11-25,710.52,171,247
PA229,JFK,CDG,2026-11-25,329.78,108,252
PA231,HKG,NRT,2026-11-25,575.66,105,252
PA233,YYZ,PVG,2026-11-25,225.0,100,216
PA246,JFK,LHR,2026-11-25,310.66,188,295
PA249,SIN,HKG,2026-11-25,425.49,159,232
PA259,JFK,YYZ,2026-11-25,724.86,22,151
PA264,SIN,HKG,2026-11-25,765.03,136,231
PA279,NRT,HKG,2026-11-25,433.89,112,247
PA284,CDG,LHR,2026-11-25,568.21,16,236
PA287,CDG,JFK,2026-11-25,564.1,33,294
PA111,YYZ,LHR,2026-11-26,693.25,184,241
PA112,SIN,HKG,2026-11-26,664.99,153,217
PA116,YYZ,YVR,2026-11-26,562.88,42,161
PA127,NRT,HKG,2026-11-26,248.84,143,230
PA134,YYZ,LAX,2026-11-26,206.99,134,178
PA137,PVG,SIN,2026-11-26,275.99,171,285
PA138,NRT,YVR,2026-11-26,576.2,8,152
PA144,YVR,NRT,2026-11-26,526.28,85,279
PA147,SIN,HKG,2026-11-26,442.02,65,232
PA150,NRT,HKG,2026-11-26,159.96,42,170
PA153,HKG,YYZ,2026-11-26,215.59,51,290
PA154,HKG,SIN,2026-11-26,775.05,96,258
PA172,PVG,HKG,2026-11-26,294.98,87,196
PA175,NRT,LAX,2026-11-26,778.3,40,153
PA181,NRT,YVR,2026-11-26,208.36,118,274
PA182,YVR,YYZ,2026-11-26,778.1,149,205
PA185,HKG,YYZ,2026-11-26,743.57,193,278
PA189,LAX,NRT,2026-11-26,183.92,172,253
PA198,LAX,YYZ,2026-11-26,285.64,187,279
PA202,HKG,SIN,2026-11-26,567.5,16,152
PA209,PVG,HKG,2026-11-26,130.86,63,220
PA214,JFK,YYZ,2026-11-26,125.22,126,289
PA217,LHR,CDG,2026-11-26,729.25,114,160
PA229,JFK,CDG,2026-11-26,329.78,63,252
PA232,NRT,LAX,2026-11-26,757.47,39,234
PA247,NRT,YVR,2026-11-26,312.71,86,150
PA249,SIN,HKG,2026-11-26,425.49,93,232
PA251,JFK,LAX,2026-11-26,298.65,58,171
PA277,PVG,YYZ,2026-11-26,733.39,133,249
PA278,NRT,SIN,2026-11-26,699.71,56,155
PA279,NRT,HKG,2026-11-26,433.89,162,247
PA281,PVG,YYZ,2026-11-26,623.26,76,287
PA284,CDG,LHR,2026-11-26,568.21,167,236
PA286,YYZ,HKG,2026-11-26,118.88,32,286
PA293,PVG,YYZ,2026-11-26,684.44,15,214
PA295,YYZ,LAX,2026-11-26,256.96,167,239
PA298,SIN,NRT,2026-11-26,266.98,31,189
PA102,YYZ,LHR,2026-11-27,160.86,158,289
PA103,PVG,HKG,2026-11-27,120.86,64,158
PA104,LAX,YYZ,2026-11-27,453.75,123,209
PA116,YYZ,YVR,2026-11-27,562.88,12,161
PA119,SIN,PVG,2026-11-27,213.86,28,243
PA121,YYZ,YVR,2026-11-27,473.9,47,193
PA122,LAX,NRT,2026-11-27,423.58,57,191
PA130,LAX,NRT,2026-11-27,477.28,104,293
PA137,PVG,SIN,2026-11-27,275.99,210,285
PA144,YVR,NRT,2026-11-27,526.28,145,279
PA149,YVR,NRT,2026-11-27,140.55,116,211
PA155,NRT,LAX,2026-11-27,599.06,125,201
PA158,LAX,JFK,2026-11-27,336.66,58,166
PA165,NRT,HKG,2026-11-27,430.87,98,297
PA207,LAX,YYZ,2026-11-27,453.79,12,217
PA208,LAX,HKG,2026-11-27,164.61,87,163
PA213,YYZ,PVG,2026-11-27,761.54,70,169
PA224,LAX,NRT,2026-11-27,211.44,29,218
PA228,LAX,JFK,2026-11-27,116.57,138,207
PA230,YYZ,YVR,2026-11-27,345.8,37,221
PA236,YVR,HKG,2026-11-27,524.35,99,261
PA237,HKG,NRT,2026-11-27,369.64,88,179
PA242,YYZ,PVG,2026-11-27,454.99,91,226
PA244,YVR,YYZ,2026-11-27,189.1,219,291
PA275,PVG,YYZ,2026-11-27,479.83,61,234
PA283,LAX,SIN,2026-11-27,439.95,113,261
PA285,CDG,JFK,2026-11-27,688.35,149,192
PA107,NRT,SIN,2026-11-28,666.6,147,221
PA119,SIN,PVG,2026-11-28,213.86,56,243
PA127,NRT,HKG,2026-11-28,248.84,98,230
PA144,YVR,NRT,2026-11-28,526.28,43,279
PA146,NRT,LAX,2026-11-28,742.95,142,285
PA151,HKG,PVG,2026-11-28,784.59,125,167
PA157,HKG,SIN,2026-11-28,184.7,120,265
PA163,LAX,NRT,2026-11-28,568.28,173,221
PA164,LAX,YYZ,2026-11-28,192.62,222,288
PA171,JFK,CDG,2026-11-28,414.03,44,287
PA181,NRT,YVR,2026-11-28,208.36,56,274
PA184,YVR,HKG,2026-11-28,135.1,72,164
PA185,HKG,YYZ,2026-11-28,743.57,29,278
PA186,HKG,SIN,2026-11-28,139.82,85,190
PA194,YVR,HKG,2026-11-28,285.93,48,211
PA195,YYZ,HKG,2026-11-28,420.06,132,226
PA197,NRT,HKG,2026-11-28,151.28,134,175
PA198,LAX,YYZ,2026-11-28,285.64,167,279
PA201,NRT,LAX,2026-11-28,528.17,31,227
PA212,NRT,YVR,2026-11-28,492.63,200,259
PA213,YYZ,PVG,2026-11-28,761.54,94,169
PA222,JFK,LHR,2026-11-28,117.35,47,255
PA223,LHR,YYZ,2026-11-28,661.56,56,255
PA226,HKG,YYZ,2026-11-28,239.7,103,206
PA237,HKG,NRT,2026-11-28,369.64,83,179
PA250,PVG,NRT,2026-11-28,457.82,151,204
PA255,LAX,NRT,2026-11-28,527.89,59,271
PA256,YYZ,YVR,2026-11-28,390.11,128,266
PA262,LAX,NRT,2026-11-28,419.52,25,181
PA272,YVR,HKG,2026-11-28,156.4,59,288
PA279,NRT,HKG,2026-11-28,433.89,120,247
PA110,LHR,YYZ,2026-11-29,164.92,109,176
PA114,CDG,LHR,2026-11-29,486.43,30,170
PA117,YVR,YYZ,2026-11-29,698.72,130,170
PA119,SIN,PVG,2026-11-29,213.86,45,243
PA121,YYZ,YVR,2026-11-29,473.9,34,193
PA122,LAX,NRT,2026-11-29,423.58,21,191
PA124,YVR,HKG,2026-11-29,260.33,39,164
PA135,JFK,LAX,2026-11-29,517.49,122,258
PA138,NRT,YVR,2026-11-29,576.2,112,152
PA147,SIN,HKG,2026-11-29,442.02,89,232
PA167,YYZ,LHR,2026-11-29,348.01,198,260
PA173,LAX,NRT,2026-11-29,410.19,126,169
PA188,YYZ,YVR,2026-11-29,572.65,121,167
PA196,YYZ,YVR,2026-11-29,420.8,31,152
PA201,NRT,LAX,2026-11-29,528.17,179,227
PA204,YYZ,LHR,2026-11-29,285.13,128,184
PA211,LAX,HKG,2026-11-29,618.86,88,191
PA216,PVG,HKG,2026-11-29,129.28,129,182
PA221,LAX,NRT,2026-11-29,783.34,118,191
PA226,HKG,YYZ,2026-11-29,239.7,105,206
PA240,NRT,LAX,2026-11-29,354.96,57,200
PA254,JFK,CDG,2026-11-29,117.1,118,187
PA262,LAX,NRT,2026-11-29,419.52,63,181
PA272,YVR,HKG,2026-11-29,156.4,181,288
PA285,CDG,JFK,2026-11-29,688.35,128,192
PA288,YYZ,YVR,2026-11-29,194.99,44,259
PA290,CDG,LHR,2026-11-29,248.16,86,233
PA291,YVR,HKG,2026-11-29,632.86,66,236
PA296,YYZ,YVR,2026-11-29,627.96,78,160
PA297,LAX,NRT,2026-11-29,687.46,60,201
PA107,NRT,SIN,2026-11-30,666.6,140,221
PA114,CDG,LHR,2026-11-30,486.43,118,170
PA123,LAX,SIN,2026-11-30,253.73,87,292
PA125,YYZ,LAX,2026-11-30,380.82,172,230
PA142,LAX,HKG,2026-11-30,633.37,162,278
PA143,HKG,NRT,2026-11-30,709.36,31,177
PA146,NRT,LAX,2026-11-30,742.95,36,285
PA151,HKG,PVG,2026-11-30,784.59,81,167
PA153,HKG,YYZ,2026-11-30,215.59,155,290
PA175,NRT,LAX,2026-11-30,778.3,72,153
PA180,PVG,SIN,2026-11-30,396.11,138,223
PA185,HKG,YYZ,2026-11-30,743.57,147,278
PA189,LAX,NRT,2026-11-30,183.92,169,253
PA211,LAX,HKG,2026-11-30,618.86,25,191
PA216,PVG,HKG,2026-11-30,129.28,126,182
PA218,LAX,YYZ,2026-11-30,566.85,113,213
PA229,JFK,CDG,2026-11-30,329.78,82,252
PA234,LAX,HKG,2026-11-30,175.88,66,159
PA241,YYZ,YVR,2026-11-30,536.21,157,234
PA243,PVG,YYZ,2026-11-30,381.68,141,233
PA245,PVG,YYZ,2026-11-30,574.12,195,247
PA248,LAX,YYZ,2026-11-30,650.03,207,260
PA251,JFK,LAX,2026-11-30,298.65,10,171
PA257,SIN,PVG,2026-11-30,236.1,22,297
PA268,LAX,NRT,2026-11-30,636.07,53,220
PA270,LAX,SIN,2026-11-30,154.24,118,262
PA273,JFK,YYZ,2026-11-30,368.12,73,209
PA274,JFK,YYZ,2026-11-30,144.96,94,204
PA284,CDG,LHR,2026-11-30,568.21,156,236
PA289,PVG,SIN,2026-11-30,135.2,47,196
PA296,YYZ,YVR,2026-11-30,627.96,32,160
PA298,SIN,NRT,2026-11-30,266.98,67,189
PA102,YYZ,LHR,2026-12-01,160.86,206,289
PA112,SIN,HKG,2026-12-01,664.99,87,217
PA121,YYZ,YVR,2026-12-01,473.9,134,193
PA128,HKG,PVG,2026-12-01,719.28,131,251
PA134,YYZ,LAX,2026-12-01,206.99,78,178
PA135,JFK,LAX,2026-12-01,517.49,202,258
PA136,CDG,LHR,2026-12-01,517.12,183,247
PA141,JFK,LAX,2026-12-01,102.27,123,266
PA142,LAX,HKG,2026-12-01,633.37,135,278
PA149,YVR,NRT,2026-12-01,140.55,101,211
PA152,NRT,LAX,2026-12-01,189.87,69,182
PA158,LAX,JFK,2026-12-01,336.66,63,166
PA175,NRT,LAX,2026-12-01,778.3,99,153
PA187,HKG,NRT,2026-12-01,695.94,10,170
PA194,YVR,HKG,2026-12-01,285.93,165,211
PA203,NRT,YVR,2026-12-01,752.23,134,226
PA204,YYZ,LHR,2026-12-01,285.13,73,184
PA217,LHR,CDG,2026-12-01,729.25,44,160
PA225,YYZ,LHR,2026-12-01,710.52,94,247
PA226,HKG,YYZ,2026-12-01,239.7,114,206
PA228,LAX,JFK,2026-12-01,116.57,31,207
PA237,HKG,NRT,2026-12-01,369.64,35,179
PA243,PVG,YYZ,2026-12-01,381.68,61,233
PA248,LAX,YYZ,2026-12-01,650.03,19,260
PA252,SIN,PVG,2026-12-01,165.37,19,235
PA253,LAX,NRT,2026-12-01,257.25,46,229
PA254,JFK,CDG,2026-12-01,117.1,144,187
PA255,LAX,NRT,2026-12-01,527.89,85,271
PA277,PVG,YYZ,2026-12-01,733.39,130,249
PA292,CDG,LHR,2026-12-01,626.41,135,221
PA298,SIN,NRT,2026-12-01,266.98,75,189
PA134,YYZ,LAX,2026-12-02,206.99,50,178
PA135,JFK,LAX,2026-12-02,517.49,204,258
PA155,NRT,LAX,2026-12-02,599.06,34,201
PA159,NRT,SIN,2026-12-02,261.08,205,291
PA177,HKG,YYZ,2026-12-02,705.26,125,204
PA184,YVR,HKG,2026-12-02,135.1,126,164
PA203,NRT,YVR,2026-12-02,752.23,141,226
PA231,HKG,NRT,2026-12-02,575.66,194,252
PA252,SIN,PVG,2026-12-02,165.37,169,235
PA256,YYZ,YVR,2026-12-02,390.11,126,266
PA263,PVG,SIN,2026-12-02,791.52,77,285
PA274,JFK,YYZ,2026-12-02,144.96,103,204
PA275,PVG,YYZ,2026-12-02,479.83,93,234
PA276,PVG,YYZ,2026-12-02,244.78,126,165
PA281,PVG,YYZ,2026-12-02,623.26,145,287
PA286,YYZ,HKG,2026-12-02,118.88,155,286
PA287,CDG,JFK,2026-12-02,564.1,126,294
PA290,CDG,LHR,2026-12-02,248.16,165,233
PA291,YVR,HKG,2026-12-02,632.86,159,236
PA104,LAX,YYZ,2026-12-03,453.75,151,209
PA114,CDG,LHR,2026-12-03,486.43,70,170
PA118,YYZ,LHR,2026-12-03,294.58,36,247
PA122,LAX,NRT,2026-12-03,423.58,138,191
PA124,YVR,HKG,2026-12-03,260.33,18,164
PA130,LAX,NRT,2026-12-03,477.28,135,293
PA132,CDG,JFK,2026-12-03,253.52,72,242
PA135,JFK,LAX,2026-12-03,517.49,92,258
PA136,CDG,LHR,2026-12-03,517.12,190,247
PA146,NRT,LAX,2026-12-03,742.95,98,285
PA156,CDG,JFK,2026-12-03,406.67,191,245
PA174,NRT,YVR,2026-12-03,135.41,39,175
PA175,NRT,LAX,2026-12-03,778.3,61,153
PA190,NRT,HKG,2026-12-03,505.24,163,213
PA196,YYZ,YVR,2026-12-03,420.8,90,152
PA209,PVG,HKG,2026-12-03,130.86,159,220
PA212,NRT,YVR,2026-12-03,492.63,45,259
PA217,LHR,CDG,2026-12-03,729.25,56,160
PA228,LAX,JFK,2026-12-03,116.57,57,207
PA235,PVG,HKG,2026-12-03,609.98,31,238
PA239,PVG,HKG,2026-12-03,463.94,118,150
PA248,LAX,YYZ,2026-12-03,650.03,191,260
PA249,SIN,HKG,2026-12-03,425.49,56,232
PA257,SIN,PVG,2026-12-03,236.1,141,297
PA262,LAX,NRT,2026-12-03,419.52,52,181
PA265,PVG,NRT,2026-12-03,398.72,88,279
PA266,NRT,YVR,2026-12-03,728.05,122,264
PA271,YVR,YYZ,2026-12-03,290.2,63,210
PA279,NRT,HKG,2026-12-03,433.89,67,247
PA283,LAX,SIN,2026-12-03,439.95,191,261
PA294,HKG,YYZ,2026-12-03,624.32,88,154
PA109,LHR,YYZ,2026-12-04,208.84,94,221
PA115,SIN,PVG,2026-12-04,504.15,43,242
PA116,YYZ,YVR,2026-12-04,562.88,105,161
PA118,YYZ,LHR,2026-12-04,294.58,17,247
PA122,LAX,NRT,2026-12-04,423.58,149,191
PA126,YYZ,YVR,2026-12-04,739.2,41,204
PA133,YYZ,HKG,2026-12-04,445.46,43,280
PA137,PVG,SIN,2026-12-04,275.99,178,285
PA140,LHR,YYZ,2026-12-04,305.45,23,178
PA160,LAX,JFK,2026-12-04,149.7,118,151
PA162,YYZ,LAX,2026-12-04,149.6,49,234
PA168,PVG,YYZ,2026-12-04,704.69,137,269
PA171,JFK,CDG,2026-12-04,414.03,213,287
PA178,YYZ,LAX,2026-12-04,365.28,123,192
PA181,NRT,YVR,2026-12-04,208.36,39,274
PA187,HKG,NRT,2026-12-04,695.94,22,170
PA189,LAX,NRT,2026-12-04,183.92,24,253
PA200,LHR,CDG,2026-12-04,210.42,111,222
PA227,PVG,SIN,2026-12-04,313.63,47,239
PA229,JFK,CDG,2026-12-04,329.78,201,252
PA233,YYZ,PVG,2026-12-04,225.0,38,216
PA239,PVG,HKG,2026-12-04,463.94,109,150
PA246,JFK,LHR,2026-12-04,310.66,214,295
PA265,PVG,NRT,2026-12-04,398.72,202,279
PA271,YVR,YYZ,2026-12-04,290.2,147,210
PA274,JFK,YYZ,2026-12-04,144.96,54,204
PA277,PVG,YYZ,2026-12-04,733.39,149,249
PA278,NRT,SIN,2026-12-04,699.71,50,155
PA289,PVG,SIN,2026-12-04,135.2,80,196
PA294,HKG,YYZ,2026-12-04,624.32,32,154
PA296,YYZ,YVR,2026-12-04,627.96,38,160
PA299,HKG,YYZ,2026-12-04,494.78,128,179
PA102,YYZ,LHR,2026-12-05,160.86,119,289
PA107,NRT,SIN,2026-12-05,666.6,23,221
PA111,YYZ,LHR,2026-12-05,693.25,103,241
PA115,SIN,PVG,2026-12-05,504.15,137,242
PA130,LAX,NRT,2026-12-05,477.28,20,293
PA145,JFK,YYZ,2026-12-05,633.76,184,245
PA146,NRT,LAX,2026-12-05,742.95,49,285
PA150,NRT,HKG,2026-12-05,159.96,107,170
PA157,HKG,SIN,2026-12-05,184.7,117,265
PA165,NRT,HKG,2026-12-05,430.87,166,297
PA177,HKG,YYZ,2026-12-05,705.26,113,204
PA181,NRT,YVR,2026-12-05,208.36,77,274
PA182,YVR,YYZ,2026-12-05,778.1,136,205
PA188,YYZ,YVR,2026-12-05,572.65,36,167
PA190,NRT,HKG,2026-12-05,505.24,106,213
PA196,YYZ,YVR,2026-12-05,420.8,120,152
PA225,YYZ,LHR,2026-12-05,710.52,127,247
PA226,HKG,YYZ,2026-12-05,239.7,130,206
PA237,HKG,NRT,2026-12-05,369.64,59,179
PA243,PVG,YYZ,2026-12-05,381.68,152,233
PA250,PVG,NRT,2026-12-05,457.82,49,204
PA260,YYZ,LHR,2026-12-05,253.19,100,258
PA287,CDG,JFK,2026-12-05,564.1,212,294
PA108,YYZ,JFK,2026-12-06,588.7,105,190
PA110,LHR,YYZ,2026-12-06,164.92,74,176
PA125,YYZ,LAX,2026-12-06,380.82,169,230
PA127,NRT,HKG,2026-12-06,248.84,75,230
PA128,HKG,PVG,2026-12-06,719.28,100,251
PA133,YYZ,HKG,2026-12-06,445.46,73,280
PA137,PVG,SIN,2026-12-06,275.99,113,285
PA139,YYZ,PVG,2026-12-06,625.61,161,287
PA146,NRT,LAX,2026-12-06,742.95,136,285
PA148,YYZ,PVG,2026-12-06,715.11,40,242
PA152,NRT,LAX,2026-12-06,189.87,27,182
PA167,YYZ,LHR,2026-12-06,348.01,177,260
PA190,NRT,HKG,2026-12-06,505.24,157,213
PA192,NRT,SIN,2026-12-06,465.95,183,294
PA197,NRT,HKG,2026-12-06,151.28,83,175
PA203,NRT,YVR,2026-12-06,752.23,104,226
PA207,LAX,YYZ,2026-12-06,453.79,114,217
PA214,JFK,YYZ,2026-12-06,125.22,218,289
PA221,LAX,NRT,2026-12-06,783.34,98,191
PA222,JFK,LHR,2026-12-06,117.35,152,255
PA231,HKG,NRT,2026-12-06,575.66,49,252
PA241,YYZ,YVR,2026-12-06,536.21,80,234
PA248,LAX,YYZ,2026-12-06,650.03,19,260
PA250,PVG,NRT,2026-12-06,457.82,135,204
PA265,PVG,NRT,2026-12-06,398.72,161,279
PA266,NRT,YVR,2026-12-06,728.05,208,264
PA275,PVG,YYZ,2026-12-06,479.83,102,234
PA285,CDG,JFK,2026-12-06,688.35,122,192
PA290,CDG,LHR,2026-12-06,248.16,15,233
PA100,SIN,PVG,2026-12-07,117.51,20,178
PA106,NRT,LAX,2026-12-07,254.31,203,257
PA109,LHR,YYZ,2026-12-07,208.84,159,221
PA116,YYZ,YVR,2026-12-07,562.88,66,161
PA118,YYZ,LHR,2026-12-07,294.58,102,247
PA122,LAX,NRT,2026-12-07,423.58,91,191
PA127,NRT,HKG,2026-12-07,248.84,152,230
PA130,LAX,NRT,2026-12-07,477.28,50,293
PA132,CDG,JFK,2026-12-07,253.52,98,242
PA145,JFK,YYZ,2026-12-07,633.76,181,245
PA148,YYZ,PVG,2026-12-07,715.11,137,242
PA155,NRT,LAX,2026-12-07,599.06,107,201
PA160,LAX,JFK,2026-12-07,149.7,18,151
PA163,LAX,NRT,2026-12-07,568.28,59,221
PA164,LAX,YYZ,2026-12-07,192.62,100,288
PA165,NRT,HKG,2026-12-07,430.87,133,297
PA178,YYZ,LAX,2026-12-07,365.28,60,192
PA187,HKG,NRT,2026-12-07,695.94,16,170
PA204,YYZ,LHR,2026-12-07,285.13,27,184
PA206,YVR,YYZ,2026-12-07,602.33,132,203
PA215,LHR,CDG,2026-12-07,486.77,110,299
PA216,PVG,HKG,2026-12-07,129.28,76,182
PA238,NRT,HKG,2026-12-07,278.31,128,198
PA246,JFK,LHR,2026-12-07,310.66,19,295
PA249,SIN,HKG,2026-12-07,425.49,36,232
PA269,HKG,SIN,2026-12-07,538.72,159,274
PA272,YVR,HKG,2026-12-07,156.4,18,288
PA283,LAX,SIN,2026-12-07,439.95,112,261
PA286,YYZ,HKG,2026-12-07,118.88,183,286
PA287,CDG,JFK,2026-12-07,564.1,215,294
PA104,LAX,YYZ,2026-12-08,453.75,115,209
PA108,YYZ,JFK,2026-12-08,588.7,39,190
PA127,NRT,HKG,2026-12-08,248.84,151,230
PA132,CDG,JFK,2026-12-08,253.52,70,242
PA155,NRT,LAX,2026-12-08,599.06,100,201
PA158,LAX,JFK,2026-12-08,336.66,95,166
PA160,LAX,JFK,2026-12-08,149.7,69,151
PA161,SIN,PVG,2026-12-08,260.26,43,165
PA171,JFK,CDG,2026-12-08,414.03,171,287
PA174,NRT,YVR,2026-12-08,135.41,79,175
PA178,YYZ,LAX,2026-12-08,365.28,33,192
PA184,YVR,HKG,2026-12-08,135.1,97,164
PA185,HKG,YYZ,2026-12-08,743.57,213,278
PA196,YYZ,YVR,2026-12-08,420.8,9,152
PA198,LAX,YYZ,2026-12-08,285.64,132,279
PA201,NRT,LAX,2026-12-08,528.17,25,227
PA208,LAX,HKG,2026-12-08,164.61,99,163
PA212,NRT,YVR,2026-12-08,492.63,204,259
PA218,LAX,YYZ,2026-12-08,566.85,169,213
PA220,PVG,YYZ,2026-12-08,748.03,28,189
PA229,JFK,CDG,2026-12-08,329.78,19,252
PA230,YYZ,YVR,2026-12-08,345.8,42,221
PA243,PVG,YYZ,2026-12-08,381.68,130,233
PA253,LAX,NRT,2026-12-08,257.25,179,229
PA258,CDG,LHR,2026-12-08,379.76,106,276
PA260,YYZ,LHR,2026-12-08,253.19,201,258
PA273,JFK,YYZ,2026-12-08,368.12,125,209
PA277,PVG,YYZ,2026-12-08,733.39,78,249
PA279,NRT,HKG,2026-12-08,433.89,62,247
PA288,YYZ,YVR,2026-12-08,194.99,157,259
PA295,YYZ,LAX,2026-12-08,256.96,120,239
PA298,SIN,NRT,2026-12-08,266.98,60,189
PA105,YYZ,JFK,2026-12-09,239.19,56,293
PA106,NRT,LAX,2026-12-09,254.31,26,257
PA127,NRT,HKG,2026-12-09,248.84,50,230
PA134,YYZ,LAX,2026-12-09,206.99,105,178
PA146,NRT,LAX,2026-12-09,742.95,166,285
PA151,HKG,PVG,2026-12-09,784.59,36,167
PA155,NRT,LAX,2026-12-09,599.06,49,201
PA158,LAX,JFK,2026-12-09,336.66,50,166
PA170,LHR,YYZ,2026-12-09,274.06,110,177
PA171,JFK,CDG,2026-12-09,414.03,206,287
PA182,YVR,YYZ,2026-12-09,778.1,95,205
PA183,NRT,SIN,2026-12-09,142.67,129,288
PA184,YVR,HKG,2026-12-09,135.1,111,164
PA188,YYZ,YVR,2026-12-09,572.65,83,167
PA195,YYZ,HKG,2026-12-09,420.06,103,226
PA206,YVR,YYZ,2026-12-09,602.33,152,203
PA216,PVG,HKG,2026-12-09,129.28,30,182
PA224,LAX,NRT,2026-12-09,211.44,87,218
PA226,HKG,YYZ,2026-12-09,239.7,130,206
PA232,NRT,LAX,2026-12-09,757.47,13,234
PA237,HKG,NRT,2026-12-09,369.64,91,179
PA251,JFK,LAX,2026-12-09,298.65,76,171
PA264,SIN,HKG,2026-12-09,765.03,184,231
PA271,YVR,YYZ,2026-12-09,290.2,163,210
PA277,PVG,YYZ,2026-12-09,733.39,132,249
PA287,CDG,JFK,2026-12-09,564.1,129,294
PA294,HKG,YYZ,2026-12-09,624.32,83,154
PA296,YYZ,YVR,2026-12-09,627.96,102,160
PA100,SIN,PVG,2026-12-10,117.51,140,178
PA103,PVG,HKG,2026-12-10,120.86,38,158
PA106,NRT,LAX,2026-12-10,254.31,36,257
PA113,PVG,SIN,2026-12-10,187.38,119,287
PA120,LHR,JFK,2026-12-10,569.12,119,203
PA127,NRT,HKG,2026-12-10,248.84,40,230
PA134,YYZ,LAX,2026-12-10,206.99,87,178
PA139,YYZ,PVG,2026-12-10,625.61,122,287
PA141,JFK,LAX,2026-12-10,102.27,31,266
PA151,HKG,PVG,2026-12-10,784.59,95,167
PA152,NRT,LAX,2026-12-10,189.87,12,182
PA158,LAX,JFK,2026-12-10,336.66,33,166
PA162,YYZ,LAX,2026-12-10,149.6,47,234
PA164,LAX,YYZ,2026-12-10,192.62,159,288
PA168,PVG,YYZ,2026-12-10,704.69,200,269
PA172,PVG,HKG,2026-12-10,294.98,147,196
PA175,NRT,LAX,2026-12-10,778.3,98,153
PA177,HKG,YYZ,2026-12-10,705.26,114,204
PA180,PVG,SIN,2026-12-10,396.11,133,223
PA183,NRT,SIN,2026-12-10,142.67,105,288
PA185,HKG,YYZ,2026-12-10,743.57,197,278
PA191,YYZ,LAX,2026-12-10,393.46,63,170
PA203,NRT,YVR,2026-12-10,752.23,107,226
PA211,LAX,HKG,2026-12-10,618.86,12,191
PA218,LAX,YYZ,2026-12-10,566.85,111,213
PA220,PVG,YYZ,2026-12-10,748.03,41,189
PA222,JFK,LHR,2026-12-10,117.35,144,255
PA231,HKG,NRT,2026-12-10,575.66,170,252
PA233,YYZ,PVG,2026-12-10,225.0,66,216
PA234,LAX,HKG,2026-12-10,175.88,41,159
PA240,NRT,LAX,2026-12-10,354.96,120,200
PA244,YVR,YYZ,2026-12-10,189.1,182,291
PA246,JFK,LHR,2026-12-10,310.66,119,295
PA251,JFK,LAX,2026-12-10,298.65,131,171
PA252,SIN,PVG,2026-12-10,165.37,87,235
PA254,JFK,CDG,2026-12-10,117.1,27,187
PA264,SIN,HKG,2026-12-10,765.03,151,231
PA270,LAX,SIN,2026-12-10,154.24,73,262
PA273,JFK,YYZ,2026-12-10,368.12,23,209
PA279,NRT,HKG,2026-12-10,433.89,120,247
PA291,YVR,HKG,2026-12-10,632.86,102,236
PA100,SIN,PVG,2026-12-11,117.51,58,178
PA102,YYZ,LHR,2026-12-11,160.86,208,289
PA105,YYZ,JFK,2026-12-11,239.19,208,293
PA108,YYZ,JFK,2026-12-11,588.7,130,190
PA117,YVR,YYZ,2026-12-11,698.72,117,170
PA121,YYZ,YVR,2026-12-11,473.9,12,193
PA124,YVR,HKG,2026-12-11,260.33,27,164
PA130,LAX,NRT,2026-12-11,477.28,195,293
PA131,NRT,SIN,2026-12-11,728.48,66,259
PA135,JFK,LAX,2026-12-11,517.49,46,258
PA148,YYZ,PVG,2026-12-11,715.11,187,242
PA151,HKG,PVG,2026-12-11,784.59,104,167
PA160,LAX,JFK,2026-12-11,149.7,43,151
PA170,LHR,YYZ,2026-12-11,274.06,23,177
PA171,JFK,CDG,2026-12-11,414.03,108,287
PA173,LAX,NRT,2026-12-11,410.19,111,169
PA174,NRT,YVR,2026-12-11,135.41,128,175
PA180,PVG,SIN,2026-12-11,396.11,137,223
PA190,NRT,HKG,2026-12-11,505.24,96,213
PA201,NRT,LAX,2026-12-11,528.17,141,227
PA202,HKG,SIN,2026-12-11,567.5,119,152
PA207,LAX,YYZ,2026-12-11,453.79,123,217
PA208,LAX,HKG,2026-12-11,164.61,99,163
PA231,HKG,NRT,2026-12-11,575.66,117,252
PA234,LAX,HKG,2026-12-11,175.88,17,159
PA237,HKG,NRT,2026-12-11,369.64,73,179
PA251,JFK,LAX,2026-12-11,298.65,54,171
PA253,LAX,NRT,2026-12-11,257.25,126,229
PA269,HKG,SIN,2026-12-11,538.72,208,274
PA271,YVR,YYZ,2026-12-11,290.2,34,210
PA274,JFK,YYZ,2026-12-11,144.96,53,204
PA283,LAX,SIN,2026-12-11,439.95,154,261
PA289,PVG,SIN,2026-12-11,135.2,41,196
PA294,HKG,YYZ,2026-12-11,624.32,106,154
PA297,LAX,NRT,2026-12-11,687.46,146,201
PA299,HKG,YYZ,2026-12-11,494.78,104,179
PA109,LHR,YYZ,2026-12-12,208.84,96,221
PA111,YYZ,LHR,2026-12-12,693.25,40,241
PA115,SIN,PVG,2026-12-12,504.15,64,242
PA119,SIN,PVG,2026-12-12,213.86,57,243
PA121,YYZ,YVR,2026-12-12,473.9,37,193
PA127,NRT,HKG,2026-12-12,248.84,28,230
PA129,PVG,SIN,2026-12-12,285.42,108,186
PA139,YYZ,PVG,2026-12-12,625.61,71,287
PA156,CDG,JFK,2026-12-12,406.67,48,245
PA168,PVG,YYZ,2026-12-12,704.69,201,269
PA169,YYZ,LAX,2026-12-12,142.43,16,175
PA175,NRT,LAX,2026-12-12,778.3,24,153
PA183,NRT,SIN,2026-12-12,142.67,97,288
PA191,YYZ,LAX,2026-12-12,393.46,98,170
PA200,LHR,CDG,2026-12-12,210.42,172,222
PA206,YVR,YYZ,2026-12-12,602.33,162,203
PA225,YYZ,LHR,2026-12-12,710.52,41,247
PA228,LAX,JFK,2026-12-12,116.57,48,207
PA247,NRT,YVR,2026-12-12,312.71,106,150
PA259,JFK,YYZ,2026-12-12,724.86,42,151
PA265,PVG,NRT,2026-12-12,398.72,56,279
PA266,NRT,YVR,2026-12-12,728.05,202,264
PA267,HKG,YYZ,2026-12-12,281.43,59,265
PA268,LAX,NRT,2026-12-12,636.07,173,220
PA277,PVG,YYZ,2026-12-12,733.39,71,249
PA285,CDG,JFK,2026-12-12,688.35,148,192
PA286,YYZ,HKG,2026-12-12,118.88,154,286
PA295,YYZ,LAX,2026-12-12,256.96,112,239
PA296,YYZ,YVR,2026-12-12,627.96,32,160
PA298,SIN,NRT,2026-12-12,266.98,68,189
PA107,NRT,SIN,2026-12-13,666.6,36,221
PA137,PVG,SIN,2026-12-13,275.99,193,285
PA141,JFK,LAX,2026-12-13,102.27,104,266
PA146,NRT,LAX,2026-12-13,742.95,107,285
PA152,NRT,LAX,2026-12-13,189.87,58,182
PA155,NRT,LAX,2026-12-13,599.06,145,201
PA157,HKG,SIN,2026-12-13,184.7,41,265
PA161,SIN,PVG,2026-12-13,260.26,96,165
PA173,LAX,NRT,2026-12-13,410.19,112,169
PA176,LAX,NRT,2026-12-13,384.49,147,192
PA232,NRT,LAX,2026-12-13,757.47,89,234
PA238,NRT,HKG,2026-12-13,278.31,22,198
PA250,PVG,NRT,2026-12-13,457.82,48,204
PA252,SIN,PVG,2026-12-13,165.37,131,235
PA262,LAX,NRT,2026-12-13,419.52,104,181
PA268,LAX,NRT,2026-12-13,636.07,127,220
PA273,JFK,YYZ,2026-12-13,368.12,156,209
PA277,PVG,YYZ,2026-12-13,733.39,99,249
PA293,PVG,YYZ,2026-12-13,684.44,139,214
PA114,CDG,LHR,2026-12-14,486.43,95,170
PA118,YYZ,LHR,2026-12-14,294.58,74,247
PA121,YYZ,YVR,2026-12-14,473.9,68,193
PA123,LAX,SIN,2026-12-14,253.73,130,292
PA125,YYZ,LAX,2026-12-14,380.82,56,230
PA129,PVG,SIN,2026-12-14,285.42,93,186
PA133,YYZ,HKG,2026-12-14,445.46,180,280
PA139,YYZ,PVG,2026-12-14,625.61,34,287
PA141,JFK,LAX,2026-12-14,102.27,177,266
PA146,NRT,LAX,2026-12-14,742.95,61,285
PA148,YYZ,PVG,2026-12-14,715.11,146,242
PA149,YVR,NRT,2026-12-14,140.55,101,211
PA150,NRT,HKG,2026-12-14,159.96,34,170
PA155,NRT,LAX,2026-12-14,599.06,159,201
PA156,CDG,JFK,2026-12-14,406.67,193,245
PA167,YYZ,LHR,2026-12-14,348.01,105,260
PA171,JFK,CDG,2026-12-14,414.03,151,287
PA175,NRT,LAX,2026-12-14,778.3,61,153
PA176,LAX,NRT,2026-12-14,384.49,98,192
PA180,PVG,SIN,2026-12-14,396.11,42,223
PA210,LHR,YYZ,2026-12-14,545.98,113,183
PA211,LAX,HKG,2026-12-14,618.86,122,191
PA220,PVG,YYZ,2026-12-14,748.03,60,189
PA226,HKG,YYZ,2026-12-14,239.7,124,206
PA228,LAX,JFK,2026-12-14,116.57,124,207
PA230,YYZ,YVR,2026-12-14,345.8,34,221
PA238,NRT,HKG,2026-12-14,278.31,137,198
PA260,YYZ,LHR,2026-12-14,253.19,91,258
PA261,HKG,SIN,2026-12-14,135.15,40,268
PA268,LAX,NRT,2026-12-14,636.07,55,220
PA269,HKG,SIN,2026-12-14,538.72,100,274
PA273,JFK,YYZ,2026-12-14,368.12,81,209
PA275,PVG,YYZ,2026-12-14,479.83,53,234
PA296,YYZ,YVR,2026-12-14,627.96,14,160
PA298,SIN,NRT,2026-12-14,266.98,42,189
PA105,YYZ,JFK,2026-12-15,239.19,19,293
PA107,NRT,SIN,2026-12-15,666.6,116,221
PA109,LHR,YYZ,2026-12-15,208.84,76,221
PA127,NRT,HKG,2026-12-15,248.84,82,230
PA138,NRT,YVR,2026-12-15,576.2,57,152
PA140,LHR,YYZ,2026-12-15,305.45,140,178
PA142,LAX,HKG,2026-12-15,633.37,61,278
PA144,YVR,NRT,2026-12-15,526.28,41,279
PA151,HKG,PVG,2026-12-15,784.59,96,167
PA160,LAX,JFK,2026-12-15,149.7,102,151
PA183,NRT,SIN,2026-12-15,142.67,211,288
PA187,HKG,NRT,2026-12-15,695.94,108,170
PA197,NRT,HKG,2026-12-15,151.28,32,175
PA198,LAX,YYZ,2026-12-15,285.64,149,279
PA200,LHR,CDG,2026-12-15,210.42,156,222
PA203,NRT,YVR,2026-12-15,752.23,29,226
PA204,YYZ,LHR,2026-12-15,285.13,59,184
PA208,LAX,HKG,2026-12-15,164.61,127,163
PA216,PVG,HKG,2026-12-15,129.28,63,182
PA217,LHR,CDG,2026-12-15,729.25,68,160
PA219,LHR,JFK,2026-12-15,718.89,136,293
PA232,NRT,LAX,2026-12-15,757.47,78,234
PA235,PVG,HKG,2026-12-15,609.98,108,238
PA239,PVG,HKG,2026-12-15,463.94,52,150
PA246,JFK,LHR,2026-12-15,310.66,224,295
PA256,YYZ,YVR,2026-12-15,390.11,73,266
PA258,CDG,LHR,2026-12-15,379.76,196,276
PA260,YYZ,LHR,2026-12-15,253.19,45,258
PA263,PVG,SIN,2026-12-15,791.52,132,285
PA265,PVG,NRT,2026-12-15,398.72,174,279
PA269,HKG,SIN,2026-12-15,538.72,32,274
PA271,YVR,YYZ,2026-12-15,290.2,64,210
PA273,JFK,YYZ,2026-12-15,368.12,99,209
PA274,JFK,YYZ,2026-12-15,144.96,124,204
PA284,CDG,LHR,2026-12-15,568.21,167,236
PA290,CDG,LHR,2026-12-15,248.16,35,233
PA293,PVG,YYZ,2026-12-15,684.44,65,214
PA297,LAX,NRT,2026-12-15,687.46,130,201
PA100,SIN,PVG,2026-12-16,117.51,14,178
PA115,SIN,PVG,2026-12-16,504.15,111,242
PA122,LAX,NRT,2026-12-16,423.58,109,191
PA129,PVG,SIN,2026-12-16,285.42,122,186
PA132,CDG,JFK,2026-12-16,253.52,62,242
PA134,YYZ,LAX,2026-12-16,206.99,63,178
PA154,HKG,SIN,2026-12-16,775.05,170,258
PA168,PVG,YYZ,2026-12-16,704.69,75,269
PA169,YYZ,LAX,2026-12-16,142.43,119,175
PA174,NRT,YVR,2026-12-16,135.41,121,175
PA175,NRT,LAX,2026-12-16,778.3,85,153
PA179,CDG,LHR,2026-12-16,748.56,15,217
PA188,YYZ,YVR,2026-12-16,572.65,9,167
PA194,YVR,HKG,2026-12-16,285.93,149,211
PA204,YYZ,LHR,2026-12-16,285.13,106,184
PA211,LAX,HKG,2026-12-16,618.86,141,191
PA214,JFK,YYZ,2026-12-16,125.22,224,289
PA220,PVG,YYZ,2026-12-16,748.03,113,189
PA227,PVG,SIN,2026-12-16,313.63,74,239
PA228,LAX,JFK,2026-12-16,116.57,120,207
PA234,LAX,HKG,2026-12-16,175.88,98,159
PA237,HKG,NRT,2026-12-16,369.64,121,179
PA244,YVR,YYZ,2026-12-16,189.1,161,291
PA251,JFK,LAX,2026-12-16,298.65,20,171
PA261,HKG,SIN,2026-12-16,135.15,134,268
PA262,LAX,NRT,2026-12-16,419.52,114,181
PA278,NRT,SIN,2026-12-16,699.71,99,155
PA279,NRT,HKG,2026-12-16,433.89,157,247
PA285,CDG,JFK,2026-12-16,688.35,99,192
PA289,PVG,SIN,2026-12-16,135.2,87,196
PA298,SIN,NRT,2026-12-16,266.98,99,189
PA104,LAX,YYZ,2026-12-17,453.75,57,209
PA113,PVG,SIN,2026-12-17,187.38,200,287
PA119,SIN,PVG,2026-12-17,213.86,162,243
PA126,YYZ,YVR,2026-12-17,739.2,14,204
PA128,HKG,PVG,2026-12-17,719.28,184,251
PA141,JFK,LAX,2026-12-17,102.27,100,266
PA150,NRT,HKG,2026-12-17,159.96,84,170
PA157,HKG,SIN,2026-12-17,184.7,144,265
PA161,SIN,PVG,2026-12-17,260.26,40,165
PA168,PVG,YYZ,2026-12-17,704.69,74,269
PA170,LHR,YYZ,2026-12-17,274.06,38,177
PA208,LAX,HKG,2026-12-17,164.61,96,163
PA213,YYZ,PVG,2026-12-17,761.54,77,169
PA220,PVG,YYZ,2026-12-17,748.03,83,189
PA225,YYZ,LHR,2026-12-17,710.52,95,247
PA232,NRT,LAX,2026-12-17,757.47,57,234
PA262,LAX,NRT,2026-12-17,419.52,45,181
PA264,SIN,HKG,2026-12-17,765.03,28,231
PA265,PVG,NRT,2026-12-17,398.72,16,279
PA266,NRT,YVR,2026-12-17,728.05,113,264
PA267,HKG,YYZ,2026-12-17,281.43,142,265
PA272,YVR,HKG,2026-12-17,156.4,186,288
PA285,CDG,JFK,2026-12-17,688.35,22,192
PA289,PVG,SIN,2026-12-17,135.2,60,196
PA299,HKG,YYZ,2026-12-17,494.78,68,179
PA100,SIN,PVG,2026-12-18,117.51,107,178
PA103,PVG,HKG,2026-12-18,120.86,86,158
PA110,LHR,YYZ,2026-12-18,164.92,34,176
PA125,YYZ,LAX,2026-12-18,380.82,72,230
PA131,NRT,SIN,2026-12-18,728.48,114,259
PA133,YYZ,HKG,2026-12-18,445.46,20,280
PA161,SIN,PVG,2026-12-18,260.26,128,165
PA162,YYZ,LAX,2026-12-18,149.6,67,234
PA168,PVG,YYZ,2026-12-18,704.69,30,269
PA179,CDG,LHR,2026-12-18,748.56,167,217
PA183,NRT,SIN,2026-12-18,142.67,165,288
PA185,HKG,YYZ,2026-12-18,743.57,50,278
PA191,YYZ,LAX,2026-12-18,393.46,32,170
PA196,YYZ,YVR,2026-12-18,420.8,103,152
PA197,NRT,HKG,2026-12-18,151.28,103,175
PA207,LAX,YYZ,2026-12-18,453.79,122,217
PA210,LHR,YYZ,2026-12-18,545.98,90,183
PA212,NRT,YVR,2026-12-18,492.63,54,259
PA213,YYZ,PVG,2026-12-18,761.54,110,169
PA214,JFK,YYZ,2026-12-18,125.22,52,289
PA216,PVG,HKG,2026-12-18,129.28,136,182
PA222,JFK,LHR,2026-12-18,117.35,117,255
PA245,PVG,YYZ,2026-12-18,574.12,194,247
PA246,JFK,LHR,2026-12-18,310.66,142,295
PA248,LAX,YYZ,2026-12-18,650.03,175,260
PA249,SIN,HKG,2026-12-18,425.49,87,232
PA254,JFK,CDG,2026-12-18,117.1,43,187
PA256,YYZ,YVR,2026-12-18,390.11,72,266
PA262,LAX,NRT,2026-12-18,419.52,44,181
PA267,HKG,YYZ,2026-12-18,281.43,188,265
PA268,LAX,NRT,2026-12-18,636.07,58,220
PA279,NRT,HKG,2026-12-18,433.89,160,247
PA284,CDG,LHR,2026-12-18,568.21,75,236
PA102,YYZ,LHR,2026-12-19,160.86,46,289
PA109,LHR,YYZ,2026-12-19,208.84,30,221
PA113,PVG,SIN,2026-12-19,187.38,196,287
PA119,SIN,PVG,2026-12-19,213.86,35,243
PA135,JFK,LAX,2026-12-19,517.49,191,258
PA166,HKG,YYZ,2026-12-19,233.29,13,254
PA169,YYZ,LAX,2026-12-19,142.43,52,175
PA181,NRT,YVR,2026-12-19,208.36,218,274
PA188,YYZ,YVR,2026-12-19,572.65,99,167
PA195,YYZ,HKG,2026-12-19,420.06,52,226
PA216,PVG,HKG,2026-12-19,129.28,32,182
PA221,LAX,NRT,2026-12-19,783.34,96,191
PA222,JFK,LHR,2026-12-19,117.35,157,255
PA223,LHR,YYZ,2026-12-19,661.56,84,255
PA231,HKG,NRT,2026-12-19,575.66,34,252
PA235,PVG,HKG,2026-12-19,609.98,110,238
PA246,JFK,LHR,2026-12-19,310.66,215,295
PA252,SIN,PVG,2026-12-19,165.37,123,235
PA254,JFK,CDG,2026-12-19,117.1,10,187
PA255,LAX,NRT,2026-12-19,527.89,113,271
PA265,PVG,NRT,2026-12-19,398.72,78,279
PA272,YVR,HKG,2026-12-19,156.4,160,288
PA274,JFK,YYZ,2026-12-19,144.96,71,204
PA280,LHR,JFK,2026-12-19,627.43,175,226
PA281,PVG,YYZ,2026-12-19,623.26,221,287
PA282,NRT,LAX,2026-12-19,441.76,63,206
PA290,CDG,LHR,2026-12-19,248.16,32,233
PA299,HKG,YYZ,2026-12-19,494.78,140,179
PA117,YVR,YYZ,2026-12-20,698.72,13,170
PA123,LAX,SIN,2026-12-20,253.73,57,292
PA125,YYZ,LAX,2026-12-20,380.82,60,230
PA139,YYZ,PVG,2026-12-20,625.61,209,287
PA143,HKG,NRT,2026-12-20,709.36,128,177
PA145,JFK,YYZ,2026-12-20,633.76,52,245
PA150,NRT,HKG,2026-12-20,159.96,29,170
PA183,NRT,SIN,2026-12-20,142.67,121,288
PA199,LHR,JFK,2026-12-20,715.49,87,167
PA203,NRT,YVR,2026-12-20,752.23,34,226
PA211,LAX,HKG,2026-12-20,618.86,145,191
PA215,LHR,CDG,2026-12-20,486.77,32,299
PA229,JFK,CDG,2026-12-20,329.78,164,252
PA246,JFK,LHR,2026-12-20,310.66,203,295
PA250,PVG,NRT,2026-12-20,457.82,87,204
PA264,SIN,HKG,2026-12-20,765.03,97,231
PA285,CDG,JFK,2026-12-20,688.35,18,192
PA294,HKG,YYZ,2026-12-20,624.32,85,154
PA299,HKG,YYZ,2026-12-20,494.78,141,179
PA102,YYZ,LHR,2026-12-21,160.86,140,289
PA107,NRT,SIN,2026-12-21,666.6,87,221
PA111,YYZ,LHR,2026-12-21,693.25,171,241
PA122,LAX,NRT,2026-12-21,423.58,25,191
PA136,CDG,LHR,2026-12-21,517.12,16,247
PA143,HKG,NRT,2026-12-21,709.36,21,177
PA145,JFK,YYZ,2026-12-21,633.76,55,245
PA151,HKG,PVG,2026-12-21,784.59,99,167
PA167,YYZ,LHR,2026-12-21,348.01,93,260
PA203,NRT,YVR,2026-12-21,752.23,115,226
PA207,LAX,YYZ,2026-12-21,453.79,134,217
PA210,LHR,YYZ,2026-12-21,545.98,145,183
PA214,JFK,YYZ,2026-12-21,125.22,206,289
PA225,YYZ,LHR,2026-12-21,710.52,160,247
PA229,JFK,CDG,2026-12-21,329.78,123,252
PA232,NRT,LAX,2026-12-21,757.47,110,234
PA241,YYZ,YVR,2026-12-21,536.21,129,234
PA243,PVG,YYZ,2026-12-21,381.68,29,233
PA245,PVG,YYZ,2026-12-21,574.12,180,247
PA256,YYZ,YVR,2026-12-21,390.11,140,266
PA268,LAX,NRT,2026-12-21,636.07,12,220
PA281,PVG,YYZ,2026-12-21,623.26,163,287
PA287,CDG,JFK,2026-12-21,564.1,184,294
PA292,CDG,LHR,2026-12-21,626.41,144,221
PA294,HKG,YYZ,2026-12-21,624.32,63,154
PA103,PVG,HKG,2026-12-22,120.86,89,158
PA104,LAX,YYZ,2026-12-22,453.75,153,209
PA107,NRT,SIN,2026-12-22,666.6,23,221
PA125,YYZ,LAX,2026-12-22,380.82,64,230
PA126,YYZ,YVR,2026-12-22,739.2,113,204
PA136,CDG,LHR,2026-12-22,517.12,27,247
PA139,YYZ,PVG,2026-12-22,625.61,178,287
PA145,JFK,YYZ,2026-12-22,633.76,73,245
PA149,YVR,NRT,2026-12-22,140.55,96,211
PA151,HKG,PVG,2026-12-22,784.59,79,167
PA160,LAX,JFK,2026-12-22,149.7,76,151
PA169,YYZ,LAX,2026-12-22,142.43,77,175
PA171,JFK,CDG,2026-12-22,414.03,193,287
PA172,PVG,HKG,2026-12-22,294.98,147,196
PA175,NRT,LAX,2026-12-22,778.3,118,153
PA187,HKG,NRT,2026-12-22,695.94,69,170
PA196,YYZ,YVR,2026-12-22,420.8,38,152
PA205,YYZ,LHR,2026-12-22,208.81,73,291
PA207,LAX,YYZ,2026-12-22,453.79,41,217
PA208,LAX,HKG,2026-12-22,164.61,26,163
PA212,NRT,YVR,2026-12-22,492.63,180,259
PA223,LHR,YYZ,2026-12-22,661.56,58,255
PA228,LAX,JFK,2026-12-22,116.57,164,207
PA258,CDG,LHR,2026-12-22,379.76,73,276
PA263,PVG,SIN,2026-12-22,791.52,155,285
PA265,PVG,NRT,2026-12-22,398.72,170,279
PA266,NRT,YVR,2026-12-22,728.05,109,264
PA268,LAX,NRT,2026-12-22,636.07,153,220
PA276,PVG,YYZ,2026-12-22,244.78,13,165
PA292,CDG,LHR,2026-12-22,626.41,14,221
PA296,YYZ,YVR,2026-12-22,627.96,36,160
PA108,YYZ,JFK,2026-12-23,588.7,95,190
PA116,YYZ,YVR,2026-12-23,562.88,25,161
PA128,HKG,PVG,2026-12-23,719.28,195,251
PA131,NRT,SIN,2026-12-23,728.48,60,259
PA135,JFK,LAX,2026-12-23,517.49,169,258
PA138,NRT,YVR,2026-12-23,576.2,74,152
PA143,HKG,NRT,2026-12-23,709.36,109,177
PA145,JFK,YYZ,2026-12-23,633.76,170,245
PA146,NRT,LAX,2026-12-23,742.95,223,285
PA153,HKG,YYZ,2026-12-23,215.59,148,290
PA166,HKG,YYZ,2026-12-23,233.29,69,254
PA172,PVG,HKG,2026-12-23,294.98,77,196
PA173,LAX,NRT,2026-12-23,410.19,33,169
PA176,LAX,NRT,2026-12-23,384.49,72,192
PA178,YYZ,LAX,2026-12-23,365.28,86,192
PA181,NRT,YVR,2026-12-23,208.36,138,274
PA188,YYZ,YVR,2026-12-23,572.65,29,167
PA200,LHR,CDG,2026-12-23,210.42,79,222
PA210,LHR,YYZ,2026-12-23,545.98,33,183
PA213,YYZ,PVG,2026-12-23,761.54,96,169
PA233,YYZ,PVG,2026-12-23,225.0,21,216
PA235,PVG,HKG,2026-12-23,609.98,19,238
PA254,JFK,CDG,2026-12-23,117.1,150,187
PA267,HKG,YYZ,2026-12-23,281.43,97,265
PA270,LAX,SIN,2026-12-23,154.24,150,262
PA276,PVG,YYZ,2026-12-23,244.78,125,165
PA281,PVG,YYZ,2026-12-23,623.26,161,287
PA283,LAX,SIN,2026-12-23,439.95,21,261
PA295,YYZ,LAX,2026-12-23,256.96,45,239
PA107,NRT,SIN,2026-12-24,666.6,98,221
PA119,SIN,PVG,2026-12-24,213.86,115,243
PA147,SIN,HKG,2026-12-24,442.02,18,232
PA148,YYZ,PVG,2026-12-24,715.11,22,242
PA150,NRT,HKG,2026-12-24,159.96,94,170
PA167,YYZ,LHR,2026-12-24,348.01,36,260
PA169,YYZ,LAX,2026-12-24,142.43,106,175
PA171,JFK,CDG,2026-12-24,414.03,150,287
PA176,LAX,NRT,2026-12-24,384.49,125,192
PA177,HKG,YYZ,2026-12-24,705.26,138,204
PA195,YYZ,HKG,2026-12-24,420.06,130,226
PA197,NRT,HKG,2026-12-24,151.28,133,175
PA208,LAX,HKG,2026-12-24,164.61,29,163
PA211,LAX,HKG,2026-12-24,618.86,108,191
PA229,JFK,CDG,2026-12-24,329.78,200,252
PA230,YYZ,YVR,2026-12-24,345.8,111,221
PA236,YVR,HKG,2026-12-24,524.35,59,261
PA249,SIN,HKG,2026-12-24,425.49,116,232
PA262,LAX,NRT,2026-12-24,419.52,92,181
PA266,NRT,YVR,2026-12-24,728.05,201,264
PA274,JFK,YYZ,2026-12-24,144.96,27,204
PA297,LAX,NRT,2026-12-24,687.46,95,201
PA115,SIN,PVG,2026-12-25,504.15,85,242
PA126,YYZ,YVR,2026-12-25,739.2,67,204
PA131,NRT,SIN,2026-12-25,728.48,153,259
PA148,YYZ,PVG,2026-12-25,715.11,66,242
PA153,HKG,YYZ,2026-12-25,215.59,146,290
PA154,HKG,SIN,2026-12-25,775.05,23,258
PA163,LAX,NRT,2026-12-25,568.28,82,221
PA179,CDG,LHR,2026-12-25,748.56,89,217
PA181,NRT,YVR,2026-12-25,208.36,88,274
PA216,PVG,HKG,2026-12-25,129.28,70,182
PA220,PVG,YYZ,2026-12-25,748.03,51,189
PA231,HKG,NRT,2026-12-25,575.66,27,252
PA238,NRT,HKG,2026-12-25,278.31,61,198
PA239,PVG,HKG,2026-12-25,463.94,52,150
PA245,PVG,YYZ,2026-12-25,574.12,129,247
PA249,SIN,HKG,2026-12-25,425.49,77,232
PA251,JFK,LAX,2026-12-25,298.65,10,171
PA264,SIN,HKG,2026-12-25,765.03,101,231
PA266,NRT,YVR,2026-12-25,728.05,189,264
PA270,LAX,SIN,2026-12-25,154.24,67,262
PA278,NRT,SIN,2026-12-25,699.71,57,155
PA279,NRT,HKG,2026-12-25,433.89,148,247
PA283,LAX,SIN,2026-12-25,439.95,23,261
PA284,CDG,LHR,2026-12-25,568.21,54,236
PA298,SIN,NRT,2026-12-25,266.98,70,189
PA103,PVG,HKG,2026-12-26,120.86,49,158
PA105,YYZ,JFK,2026-12-26,239.19,225,293
PA126,YYZ,YVR,2026-12-26,739.2,153,204
PA128,HKG,PVG,2026-12-26,719.28,132,251
PA135,JFK,LAX,2026-12-26,517.49,151,258
PA146,NRT,LAX,2026-12-26,742.95,68,285
PA166,HKG,YYZ,2026-12-26,233.29,107,254
PA180,PVG,SIN,2026-12-26,396.11,22,223
PA183,NRT,SIN,2026-12-26,142.67,190,288
PA190,NRT,HKG,2026-12-26,505.24,148,213
PA200,LHR,CDG,2026-12-26,210.42,165,222
PA217,LHR,CDG,2026-12-26,729.25,40,160
PA219,LHR,JFK,2026-12-26,718.89,37,293
PA225,YYZ,LHR,2026-12-26,710.52,192,247
PA227,PVG,SIN,2026-12-26,313.63,152,239
PA230,YYZ,YVR,2026-12-26,345.8,172,221
PA264,SIN,HKG,2026-12-26,765.03,172,231
PA294,HKG,YYZ,2026-12-26,624.32,57,154
PA296,YYZ,YVR,2026-12-26,627.96,33,160
PA111,YYZ,LHR,2026-12-27,693.25,28,241
PA112,SIN,HKG,2026-12-27,664.99,122,217
PA114,CDG,LHR,2026-12-27,486.43,60,170
PA116,YYZ,YVR,2026-12-27,562.88,126,161
PA123,LAX,SIN,2026-12-27,253.73,57,292
PA125,YYZ,LAX,2026-12-27,380.82,39,230
PA146,NRT,LAX,2026-12-27,742.95,191,285
PA149,YVR,NRT,2026-12-27,140.55,27,211
PA152,NRT,LAX,2026-12-27,189.87,38,182
PA157,HKG,SIN,2026-12-27,184.7,195,265
PA172,PVG,HKG,2026-12-27,294.98,24,196
PA175,NRT,LAX,2026-12-27,778.3,63,153
PA178,YYZ,LAX,2026-12-27,365.28,40,192
PA183,NRT,SIN,2026-12-27,142.67,65,288
PA200,LHR,CDG,2026-12-27,210.42,39,222
PA210,LHR,YYZ,2026-12-27,545.98,122,183
PA215,LHR,CDG,2026-12-27,486.77,210,299
PA238,NRT,HKG,2026-12-27,278.31,143,198
PA239,PVG,HKG,2026-12-27,463.94,72,150
PA245,PVG,YYZ,2026-12-27,574.12,151,247
PA257,SIN,PVG,2026-12-27,236.1,91,297
PA265,PVG,NRT,2026-12-27,398.72,69,279
PA268,LAX,NRT,2026-12-27,636.07,146,220
PA278,NRT,SIN,2026-12-27,699.71,46,155
PA117,YVR,YYZ,2026-12-28,698.72,112,170
PA120,LHR,JFK,2026-12-28,569.12,74,203
PA125,YYZ,LAX,2026-12-28,380.82,117,230
PA133,YYZ,HKG,2026-12-28,445.46,182,280
PA140,LHR,YYZ,2026-12-28,305.45,118,178
PA148,YYZ,PVG,2026-12-28,715.11,139,242
PA153,HKG,YYZ,2026-12-28,215.59,120,290
PA154,HKG,SIN,2026-12-28,775.05,125,258
PA155,NRT,LAX,2026-12-28,599.06,106,201
PA180,PVG,SIN,2026-12-28,396.11,102,223
PA187,HKG,NRT,2026-12-28,695.94,45,170
PA202,HKG,SIN,2026-12-28,567.5,54,152
PA207,LAX,YYZ,2026-12-28,453.79,145,217
PA208,LAX,HKG,2026-12-28,164.61,56,163
PA209,PVG,HKG,2026-12-28,130.86,65,220
PA214,JFK,YYZ,2026-12-28,125.22,111,289
PA234,LAX,HKG,2026-12-28,175.88,121,159
PA258,CDG,LHR,2026-12-28,379.76,52,276
PA267,HKG,YYZ,2026-12-28,281.43,76,265
PA269,HKG,SIN,2026-12-28,538.72,122,274
PA274,JFK,YYZ,2026-12-28,144.96,47,204
PA107,NRT,SIN,2026-12-29,666.6,145,221
PA114,CDG,LHR,2026-12-29,486.43,54,170
PA125,YYZ,LAX,2026-12-29,380.82,33,230
PA127,NRT,HKG,2026-12-29,248.84,73,230
PA130,LAX,NRT,2026-12-29,477.28,201,293
PA131,NRT,SIN,2026-12-29,728.48,105,259
PA139,YYZ,PVG,2026-12-29,625.61,38,287
PA144,YVR,NRT,2026-12-29,526.28,193,279
PA145,JFK,YYZ,2026-12-29,633.76,23,245
PA149,YVR,NRT,2026-12-29,140.55,28,211
PA158,LAX,JFK,2026-12-29,336.66,69,166
PA164,LAX,YYZ,2026-12-29,192.62,155,288
PA168,PVG,YYZ,2026-12-29,704.69,197,269
PA182,YVR,YYZ,2026-12-29,778.1,48,205
PA194,YVR,HKG,2026-12-29,285.93,127,211
PA198,LAX,YYZ,2026-12-29,285.64,49,279
PA206,YVR,YYZ,2026-12-29,602.33,78,203
PA210,LHR,YYZ,2026-12-29,545.98,129,183
PA221,LAX,NRT,2026-12-29,783.34,151,191
PA241,YYZ,YVR,2026-12-29,536.21,142,234
PA245,PVG,YYZ,2026-12-29,574.12,128,247
PA246,JFK,LHR,2026-12-29,310.66,139,295
PA250,PVG,NRT,2026-12-29,457.82,105,204
PA254,JFK,CDG,2026-12-29,117.1,22,187
PA263,PVG,SIN,2026-12-29,791.52,58,285
PA284,CDG,LHR,2026-12-29,568.21,129,236
PA290,CDG,LHR,2026-12-29,248.16,151,233
PA293,PVG,YYZ,2026-12-29,684.44,12,214
PA102,YYZ,LHR,2026-12-30,160.86,140,289
PA105,YYZ,JFK,2026-12-30,239.19,49,293
PA108,YYZ,JFK,2026-12-30,588.7,73,190
PA117,YVR,YYZ,2026-12-30,698.72,119,170
PA124,YVR,HKG,2026-12-30,260.33,73,164
PA144,YVR,NRT,2026-12-30,526.28,174,279
PA158,LAX,JFK,2026-12-30,336.66,28,166
PA159,NRT,SIN,2026-12-30,261.08,220,291
PA161,SIN,PVG,2026-12-30,260.26,12,165
PA171,JFK,CDG,2026-12-30,414.03,138,287
PA175,NRT,LAX,2026-12-30,778.3,63,153
PA184,YVR,HKG,2026-12-30,135.1,10,164
PA187,HKG,NRT,2026-12-30,695.94,19,170
PA190,NRT,HKG,2026-12-30,505.24,57,213
PA196,YYZ,YVR,2026-12-30,420.8,79,152
PA199,LHR,JFK,2026-12-30,715.49,62,167
PA204,YYZ,LHR,2026-12-30,285.13,28,184
PA213,YYZ,PVG,2026-12-30,761.54,96,169
PA214,JFK,YYZ,2026-12-30,125.22,23,289
PA220,PVG,YYZ,2026-12-30,748.03,80,189
PA238,NRT,HKG,2026-12-30,278.31,43,198
PA246,JFK,LHR,2026-12-30,310.66,39,295
PA264,SIN,HKG,2026-12-30,765.03,90,231
PA274,JFK,YYZ,2026-12-30,144.96,10,204
PA279,NRT,HKG,2026-12-30,433.89,166,247
PA280,LHR,JFK,2026-12-30,627.43,95,226
PA289,PVG,SIN,2026-12-30,135.2,114,196
PA296,YYZ,YVR,2026-12-30,627.96,19,160
PA106,NRT,LAX,2026-12-31,254.31,118,257
PA108,YYZ,JFK,2026-12-31,588.7,20,190
PA113,PVG,SIN,2026-12-31,187.38,59,287
PA120,LHR,JFK,2026-12-31,569.12,161,203
PA133,YYZ,HKG,2026-12-31,445.46,41,280
PA134,YYZ,LAX,2026-12-31,206.99,137,178
PA141,JFK,LAX,2026-12-31,102.27,200,266
PA147,SIN,HKG,2026-12-31,442.02,58,232
PA164,LAX,YYZ,2026-12-31,192.62,220,288
PA165,NRT,HKG,2026-12-31,430.87,184,297
PA167,YYZ,LHR,2026-12-31,348.01,122,260
PA171,JFK,CDG,2026-12-31,414.03,173,287
PA181,NRT,YVR,2026-12-31,208.36,23,274
PA183,NRT,SIN,2026-12-31,142.67,172,288
PA191,YYZ,LAX,2026-12-31,393.46,106,170
PA192,NRT,SIN,2026-12-31,465.95,169,294
PA201,NRT,LAX,2026-12-31,528.17,126,227
PA206,YVR,YYZ,2026-12-31,602.33,88,203
PA207,LAX,YYZ,2026-12-31,453.79,147,217
PA208,LAX,HKG,2026-12-31,164.61,108,163
PA214,JFK,YYZ,2026-12-31,125.22,70,289
PA217,LHR,CDG,2026-12-31,729.25,72,160
PA218,LAX,YYZ,2026-12-31,566.85,94,213
PA221,LAX,NRT,2026-12-31,783.34,17,191
PA223,LHR,YYZ,2026-12-31,661.56,133,255
PA227,PVG,SIN,2026-12-31,313.63,60,239
PA228,LAX,JFK,2026-12-31,116.57,53,207
PA234,LAX,HKG,2026-12-31,175.88,67,159
PA255,LAX,NRT,2026-12-31,527.89,61,271
PA260,YYZ,LHR,2026-12-31,253.19,98,258
PA266,NRT,YVR,2026-12-31,728.05,111,264
PA285,CDG,JFK,2026-12-31,688.35,132,192
PA287,CDG,JFK,2026-12-31,564.1,192,294
PA128,HKG,PVG,2027-01-01,719.28,80,251
PA130,LAX,NRT,2027-01-01,477.28,45,293
PA133,YYZ,HKG,2027-01-01,445.46,215,280
PA137,PVG,SIN,2027-01-01,275.99,191,285
PA141,JFK,LAX,2027-01-01,102.27,153,266
PA143,HKG,NRT,2027-01-01,709.36,64,177
PA145,JFK,YYZ,2027-01-01,633.76,191,245
PA152,NRT,LAX,2027-01-01,189.87,137,182
PA166,HKG,YYZ,2027-01-01,233.29,105,254
PA168,PVG,YYZ,2027-01-01,704.69,138,269
PA179,CDG,LHR,2027-01-01,748.56,19,217
PA180,PVG,SIN,2027-01-01,396.11,158,223
PA204,YYZ,LHR,2027-01-01,285.13,41,184
PA207,LAX,YYZ,2027-01-01,453.79,131,217
PA209,PVG,HKG,2027-01-01,130.86,116,220
PA239,PVG,HKG,2027-01-01,463.94,43,150
PA253,LAX,NRT,2027-01-01,257.25,67,229
PA254,JFK,CDG,2027-01-01,117.1,73,187
PA256,YYZ,YVR,2027-01-01,390.11,175,266
PA268,LAX,NRT,2027-01-01,636.07,31,220
PA270,LAX,SIN,2027-01-01,154.24,201,262
PA271,YVR,YYZ,2027-01-01,290.2,111,210
PA274,JFK,YYZ,2027-01-01,144.96,73,204
PA277,PVG,YYZ,2027-01-01,733.39,198,249
PA283,LAX,SIN,2027-01-01,439.95,56,261
PA284,CDG,LHR,2027-01-01,568.21,115,236
PA286,YYZ,HKG,2027-01-01,118.88,90,286
PA101,LAX,SIN,2027-01-02,256.25,43,212
PA117,YVR,YYZ,2027-01-02,698.72,68,170
PA129,PVG,SIN,2027-01-02,285.42,97,186
PA131,NRT,SIN,2027-01-02,728.48,95,259
PA146,NRT,LAX,2027-01-02,742.95,138,285
PA150,NRT,HKG,2027-01-02,159.96,134,170
PA154,HKG,SIN,2027-01-02,775.05,31,258
PA158,LAX,JFK,2027-01-02,336.66,128,166
PA173,LAX,NRT,2027-01-02,410.19,12,169
PA174,NRT,YVR,2027-01-02,135.41,105,175
PA183,NRT,SIN,2027-01-02,142.67,125,288
PA186,HKG,SIN,2027-01-02,139.82,26,190
PA187,HKG,NRT,2027-01-02,695.94,124,170
PA194,YVR,HKG,2027-01-02,285.93,107,211
PA200,LHR,CDG,2027-01-02,210.42,61,222
PA217,LHR,CDG,2027-01-02,729.25,98,160
PA224,LAX,NRT,2027-01-02,211.44,92,218
PA229,JFK,CDG,2027-01-02,329.78,126,252
PA232,NRT,LAX,2027-01-02,757.47,159,234
PA236,YVR,HKG,2027-01-02,524.35,140,261
PA237,HKG,NRT,2027-01-02,369.64,117,179
PA240,NRT,LAX,2027-01-02,354.96,52,200
PA242,YYZ,PVG,2027-01-02,454.99,65,226
PA243,PVG,YYZ,2027-01-02,381.68,21,233
PA249,SIN,HKG,2027-01-02,425.49,77,232
PA253,LAX,NRT,2027-01-02,257.25,24,229
PA263,PVG,SIN,2027-01-02,791.52,124,285
PA268,LAX,NRT,2027-01-02,636.07,61,220
PA279,NRT,HKG,2027-01-02,433.89,124,247
PA280,LHR,JFK,2027-01-02,627.43,61,226
PA289,PVG,SIN,2027-01-02,135.2,55,196
PA293,PVG,YYZ,2027-01-02,684.44,93,214
PA103,PVG,HKG,2027-01-03,120.86,99,158
PA105,YYZ,JFK,2027-01-03,239.19,26,293
PA124,YVR,HKG,2027-01-03,260.33,69,164
PA127,NRT,HKG,2027-01-03,248.84,39,230
PA133,YYZ,HKG,2027-01-03,445.46,148,280
PA136,CDG,LHR,2027-01-03,517.12,144,247
PA137,PVG,SIN,2027-01-03,275.99,132,285
PA143,HKG,NRT,2027-01-03,709.36,56,177
PA152,NRT,LAX,2027-01-03,189.87,145,182
PA153,HKG,YYZ,2027-01-03,215.59,142,290
PA154,HKG,SIN,2027-01-03,775.05,144,258
PA168,PVG,YYZ,2027-01-03,704.69,124,269
PA174,NRT,YVR,2027-01-03,135.41,83,175
PA187,HKG,NRT,2027-01-03,695.94,39,170
PA199,LHR,JFK,2027-01-03,715.49,123,167
PA217,LHR,CDG,2027-01-03,729.25,30,160
PA219,LHR,JFK,2027-01-03,718.89,101,293
PA234,LAX,HKG,2027-01-03,175.88,112,159
PA247,NRT,YVR,2027-01-03,312.71,28,150
PA259,JFK,YYZ,2027-01-03,724.86,17,151
PA262,LAX,NRT,2027-01-03,419.52,40,181
PA264,SIN,HKG,2027-01-03,765.03,76,231
PA266,NRT,YVR,2027-01-03,728.05,84,264
PA268,LAX,NRT,2027-01-03,636.07,80,220
PA279,NRT,HKG,2027-01-03,433.89,138,247
PA287,CDG,JFK,2027-01-03,564.1,41,294
PA297,LAX,NRT,2027-01-03,687.46,141,201
PA101,LAX,SIN,2027-01-04,256.25,146,212
PA110,LHR,YYZ,2027-01-04,164.92,88,176
PA121,YYZ,YVR,2027-01-04,473.9,119,193
PA122,LAX,NRT,2027-01-04,423.58,91,191
PA125,YYZ,LAX,2027-01-04,380.82,26,230
PA136,CDG,LHR,2027-01-04,517.12,175,247
PA143,HKG,NRT,2027-01-04,709.36,132,177
PA145,JFK,YYZ,2027-01-04,633.76,191,245
PA154,HKG,SIN,2027-01-04,775.05,153,258
PA171,JFK,CDG,2027-01-04,414.03,180,287
PA187,HKG,NRT,2027-01-04,695.94,109,170
PA201,NRT,LAX,2027-01-04,528.17,154,227
PA208,LAX,HKG,2027-01-04,164.61,71,163
PA217,LHR,CDG,2027-01-04,729.25,96,160
PA233,YYZ,PVG,2027-01-04,225.0,160,216
PA237,HKG,NRT,2027-01-04,369.64,94,179
PA244,YVR,YYZ,2027-01-04,189.1,214,291
PA253,LAX,NRT,2027-01-04,257.25,105,229
PA257,SIN,PVG,2027-01-04,236.1,141,297
PA266,NRT,YVR,2027-01-04,728.05,19,264
PA268,LAX,NRT,2027-01-04,636.07,172,220
PA276,PVG,YYZ,2027-01-04,244.78,98,165
PA283,LAX,SIN,2027-01-04,439.95,206,261
PA284,CDG,LHR,2027-01-04,568.21,118,236
PA297,LAX,NRT,2027-01-04,687.46,14,201
PA110,LHR,YYZ,2027-01-05,164.92,16,176
PA113,PVG,SIN,2027-01-05,187.38,198,287
PA116,YYZ,YVR,2027-01-05,562.88,21,161
PA118,YYZ,LHR,2027-01-05,294.58,49,247
PA119,SIN,PVG,2027-01-05,213.86,160,243
PA145,JFK,YYZ,2027-01-05,633.76,91,245
PA146,NRT,LAX,2027-01-05,742.95,147,285
PA175,NRT,LAX,2027-01-05,778.3,80,153
PA180,PVG,SIN,2027-01-05,396.11,107,223
PA182,YVR,YYZ,2027-01-05,778.1,13,205
PA188,YYZ,YVR,2027-01-05,572.65,55,167
PA189,LAX,NRT,2027-01-05,183.92,51,253
PA198,LAX,YYZ,2027-01-05,285.64,121,279
PA201,NRT,LAX,2027-01-05,528.17,33,227
PA205,YYZ,LHR,2027-01-05,208.81,47,291
PA209,PVG,HKG,2027-01-05,130.86,35,220
PA222,JFK,LHR,2027-01-05,117.35,148,255
PA244,YVR,YYZ,2027-01-05,189.1,50,291
PA250,PVG,NRT,2027-01-05,457.82,32,204
PA260,YYZ,LHR,2027-01-05,253.19,119,258
PA262,LAX,NRT,2027-01-05,419.52,100,181
PA265,PVG,NRT,2027-01-05,398.72,23,279
PA283,LAX,SIN,2027-01-05,439.95,105,261
PA290,CDG,LHR,2027-01-05,248.16,113,233
PA292,CDG,LHR,2027-01-05,626.41,58,221
PA296,YYZ,YVR,2027-01-05,627.96,36,160
PA298,SIN,NRT,2027-01-05,266.98,81,189
PA103,PVG,HKG,2027-01-06,120.86,113,158
PA119,SIN,PVG,2027-01-06,213.86,166,243
PA122,LAX,NRT,2027-01-06,423.58,45,191
PA123,LAX,SIN,2027-01-06,253.73,73,292
PA133,YYZ,HKG,2027-01-06,445.46,184,280
PA158,LAX,JFK,2027-01-06,336.66,72,166
PA170,LHR,YYZ,2027-01-06,274.06,13,177
PA180,PVG,SIN,2027-01-06,396.11,47,223
PA212,NRT,YVR,2027-01-06,492.63,207,259
PA235,PVG,HKG,2027-01-06,609.98,16,238
PA246,JFK,LHR,2027-01-06,310.66,160,295
PA267,HKG,YYZ,2027-01-06,281.43,174,265
PA280,LHR,JFK,2027-01-06,627.43,38,226
PA290,CDG,LHR,2027-01-06,248.16,147,233
PA107,NRT,SIN,2027-01-07,666.6,65,221
PA121,YYZ,YVR,2027-01-07,473.9,16,193
PA125,YYZ,LAX,2027-01-07,380.82,145,230
PA146,NRT,LAX,2027-01-07,742.95,37,285
PA170,LHR,YYZ,2027-01-07,274.06,119,177
PA179,CDG,LHR,2027-01-07,748.56,170,217
PA180,PVG,SIN,2027-01-07,396.11,64,223
PA189,LAX,NRT,2027-01-07,183.92,85,253
PA197,NRT,HKG,2027-01-07,151.28,21,175
PA199,LHR,JFK,2027-01-07,715.49,34,167
PA200,LHR,CDG,2027-01-07,210.42,120,222
PA202,HKG,SIN,2027-01-07,567.5,93,152
PA212,NRT,YVR,2027-01-07,492.63,203,259
PA213,YYZ,PVG,2027-01-07,761.54,47,169
PA220,PVG,YYZ,2027-01-07,748.03,19,189
PA232,NRT,LAX,2027-01-07,757.47,184,234
PA235,PVG,HKG,2027-01-07,609.98,175,238
PA238,NRT,HKG,2027-01-07,278.31,68,198
PA249,SIN,HKG,2027-01-07,425.49,42,232
PA266,NRT,YVR,2027-01-07,728.05,148,264
PA293,PVG,YYZ,2027-01-07,684.44,143,214
PA294,HKG,YYZ,2027-01-07,624.32,93,154
PA113,PVG,SIN,2027-01-08,187.38,69,287
PA117,YVR,YYZ,2027-01-08,698.72,111,170
PA125,YYZ,LAX,2027-01-08,380.82,133,230
PA134,YYZ,LAX,2027-01-08,206.99,87,178
PA135,JFK,LAX,2027-01-08,517.49,177,258
PA141,JFK,LAX,2027-01-08,102.27,61,266
PA147,SIN,HKG,2027-01-08,442.02,176,232
PA148,YYZ,PVG,2027-01-08,715.11,109,242
PA156,CDG,JFK,2027-01-08,406.67,96,245
PA160,LAX,JFK,2027-01-08,149.7,88,151
PA163,LAX,NRT,2027-01-08,568.28,125,221
PA164,LAX,YYZ,2027-01-08,192.62,206,288
PA171,JFK,CDG,2027-01-08,414.03,127,287
PA190,NRT,HKG,2027-01-08,505.24,38,213
PA200,LHR,CDG,2027-01-08,210.42,39,222
PA202,HKG,SIN,2027-01-08,567.5,76,152
PA204,YYZ,LHR,2027-01-08,285.13,141,184
PA207,LAX,YYZ,2027-01-08,453.79,64,217
PA214,JFK,YYZ,2027-01-08,125.22,157,289
PA220,PVG,YYZ,2027-01-08,748.03,99,189
PA223,LHR,YYZ,2027-01-08,661.56,168,255
PA228,LAX,JFK,2027-01-08,116.57,117,207
PA230,YYZ,YVR,2027-01-08,345.8,153,221
PA250,PVG,NRT,2027-01-08,457.82,84,204
PA251,JFK,LAX,2027-01-08,298.65,47,171
PA276,PVG,YYZ,2027-01-08,244.78,80,165
PA294,HKG,YYZ,2027-01-08,624.32,74,154
PA106,NRT,LAX,2027-01-09,254.31,103,257
PA118,YYZ,LHR,2027-01-09,294.58,109,247
PA129,PVG,SIN,2027-01-09,285.42,29,186
PA137,PVG,SIN,2027-01-09,275.99,47,285
PA138,NRT,YVR,2027-01-09,576.2,96,152
PA164,LAX,YYZ,2027-01-09,192.62,93,288
PA168,PVG,YYZ,2027-01-09,704.69,211,269
PA189,LAX,NRT,2027-01-09,183.92,60,253
PA190,NRT,HKG,2027-01-09,505.24,62,213
PA192,NRT,SIN,2027-01-09,465.95,145,294
PA193,LAX,HKG,2027-01-09,568.81,43,202
PA207,LAX,YYZ,2027-01-09,453.79,52,217
PA220,PVG,YYZ,2027-01-09,748.03,129,189
PA222,JFK,LHR,2027-01-09,117.35,101,255
PA233,YYZ,PVG,2027-01-09,225.0,32,216
PA246,JFK,LHR,2027-01-09,310.66,208,295
PA247,NRT,YVR,2027-01-09,312.71,64,150
PA254,JFK,CDG,2027-01-09,117.1,41,187
PA256,YYZ,YVR,2027-01-09,390.11,175,266
PA257,SIN,PVG,2027-01-09,236.1,136,297
PA271,YVR,YYZ,2027-01-09,290.2,17,210
PA280,LHR,JFK,2027-01-09,627.43,177,226
PA287,CDG,JFK,2027-01-09,564.1,140,294
PA291,YVR,HKG,2027-01-09,632.86,59,236
PA295,YYZ,LAX,2027-01-09,256.96,174,239
PA297,LAX,NRT,2027-01-09,687.46,50,201
PA107,NRT,SIN,2027-01-10,666.6,144,221
PA108,YYZ,JFK,2027-01-10,588.7,86,190
PA119,SIN,PVG,2027-01-10,213.86,107,243
PA132,CDG,JFK,2027-01-10,253.52,51,242
PA138,NRT,YVR,2027-01-10,576.2,44,152
PA144,YVR,NRT,2027-01-10,526.28,115,279
PA145,JFK,YYZ,2027-01-10,633.76,148,245
PA147,SIN,HKG,2027-01-10,442.02,174,232
PA153,HKG,YYZ,2027-01-10,215.59,203,290
PA155,NRT,LAX,2027-01-10,599.06,106,201
PA172,PVG,HKG,2027-01-10,294.98,144,196
PA177,HKG,YYZ,2027-01-10,705.26,10,204
PA185,HKG,YYZ,2027-01-10,743.57,14,278
PA194,YVR,HKG,2027-01-10,285.93,26,211
PA199,LHR,JFK,2027-01-10,715.49,133,167
PA209,PVG,HKG,2027-01-10,130.86,98,220
PA218,LAX,YYZ,2027-01-10,566.85,129,213
PA251,JFK,LAX,2027-01-10,298.65,71,171
PA255,LAX,NRT,2027-01-10,527.89,100,271
PA268,LAX,NRT,2027-01-10,636.07,136,220
PA269,HKG,SIN,2027-01-10,538.72,186,274
PA281,PVG,YYZ,2027-01-10,623.26,206,287
PA284,CDG,LHR,2027-01-10,568.21,145,236
PA297,LAX,NRT,2027-01-10,687.46,25,201
PA100,SIN,PVG,2027-01-11,117.51,17,178
PA111,YYZ,LHR,2027-01-11,693.25,33,241
PA134,YYZ,LAX,2027-01-11,206.99,137,178
PA135,JFK,LAX,2027-01-11,517.49,170,258
PA142,LAX,HKG,2027-01-11,633.37,67,278
PA144,YVR,NRT,2027-01-11,526.28,196,279
PA149,YVR,NRT,2027-01-11,140.55,36,211
PA150,NRT,HKG,2027-01-11,159.96,54,170
PA156,CDG,JFK,2027-01-11,406.67,93,245
PA169,YYZ,LAX,2027-01-11,142.43,117,175
PA215,LHR,CDG,2027-01-11,486.77,85,299
PA221,LAX,NRT,2027-01-11,783.34,70,191
PA223,LHR,YYZ,2027-01-11,661.56,22,255
PA225,YYZ,LHR,2027-01-11,710.52,175,247
PA227,PVG,SIN,2027-01-11,313.63,168,239
PA237,HKG,NRT,2027-01-11,369.64,33,179
PA244,YVR,YYZ,2027-01-11,189.1,104,291
PA250,PVG,NRT,2027-01-11,457.82,84,204
PA257,SIN,PVG,2027-01-11,236.1,217,297
PA259,JFK,YYZ,2027-01-11,724.86,12,151
PA270,LAX,SIN,2027-01-11,154.24,58,262
PA276,PVG,YYZ,2027-01-11,244.78,37,165
PA277,PVG,YYZ,2027-01-11,733.39,110,249
PA282,NRT,LAX,2027-01-11,441.76,115,206
PA287,CDG,JFK,2027-01-11,564.1,81,294
PA289,PVG,SIN,2027-01-11,135.2,40,196
PA296,YYZ,YVR,2027-01-11,627.96,98,160
PA297,LAX,NRT,2027-01-11,687.46,122,201
PA298,SIN,NRT,2027-01-11,266.98,65,189
PA104,LAX,YYZ,2027-01-12,453.75,85,209
PA109,LHR,YYZ,2027-01-12,208.84,25,221
PA114,CDG,LHR,2027-01-12,486.43,115,170
PA117,YVR,YYZ,2027-01-12,698.72,66,170
PA140,LHR,YYZ,2027-01-12,305.45,42,178
PA143,HKG,NRT,2027-01-12,709.36,96,177
PA148,YYZ,PVG,2027-01-12,715.11,47,242
PA150,NRT,HKG,2027-01-12,159.96,12,170
PA151,HKG,PVG,2027-01-12,784.59,67,167
PA156,CDG,JFK,2027-01-12,406.67,113,245
PA169,YYZ,LAX,2027-01-12,142.43,96,175
PA180,PVG,SIN,2027-01-12,396.11,79,223
PA209,PVG,HKG,2027-01-12,130.86,12,220
PA217,LHR,CDG,2027-01-12,729.25,116,160
PA219,LHR,JFK,2027-01-12,718.89,170,293
PA221,LAX,NRT,2027-01-12,783.34,38,191
PA222,JFK,LHR,2027-01-12,117.35,51,255
PA227,PVG,SIN,2027-01-12,313.63,83,239
PA231,HKG,NRT,2027-01-12,575.66,54,252
PA240,NRT,LAX,2027-01-12,354.96,116,200
PA257,SIN,PVG,2027-01-12,236.1,58,297
PA262,LAX,NRT,2027-01-12,419.52,108,181
PA266,NRT,YVR,2027-01-12,728.05,67,264
PA268,LAX,NRT,2027-01-12,636.07,163,220
PA269,HKG,SIN,2027-01-12,538.72,43,274
PA278,NRT,SIN,2027-01-12,699.71,112,155
PA282,NRT,LAX,2027-01-12,441.76,28,206
PA296,YYZ,YVR,2027-01-12,627.96,81,160
PA298,SIN,NRT,2027-01-12,266.98,150,189
PA104,LAX,YYZ,2027-01-13,453.75,86,209
PA111,YYZ,LHR,2027-01-13,693.25,108,241
PA113,PVG,SIN,2027-01-13,187.38,172,287
PA123,LAX,SIN,2027-01-13,253.73,43,292
PA124,YVR,HKG,2027-01-13,260.33,127,164
PA129,PVG,SIN,2027-01-13,285.42,26,186
PA130,LAX,NRT,2027-01-13,477.28,154,293
PA132,CDG,JFK,2027-01-13,253.52,112,242
PA136,CDG,LHR,2027-01-13,517.12,174,247
PA138,NRT,YVR,2027-01-13,576.2,62,152
PA141,JFK,LAX,2027-01-13,102.27,70,266
PA155,NRT,LAX,2027-01-13,599.06,19,201
PA157,HKG,SIN,2027-01-13,184.7,174,265
PA160,LAX,JFK,2027-01-13,149.7,84,151
PA166,HKG,YYZ,2027-01-13,233.29,176,254
PA181,NRT,YVR,2027-01-13,208.36,143,274
PA182,YVR,YYZ,2027-01-13,778.1,150,205
PA198,LAX,YYZ,2027-01-13,285.64,110,279
PA214,JFK,YYZ,2027-01-13,125.22,164,289
PA216,PVG,HKG,2027-01-13,129.28,129,182
PA217,LHR,CDG,2027-01-13,729.25,121,160
PA218,LAX,YYZ,2027-01-13,566.85,114,213
PA228,LAX,JFK,2027-01-13,116.57,44,207
PA238,NRT,HKG,2027-01-13,278.31,111,198
PA242,YYZ,PVG,2027-01-13,454.99,143,226
PA243,PVG,YYZ,2027-01-13,381.68,65,233
PA244,YVR,YYZ,2027-01-13,189.1,36,291
PA292,CDG,LHR,2027-01-13,626.41,106,221
PA293,PVG,YYZ,2027-01-13,684.44,161,214
PA296,YYZ,YVR,2027-01-13,627.96,35,160
PA107,NRT,SIN,2027-01-14,666.6,58,221
PA124,YVR,HKG,2027-01-14,260.33,63,164
PA127,NRT,HKG,2027-01-14,248.84,149,230
PA137,PVG,SIN,2027-01-14,275.99,145,285
PA140,LHR,YYZ,2027-01-14,305.45,67,178
PA152,NRT,LAX,2027-01-14,189.87,36,182
PA157,HKG,SIN,2027-01-14,184.7,137,265
PA163,LAX,NRT,2027-01-14,568.28,148,221
PA168,PVG,YYZ,2027-01-14,704.69,129,269
PA184,YVR,HKG,2027-01-14,135.1,11,164
PA192,NRT,SIN,2027-01-14,465.95,71,294
PA200,LHR,CDG,2027-01-14,210.42,146,222
PA225,YYZ,LHR,2027-01-14,710.52,172,247
PA237,HKG,NRT,2027-01-14,369.64,39,179
PA239,PVG,HKG,2027-01-14,463.94,64,150
PA268,LAX,NRT,2027-01-14,636.07,18,220
PA274,JFK,YYZ,2027-01-14,144.96,141,204
PA299,HKG,YYZ,2027-01-14,494.78,107,179
PA102,YYZ,LHR,2027-01-15,160.86,105,289
PA105,YYZ,JFK,2027-01-15,239.19,86,293
PA109,LHR,YYZ,2027-01-15,208.84,139,221
PA115,SIN,PVG,2027-01-15,504.15,152,242
PA117,YVR,YYZ,2027-01-15,698.72,135,170
PA118,YYZ,LHR,2027-01-15,294.58,171,247
PA125,YYZ,LAX,2027-01-15,380.82,59,230
PA129,PVG,SIN,2027-01-15,285.42,127,186
PA147,SIN,HKG,2027-01-15,442.02,43,232
PA148,YYZ,PVG,2027-01-15,715.11,90,242
PA155,NRT,LAX,2027-01-15,599.06,15,201
PA171,JFK,CDG,2027-01-15,414.03,52,287
PA179,CDG,LHR,2027-01-15,748.56,23,217
PA186,HKG,SIN,2027-01-15,139.82,48,190
PA187,HKG,NRT,2027-01-15,695.94,32,170
PA192,NRT,SIN,2027-01-15,465.95,149,294
PA203,NRT,YVR,2027-01-15,752.23,144,226
PA213,YYZ,PVG,2027-01-15,761.54,87,169
PA222,JFK,LHR,2027-01-15,117.35,38,255
PA226,HKG,YYZ,2027-01-15,239.7,109,206
PA227,PVG,SIN,2027-01-15,313.63,68,239
PA232,NRT,LAX,2027-01-15,757.47,89,234
PA237,HKG,NRT,2027-01-15,369.64,93,179
PA241,YYZ,YVR,2027-01-15,536.21,84,234
PA242,YYZ,PVG,2027-01-15,454.99,173,226
PA243,PVG,YYZ,2027-01-15,381.68,62,233
PA246,JFK,LHR,2027-01-15,310.66,210,295
PA254,JFK,CDG,2027-01-15,117.1,149,187
PA263,PVG,SIN,2027-01-15,791.52,27,285
PA268,LAX,NRT,2027-01-15,636.07,143,220
PA269,HKG,SIN,2027-01-15,538.72,190,274
PA277,PVG,YYZ,2027-01-15,733.39,52,249
PA286,YYZ,HKG,2027-01-15,118.88,50,286
PA288,YYZ,YVR,2027-01-15,194.99,52,259
PA292,CDG,LHR,2027-01-15,626.41,17,221
PA295,YYZ,LAX,2027-01-15,256.96,76,239
PA297,LAX,NRT,2027-01-15,687.46,93,201
PA106,NRT,LAX,2027-01-16,254.31,113,257
PA110,LHR,YYZ,2027-01-16,164.92,84,176
PA137,PVG,SIN,2027-01-16,275.99,181,285
PA141,JFK,LAX,2027-01-16,102.27,101,266
PA149,YVR,NRT,2027-01-16,140.55,96,211
PA151,HKG,PVG,2027-01-16,784.59,55,167
PA157,HKG,SIN,2027-01-16,184.7,50,265
PA163,LAX,NRT,2027-01-16,568.28,88,221
PA165,NRT,HKG,2027-01-16,430.87,237,297
PA167,YYZ,LHR,2027-01-16,348.01,159,260
PA168,PVG,YYZ,2027-01-16,704.69,28,269
PA169,YYZ,LAX,2027-01-16,142.43,100,175
PA178,YYZ,LAX,2027-01-16,365.28,121,192
PA187,HKG,NRT,2027-01-16,695.94,77,170
PA215,LHR,CDG,2027-01-16,486.77,218,299
PA221,LAX,NRT,2027-01-16,783.34,129,191
PA225,YYZ,LHR,2027-01-16,710.52,63,247
PA228,LAX,JFK,2027-01-16,116.57,111,207
PA232,NRT,LAX,2027-01-16,757.47,124,234
PA234,LAX,HKG,2027-01-16,175.88,44,159
PA240,NRT,LAX,2027-01-16,354.96,84,200
PA241,YYZ,YVR,2027-01-16,536.21,166,234
PA245,PVG,YYZ,2027-01-16,574.12,0,247
PA254,JFK,CDG,2027-01-16,117.1,34,187
PA259,JFK,YYZ,2027-01-16,724.86,9,151
PA275,PVG,YYZ,2027-01-16,479.83,66,234
PA279,NRT,HKG,2027-01-16,433.89,58,247
PA281,PVG,YYZ,2027-01-16,623.26,37,287
PA285,CDG,JFK,2027-01-16,688.35,85,192
PA291,YVR,HKG,2027-01-16,632.86,107,236
PA297,LAX,NRT,2027-01-16,687.46,122,201
PA103,PVG,HKG,2027-01-17,120.86,15,158
PA111,YYZ,LHR,2027-01-17,693.25,151,241
PA116,YYZ,YVR,2027-01-17,562.88,57,161
PA132,CDG,JFK,2027-01-17,253.52,121,242
PA133,YYZ,HKG,2027-01-17,445.46,46,280
PA140,LHR,YYZ,2027-01-17,305.45,133,178
PA142,LAX,HKG,2027-01-17,633.37,54,278
PA151,HKG,PVG,2027-01-17,784.59,115,167
PA172,PVG,HKG,2027-01-17,294.98,64,196
PA177,HKG,YYZ,2027-01-17,705.26,46,204
PA182,YVR,YYZ,2027-01-17,778.1,120,205
PA199,LHR,JFK,2027-01-17,715.49,76,167
PA213,YYZ,PVG,2027-01-17,761.54,19,169
PA237,HKG,NRT,2027-01-17,369.64,116,179
PA242,YYZ,PVG,2027-01-17,454.99,152,226
PA249,SIN,HKG,2027-01-17,425.49,84,232
PA251,JFK,LAX,2027-01-17,298.65,61,171
PA254,JFK,CDG,2027-01-17,117.1,76,187
PA255,LAX,NRT,2027-01-17,527.89,53,271
PA261,HKG,SIN,2027-01-17,135.15,97,268
PA269,HKG,SIN,2027-01-17,538.72,29,274
PA290,CDG,LHR,2027-01-17,248.16,169,233
PA292,CDG,LHR,2027-01-17,626.41,107,221
PA106,NRT,LAX,2027-01-18,254.31,116,257
PA108,YYZ,JFK,2027-01-18,588.7,46,190
PA118,YYZ,LHR,2027-01-18,294.58,13,247
PA125,YYZ,LAX,2027-01-18,380.82,96,230
PA138,NRT,YVR,2027-01-18,576.2,87,152
PA152,NRT,LAX,2027-01-18,189.87,34,182
PA156,CDG,JFK,2027-01-18,406.67,74,245
PA162,YYZ,LAX,2027-01-18,149.6,69,234
PA178,YYZ,LAX,2027-01-18,365.28,97,192
PA184,YVR,HKG,2027-01-18,135.1,74,164
PA208,LAX,HKG,2027-01-18,164.61,55,163
PA215,LHR,CDG,2027-01-18,486.77,47,299
PA222,JFK,LHR,2027-01-18,117.35,165,255
PA225,YYZ,LHR,2027-01-18,710.52,196,247
PA232,NRT,LAX,2027-01-18,757.47,187,234
PA237,HKG,NRT,2027-01-18,369.64,105,179
PA241,YYZ,YVR,2027-01-18,536.21,79,234
PA246,JFK,LHR,2027-01-18,310.66,46,295
PA251,JFK,LAX,2027-01-18,298.65,53,171
PA257,SIN,PVG,2027-01-18,236.1,73,297
PA261,HKG,SIN,2027-01-18,135.15,41,268
PA272,YVR,HKG,2027-01-18,156.4,39,288
PA274,JFK,YYZ,2027-01-18,144.96,103,204
PA102,YYZ,LHR,2027-01-19,160.86,104,289
PA104,LAX,YYZ,2027-01-19,453.75,99,209
PA106,NRT,LAX,2027-01-19,254.31,96,257
PA107,NRT,SIN,2027-01-19,666.6,132,221
PA110,LHR,YYZ,2027-01-19,164.92,30,176
PA112,SIN,HKG,2027-01-19,664.99,19,217
PA119,SIN,PVG,2027-01-19,213.86,19,243
PA121,YYZ,YVR,2027-01-19,473.9,89,193
PA132,CDG,JFK,2027-01-19,253.52,138,242
PA139,YYZ,PVG,2027-01-19,625.61,43,287
PA152,NRT,LAX,2027-01-19,189.87,14,182
PA159,NRT,SIN,2027-01-19,261.08,57,291
PA161,SIN,PVG,2027-01-19,260.26,60,165
PA163,LAX,NRT,2027-01-19,568.28,124,221
PA169,YYZ,LAX,2027-01-19,142.43,41,175
PA176,LAX,NRT,2027-01-19,384.49,16,192
PA177,HKG,YYZ,2027-01-19,705.26,83,204
PA194,YVR,HKG,2027-01-19,285.93,67,211
PA200,LHR,CDG,2027-01-19,210.42,102,222
PA215,LHR,CDG,2027-01-19,486.77,102,299
PA218,LAX,YYZ,2027-01-19,566.85,72,213
PA221,LAX,NRT,2027-01-19,783.34,142,191
PA225,YYZ,LHR,2027-01-19,710.52,88,247
PA229,JFK,CDG,2027-01-19,329.78,33,252
PA235,PVG,HKG,2027-01-19,609.98,123,238
PA236,YVR,HKG,2027-01-19,524.35,122,261
PA241,YYZ,YVR,2027-01-19,536.21,112,234
PA244,YVR,YYZ,2027-01-19,189.1,198,291
PA245,PVG,YYZ,2027-01-19,574.12,21,247
PA259,JFK,YYZ,2027-01-19,724.86,11,151
PA271,YVR,YYZ,2027-01-19,290.2,94,210
PA291,YVR,HKG,2027-01-19,632.86,134,236
PA294,HKG,YYZ,2027-01-19,624.32,91,154
PA100,SIN,PVG,2027-01-20,117.51,65,178
PA102,YYZ,LHR,2027-01-20,160.86,196,289
PA117,YVR,YYZ,2027-01-20,698.72,84,170
PA118,YYZ,LHR,2027-01-20,294.58,142,247
PA129,PVG,SIN,2027-01-20,285.42,145,186
PA134,YYZ,LAX,2027-01-20,206.99,105,178
PA135,JFK,LAX,2027-01-20,517.49,73,258
PA144,YVR,NRT,2027-01-20,526.28,170,279
PA146,NRT,LAX,2027-01-20,742.95,92,285
PA151,HKG,PVG,2027-01-20,784.59,91,167
PA153,HKG,YYZ,2027-01-20,215.59,232,290
PA159,NRT,SIN,2027-01-20,261.08,64,291
PA164,LAX,YYZ,2027-01-20,192.62,120,288
PA171,JFK,CDG,2027-01-20,414.03,100,287
PA172,PVG,HKG,2027-01-20,294.98,53,196
PA190,NRT,HKG,2027-01-20,505.24,104,213
PA199,LHR,JFK,2027-01-20,715.49,36,167
PA201,NRT,LAX,2027-01-20,528.17,17,227
PA226,HKG,YYZ,2027-01-20,239.7,112,206
PA230,YYZ,YVR,2027-01-20,345.8,72,221
PA235,PVG,HKG,2027-01-20,609.98,63,238
PA242,YYZ,PVG,2027-01-20,454.99,112,226
PA245,PVG,YYZ,2027-01-20,574.12,62,247
PA246,JFK,LHR,2027-01-20,310.66,105,295
PA267,HKG,YYZ,2027-01-20,281.43,136,265
PA268,LAX,NRT,2027-01-20,636.07,19,220
PA270,LAX,SIN,2027-01-20,154.24,60,262
PA285,CDG,JFK,2027-01-20,688.35,11,192
PA286,YYZ,HKG,2027-01-20,118.88,30,286
PA296,YYZ,YVR,2027-01-20,627.96,36,160
PA111,YYZ,LHR,2027-01-21,693.25,121,241
PA114,CDG,LHR,2027-01-21,486.43,86,170
PA124,YVR,HKG,2027-01-21,260.33,117,164
PA128,HKG,PVG,2027-01-21,719.28,179,251
PA133,YYZ,HKG,2027-01-21,445.46,123,280
PA135,JFK,LAX,2027-01-21,517.49,190,258
PA136,CDG,LHR,2027-01-21,517.12,76,247
PA144,YVR,NRT,2027-01-21,526.28,38,279
PA156,CDG,JFK,2027-01-21,406.67,20,245
PA163,LAX,NRT,2027-01-21,568.28,84,221
PA175,NRT,LAX,2027-01-21,778.3,65,153
PA181,NRT,YVR,2027-01-21,208.36,184,274
PA188,YYZ,YVR,2027-01-21,572.65,13,167
PA190,NRT,HKG,2027-01-21,505.24,69,213
PA194,YVR,HKG,2027-01-21,285.93,129,211
PA196,YYZ,YVR,2027-01-21,420.8,92,152
PA200,LHR,CDG,2027-01-21,210.42,82,222
PA202,HKG,SIN,2027-01-21,567.5,16,152
PA205,YYZ,LHR,2027-01-21,208.81,89,291
PA213,YYZ,PVG,2027-01-21,761.54,94,169
PA229,JFK,CDG,2027-01-21,329.78,91,252
PA236,YVR,HKG,2027-01-21,524.35,182,261
PA240,NRT,LAX,2027-01-21,354.96,12,200
PA257,SIN,PVG,2027-01-21,236.1,224,297
PA277,PVG,YYZ,2027-01-21,733.39,153,249
PA278,NRT,SIN,2027-01-21,699.71,69,155
PA296,YYZ,YVR,2027-01-21,627.96,108,160
PA101,LAX,SIN,2027-01-22,256.25,58,212
PA123,LAX,SIN,2027-01-22,253.73,139,292
PA124,YVR,HKG,2027-01-22,260.33,9,164
PA146,NRT,LAX,2027-01-22,742.95,47,285
PA147,SIN,HKG,2027-01-22,442.02,78,232
PA154,HKG,SIN,2027-01-22,775.05,79,258
PA159,NRT,SIN,2027-01-22,261.08,159,291
PA166,HKG,YYZ,2027-01-22,233.29,106,254
PA167,YYZ,LHR,2027-01-22,348.01,136,260
PA172,PVG,HKG,2027-01-22,294.98,145,196
PA174,NRT,YVR,2027-01-22,135.41,100,175
PA203,NRT,YVR,2027-01-22,752.23,65,226
PA205,YYZ,LHR,2027-01-22,208.81,142,291
PA228,LAX,JFK,2027-01-22,116.57,36,207
PA237,HKG,NRT,2027-01-22,369.64,66,179
PA241,YYZ,YVR,2027-01-22,536.21,30,234
PA247,NRT,YVR,2027-01-22,312.71,70,150
PA251,JFK,LAX,2027-01-22,298.65,123,171
PA253,LAX,NRT,2027-01-22,257.25,15,229
PA256,YYZ,YVR,2027-01-22,390.11,85,266
PA265,PVG,NRT,2027-01-22,398.72,170,279
PA274,JFK,YYZ,2027-01-22,144.96,44,204
PA276,PVG,YYZ,2027-01-22,244.78,80,165
PA278,NRT,SIN,2027-01-22,699.71,106,155
PA282,NRT,LAX,2027-01-22,441.76,59,206
PA290,CDG,LHR,2027-01-22,248.16,59,233
PA299,HKG,YYZ,2027-01-22,494.78,126,179
PA102,YYZ,LHR,2027-01-23,160.86,176,289
PA128,HKG,PVG,2027-01-23,719.28,182,251
PA130,LAX,NRT,2027-01-23,477.28,67,293
PA139,YYZ,PVG,2027-01-23,625.61,131,287
PA145,JFK,YYZ,2027-01-23,633.76,48,245
PA146,NRT,LAX,2027-01-23,742.95,155,285
PA152,NRT,LAX,2027-01-23,189.87,125,182
PA159,NRT,SIN,2027-01-23,261.08,176,291
PA166,HKG,YYZ,2027-01-23,233.29,202,254
PA189,LAX,NRT,2027-01-23,183.92,185,253
PA190,NRT,HKG,2027-01-23,505.24,52,213
PA192,NRT,SIN,2027-01-23,465.95,203,294
PA197,NRT,HKG,2027-01-23,151.28,98,175
PA215,LHR,CDG,2027-01-23,486.77,110,299
PA218,LAX,YYZ,2027-01-23,566.85,166,213
PA226,HKG,YYZ,2027-01-23,239.7,83,206
PA230,YYZ,YVR,2027-01-23,345.8,157,221
PA237,HKG,NRT,2027-01-23,369.64,125,179
PA240,NRT,LAX,2027-01-23,354.96,111,200
PA241,YYZ,YVR,2027-01-23,536.21,106,234
PA242,YYZ,PVG,2027-01-23,454.99,38,226
PA252,SIN,PVG,2027-01-23,165.37,82,235
PA286,YYZ,HKG,2027-01-23,118.88,50,286
PA287,CDG,JFK,2027-01-23,564.1,158,294
PA295,YYZ,LAX,2027-01-23,256.96,0,239
PA105,YYZ,JFK,2027-01-24,239.19,74,293
PA118,YYZ,LHR,2027-01-24,294.58,19,247
PA126,YYZ,YVR,2027-01-24,739.2,35,204
PA127,NRT,HKG,2027-01-24,248.84,74,230
PA136,CDG,LHR,2027-01-24,517.12,75,247
PA137,PVG,SIN,2027-01-24,275.99,170,285
PA141,JFK,LAX,2027-01-24,102.27,70,266
PA148,YYZ,PVG,2027-01-24,715.11,91,242
PA153,HKG,YYZ,2027-01-24,215.59,80,290
PA162,YYZ,LAX,2027-01-24,149.6,44,234
PA163,LAX,NRT,2027-01-24,568.28,62,221
PA167,YYZ,LHR,2027-01-24,348.01,45,260
PA170,LHR,YYZ,2027-01-24,274.06,61,177
PA173,LAX,NRT,2027-01-24,410.19,18,169
PA176,LAX,NRT,2027-01-24,384.49,18,192
PA178,YYZ,LAX,2027-01-24,365.28,105,192
PA182,YVR,YYZ,2027-01-24,778.1,158,205
PA184,YVR,HKG,2027-01-24,135.1,68,164
PA192,NRT,SIN,2027-01-24,465.95,53,294
PA195,YYZ,HKG,2027-01-24,420.06,177,226
PA200,LHR,CDG,2027-01-24,210.42,35,222
PA202,HKG,SIN,2027-01-24,567.5,50,152
PA205,YYZ,LHR,2027-01-24,208.81,51,291
PA213,YYZ,PVG,2027-01-24,761.54,20,169
PA217,LHR,CDG,2027-01-24,729.25,115,160
PA223,LHR,YYZ,2027-01-24,661.56,186,255
PA229,JFK,CDG,2027-01-24,329.78,79,252
PA230,YYZ,YVR,2027-01-24,345.8,173,221
PA238,NRT,HKG,2027-01-24,278.31,158,198
PA246,JFK,LHR,2027-01-24,310.66,57,295
PA251,JFK,LAX,2027-01-24,298.65,70,171
PA258,CDG,LHR,2027-01-24,379.76,60,276
PA265,PVG,NRT,2027-01-24,398.72,81,279
PA275,PVG,YYZ,2027-01-24,479.83,159,234
PA278,NRT,SIN,2027-01-24,699.71,89,155
PA280,LHR,JFK,2027-01-24,627.43,14,226
PA281,PVG,YYZ,2027-01-24,623.26,155,287
PA286,YYZ,HKG,2027-01-24,118.88,125,286
PA288,YYZ,YVR,2027-01-24,194.99,17,259
PA294,HKG,YYZ,2027-01-24,624.32,86,154
PA298,SIN,NRT,2027-01-24,266.98,107,189
PA102,YYZ,LHR,2027-01-25,160.86,142,289
PA104,LAX,YYZ,2027-01-25,453.75,26,209
PA109,LHR,YYZ,2027-01-25,208.84,60,221
PA117,YVR,YYZ,2027-01-25,698.72,30,170
PA130,LAX,NRT,2027-01-25,477.28,70,293
PA136,CDG,LHR,2027-01-25,517.12,198,247
PA139,YYZ,PVG,2027-01-25,625.61,114,287
PA141,JFK,LAX,2027-01-25,102.27,168,266
PA142,LAX,HKG,2027-01-25,633.37,80,278
PA143,HKG,NRT,2027-01-25,709.36,79,177
PA166,HKG,YYZ,2027-01-25,233.29,158,254
PA174,NRT,YVR,2027-01-25,135.41,71,175
PA181,NRT,YVR,2027-01-25,208.36,141,274
PA182,YVR,YYZ,2027-01-25,778.1,139,205
PA187,HKG,NRT,2027-01-25,695.94,23,170
PA213,YYZ,PVG,2027-01-25,761.54,47,169
PA214,JFK,YYZ,2027-01-25,125.22,33,289
PA222,JFK,LHR,2027-01-25,117.35,94,255
PA225,YYZ,LHR,2027-01-25,710.52,132,247
PA231,HKG,NRT,2027-01-25,575.66,125,252
PA234,LAX,HKG,2027-01-25,175.88,39,159
PA238,NRT,HKG,2027-01-25,278.31,79,198
PA245,PVG,YYZ,2027-01-25,574.12,34,247
PA254,JFK,CDG,2027-01-25,117.1,49,187
PA269,HKG,SIN,2027-01-25,538.72,44,274
PA275,PVG,YYZ,2027-01-25,479.83,114,234
PA281,PVG,YYZ,2027-01-25,623.26,138,287
PA283,LAX,SIN,2027-01-25,439.95,117,261
PA285,CDG,JFK,2027-01-25,688.35,79,192
PA286,YYZ,HKG,2027-01-25,118.88,81,286
PA102,YYZ,LHR,2027-01-26,160.86,226,289
PA109,LHR,YYZ,2027-01-26,208.84,66,221
PA110,LHR,YYZ,2027-01-26,164.92,113,176
PA113,PVG,SIN,2027-01-26,187.38,71,287
PA118,YYZ,LHR,2027-01-26,294.58,127,247
PA128,HKG,PVG,2027-01-26,719.28,194,251
PA152,NRT,LAX,2027-01-26,189.87,118,182
PA173,LAX,NRT,2027-01-26,410.19,58,169
PA184,YVR,HKG,2027-01-26,135.1,84,164
PA188,YYZ,YVR,2027-01-26,572.65,18,167
PA189,LAX,NRT,2027-01-26,183.92,151,253
PA190,NRT,HKG,2027-01-26,505.24,56,213
PA197,NRT,HKG,2027-01-26,151.28,108,175
PA201,NRT,LAX,2027-01-26,528.17,132,227
PA225,YYZ,LHR,2027-01-26,710.52,46,247
PA234,LAX,HKG,2027-01-26,175.88,31,159
PA246,JFK,LHR,2027-01-26,310.66,79,295
PA247,NRT,YVR,2027-01-26,312.71,65,150
PA260,YYZ,LHR,2027-01-26,253.19,31,258
PA275,PVG,YYZ,2027-01-26,479.83,44,234
PA283,LAX,SIN,2027-01-26,439.95,149,261
PA289,PVG,SIN,2027-01-26,135.2,150,196
PA292,CDG,LHR,2027-01-26,626.41,97,221
PA294,HKG,YYZ,2027-01-26,624.32,113,154
PA296,YYZ,YVR,2027-01-26,627.96,125,160
PA124,YVR,HKG,2027-01-27,260.33,65,164
PA127,NRT,HKG,2027-01-27,248.84,147,230
PA130,LAX,NRT,2027-01-27,477.28,187,293
PA136,CDG,LHR,2027-01-27,517.12,112,247
PA159,NRT,SIN,2027-01-27,261.08,116,291
PA160,LAX,JFK,2027-01-27,149.7,110,151
PA161,SIN,PVG,2027-01-27,260.26,105,165
PA162,YYZ,LAX,2027-01-27,149.6,70,234
PA164,LAX,YYZ,2027-01-27,192.62,204,288
PA169,YYZ,LAX,2027-01-27,142.43,66,175
PA177,HKG,YYZ,2027-01-27,705.26,62,204
PA185,HKG,YYZ,2027-01-27,743.57,121,278
PA186,HKG,SIN,2027-01-27,139.82,148,190
PA192,NRT,SIN,2027-01-27,465.95,135,294
PA216,PVG,HKG,2027-01-27,129.28,133,182
PA224,LAX,NRT,2027-01-27,211.44,58,218
PA233,YYZ,PVG,2027-01-27,225.0,123,216
PA237,HKG,NRT,2027-01-27,369.64,36,179
PA252,SIN,PVG,2027-01-27,165.37,48,235
PA256,YYZ,YVR,2027-01-27,390.11,94,266
PA261,HKG,SIN,2027-01-27,135.15,201,268
PA264,SIN,HKG,2027-01-27,765.03,106,231
PA278,NRT,SIN,2027-01-27,699.71,52,155
PA283,LAX,SIN,2027-01-27,439.95,89,261
PA299,HKG,YYZ,2027-01-27,494.78,143,179
PA103,PVG,HKG,2027-01-28,120.86,124,158
PA111,YYZ,LHR,2027-01-28,693.25,157,241
PA126,YYZ,YVR,2027-01-28,739.2,148,204
PA127,NRT,HKG,2027-01-28,248.84,147,230
PA134,YYZ,LAX,2027-01-28,206.99,63,178
PA140,LHR,YYZ,2027-01-28,305.45,44,178
PA146,NRT,LAX,2027-01-28,742.95,201,285
PA152,NRT,LAX,2027-01-28,189.87,106,182
PA156,CDG,JFK,2027-01-28,406.67,16,245
PA161,SIN,PVG,2027-01-28,260.26,124,165
PA163,LAX,NRT,2027-01-28,568.28,39,221
PA169,YYZ,LAX,2027-01-28,142.43,130,175
PA174,NRT,YVR,2027-01-28,135.41,33,175
PA182,YVR,YYZ,2027-01-28,778.1,78,205
PA196,YYZ,YVR,2027-01-28,420.8,117,152
PA199,LHR,JFK,2027-01-28,715.49,21,167
PA205,YYZ,LHR,2027-01-28,208.81,44,291
PA236,YVR,HKG,2027-01-28,524.35,46,261
PA245,PVG,YYZ,2027-01-28,574.12,187,247
PA248,LAX,YYZ,2027-01-28,650.03,28,260
PA249,SIN,HKG,2027-01-28,425.49,16,232
PA252,SIN,PVG,2027-01-28,165.37,126,235
PA259,JFK,YYZ,2027-01-28,724.86,120,151
PA260,YYZ,LHR,2027-01-28,253.19,82,258
PA262,LAX,NRT,2027-01-28,419.52,21,181
PA275,PVG,YYZ,2027-01-28,479.83,150,234
PA277,PVG,YYZ,2027-01-28,733.39,105,249
PA293,PVG,YYZ,2027-01-28,684.44,102,214
PA296,YYZ,YVR,2027-01-28,627.96,19,160
PA298,SIN,NRT,2027-01-28,266.98,33,189
PA117,YVR,YYZ,2027-01-29,698.72,37,170
PA122,LAX,NRT,2027-01-29,423.58,88,191
PA129,PVG,SIN,2027-01-29,285.42,20,186
PA147,SIN,HKG,2027-01-29,442.02,39,232
PA148,YYZ,PVG,2027-01-29,715.11,68,242
PA152,NRT,LAX,2027-01-29,189.87,76,182
PA153,HKG,YYZ,2027-01-29,215.59,67,290
PA177,HKG,YYZ,2027-01-29,705.26,79,204
PA184,YVR,HKG,2027-01-29,135.1,105,164
PA185,HKG,YYZ,2027-01-29,743.57,124,278
PA192,NRT,SIN,2027-01-29,465.95,197,294
PA193,LAX,HKG,2027-01-29,568.81,113,202
PA203,NRT,YVR,2027-01-29,752.23,167,226
PA227,PVG,SIN,2027-01-29,313.63,30,239
PA235,PVG,HKG,2027-01-29,609.98,92,238
PA242,YYZ,PVG,2027-01-29,454.99,148,226
PA253,LAX,NRT,2027-01-29,257.25,113,229
PA267,HKG,YYZ,2027-01-29,281.43,192,265
PA279,NRT,HKG,2027-01-29,433.89,108,247
PA285,CDG,JFK,2027-01-29,688.35,24,192
PA290,CDG,LHR,2027-01-29,248.16,23,233
PA293,PVG,YYZ,2027-01-29,684.44,123,214
PA102,YYZ,LHR,2027-01-30,160.86,115,289
PA109,LHR,YYZ,2027-01-30,208.84,24,221
PA112,SIN,HKG,2027-01-30,664.99,68,217
PA115,SIN,PVG,2027-01-30,504.15,78,242
PA118,YYZ,LHR,2027-01-30,294.58,173,247
PA123,LAX,SIN,2027-01-30,253.73,102,292
PA130,LAX,NRT,2027-01-30,477.28,188,293
PA136,CDG,LHR,2027-01-30,517.12,31,247
PA152,NRT,LAX,2027-01-30,189.87,99,182
PA158,LAX,JFK,2027-01-30,336.66,101,166
PA159,NRT,SIN,2027-01-30,261.08,210,291
PA160,LAX,JFK,2027-01-30,149.7,56,151
PA167,YYZ,LHR,2027-01-30,348.01,155,260
PA182,YVR,YYZ,2027-01-30,778.1,118,205
PA185,HKG,YYZ,2027-01-30,743.57,141,278
PA206,YVR,YYZ,2027-01-30,602.33,160,203
PA215,LHR,CDG,2027-01-30,486.77,86,299
PA221,LAX,NRT,2027-01-30,783.34,64,191
PA233,YYZ,PVG,2027-01-30,225.0,20,216
PA235,PVG,HKG,2027-01-30,609.98,115,238
PA241,YYZ,YVR,2027-01-30,536.21,79,234
PA246,JFK,LHR,2027-01-30,310.66,64,295
PA256,YYZ,YVR,2027-01-30,390.11,51,266
PA275,PVG,YYZ,2027-01-30,479.83,178,234
PA280,LHR,JFK,2027-01-30,627.43,40,226
PA284,CDG,LHR,2027-01-30,568.21,170,236
PA100,SIN,PVG,2027-01-31,117.51,134,178
PA111,YYZ,LHR,2027-01-31,693.25,33,241
PA115,SIN,PVG,2027-01-31,504.15,13,242
PA118,YYZ,LHR,2027-01-31,294.58,114,247
PA119,SIN,PVG,2027-01-31,213.86,22,243
PA130,LAX,NRT,2027-01-31,477.28,155,293
PA135,JFK,LAX,2027-01-31,517.49,107,258
PA147,SIN,HKG,2027-01-31,442.02,72,232
PA174,NRT,YVR,2027-01-31,135.41,113,175
PA182,YVR,YYZ,2027-01-31,778.1,77,205
PA192,NRT,SIN,2027-01-31,465.95,139,294
PA195,YYZ,HKG,2027-01-31,420.06,38,226
PA201,NRT,LAX,2027-01-31,528.17,88,227
PA205,YYZ,LHR,2027-01-31,208.81,28,291
PA215,LHR,CDG,2027-01-31,486.77,150,299
PA248,LAX,YYZ,2027-01-31,650.03,68,260
PA271,YVR,YYZ,2027-01-31,290.2,128,210
PA273,JFK,YYZ,2027-01-31,368.12,40,209
PA277,PVG,YYZ,2027-01-31,733.39,20,249
PA285,CDG,JFK,2027-01-31,688.35,128,192
PA104,LAX,YYZ,2027-02-01,453.75,135,209
PA107,NRT,SIN,2027-02-01,666.6,39,221
PA127,NRT,HKG,2027-02-01,248.84,29,230
PA130,LAX,NRT,2027-02-01,477.28,147,293
PA133,YYZ,HKG,2027-02-01,445.46,43,280
PA138,NRT,YVR,2027-02-01,576.2,55,152
PA140,LHR,YYZ,2027-02-01,305.45,62,178
PA144,YVR,NRT,2027-02-01,526.28,123,279
PA147,SIN,HKG,2027-02-01,442.02,56,232
PA150,NRT,HKG,2027-02-01,159.96,60,170
PA153,HKG,YYZ,2027-02-01,215.59,132,290
PA160,LAX,JFK,2027-02-01,149.7,22,151
PA181,NRT,YVR,2027-02-01,208.36,123,274
PA190,NRT,HKG,2027-02-01,505.24,43,213
PA192,NRT,SIN,2027-02-01,465.95,44,294
PA194,YVR,HKG,2027-02-01,285.93,81,211
PA202,HKG,SIN,2027-02-01,567.5,100,152
PA211,LAX,HKG,2027-02-01,618.86,114,191
PA225,YYZ,LHR,2027-02-01,710.52,157,247
PA232,NRT,LAX,2027-02-01,757.47,29,234
PA234,LAX,HKG,2027-02-01,175.88,87,159
PA242,YYZ,PVG,2027-02-01,454.99,60,226
PA249,SIN,HKG,2027-02-01,425.49,45,232
PA261,HKG,SIN,2027-02-01,135.15,206,268
PA274,JFK,YYZ,2027-02-01,144.96,81,204
PA291,YVR,HKG,2027-02-01,632.86,59,236
PA105,YYZ,JFK,2027-02-02,239.19,225,293
PA114,CDG,LHR,2027-02-02,486.43,75,170
PA127,NRT,HKG,2027-02-02,248.84,109,230
PA136,CDG,LHR,2027-02-02,517.12,162,247
PA138,NRT,YVR,2027-02-02,576.2,41,152
PA140,LHR,YYZ,2027-02-02,305.45,45,178
PA142,LAX,HKG,2027-02-02,633.37,115,278
PA161,SIN,PVG,2027-02-02,260.26,106,165
PA173,LAX,NRT,2027-02-02,410.19,58,169
PA174,NRT,YVR,2027-02-02,135.41,119,175
PA175,NRT,LAX,2027-02-02,778.3,79,153
PA184,YVR,HKG,2027-02-02,135.1,33,164
PA198,LAX,YYZ,2027-02-02,285.64,20,279
PA199,LHR,JFK,2027-02-02,715.49,29,167
PA207,LAX,YYZ,2027-02-02,453.79,139,217
PA215,LHR,CDG,2027-02-02,486.77,71,299
PA220,PVG,YYZ,2027-02-02,748.03,86,189
PA224,LAX,NRT,2027-02-02,211.44,79,218
PA226,HKG,YYZ,2027-02-02,239.7,144,206
PA233,YYZ,PVG,2027-02-02,225.0,82,216
PA247,NRT,YVR,2027-02-02,312.71,83,150
PA254,JFK,CDG,2027-02-02,117.1,148,187
PA255,LAX,NRT,2027-02-02,527.89,135,271
PA258,CDG,LHR,2027-02-02,379.76,107,276
PA260,YYZ,LHR,2027-02-02,253.19,187,258
PA269,HKG,SIN,2027-02-02,538.72,119,274
PA286,YYZ,HKG,2027-02-02,118.88,105,286
PA294,HKG,YYZ,2027-02-02,624.32,18,154
PA297,LAX,NRT,2027-02-02,687.46,47,201
PA103,PVG,HKG,2027-02-03,120.86,121,158
PA107,NRT,SIN,2027-02-03,666.6,102,221
PA110,LHR,YYZ,2027-02-03,164.92,72,176
PA112,SIN,HKG,2027-02-03,664.99,53,217
PA113,PVG,SIN,2027-02-03,187.38,26,287
PA120,LHR,JFK,2027-02-03,569.12,151,203
PA122,LAX,NRT,2027-02-03,423.58,85,191
PA130,LAX,NRT,2027-02-03,477.28,107,293
PA140,LHR,YYZ,2027-02-03,305.45,81,178
PA142,LAX,HKG,2027-02-03,633.37,148,278
PA143,HKG,NRT,2027-02-03,709.36,70,177
PA147,SIN,HKG,2027-02-03,442.02,49,232
PA152,NRT,LAX,2027-02-03,189.87,32,182
PA163,LAX,NRT,2027-02-03,568.28,134,221
PA164,LAX,YYZ,2027-02-03,192.62,67,288
PA171,JFK,CDG,2027-02-03,414.03,56,287
PA173,LAX,NRT,2027-02-03,410.19,79,169
PA186,HKG,SIN,2027-02-03,139.82,71,190
PA191,YYZ,LAX,2027-02-03,393.46,127,170
PA193,LAX,HKG,2027-02-03,568.81,66,202
PA199,LHR,JFK,2027-02-03,715.49,129,167
PA204,YYZ,LHR,2027-02-03,285.13,98,184
PA209,PVG,HKG,2027-02-03,130.86,101,220
PA211,LAX,HKG,2027-02-03,618.86,86,191
PA218,LAX,YYZ,2027-02-03,566.85,98,213
PA219,LHR,JFK,2027-02-03,718.89,44,293
PA222,JFK,LHR,2027-02-03,117.35,63,255
PA225,YYZ,LHR,2027-02-03,710.52,57,247
PA233,YYZ,PVG,2027-02-03,225.0,106,216
PA239,PVG,HKG,2027-02-03,463.94,103,150
PA241,YYZ,YVR,2027-02-03,536.21,156,234
PA266,NRT,YVR,2027-02-03,728.05,166,264
PA267,HKG,YYZ,2027-02-03,281.43,136,265
PA270,LAX,SIN,2027-02-03,154.24,180,262
PA272,YVR,HKG,2027-02-03,156.4,190,288
PA285,CDG,JFK,2027-02-03,688.35,16,192
PA289,PVG,SIN,2027-02-03,135.2,123,196
PA298,SIN,NRT,2027-02-03,266.98,124,189
PA120,LHR,JFK,2027-02-04,569.12,116,203
PA125,YYZ,LAX,2027-02-04,380.82,71,230
PA137,PVG,SIN,2027-02-04,275.99,124,285
PA149,YVR,NRT,2027-02-04,140.55,125,211
PA150,NRT,HKG,2027-02-04,159.96,35,170
PA161,SIN,PVG,2027-02-04,260.26,60,165
PA162,YYZ,LAX,2027-02-04,149.6,146,234
PA174,NRT,YVR,2027-02-04,135.41,88,175
PA182,YVR,YYZ,2027-02-04,778.1,47,205
PA186,HKG,SIN,2027-02-04,139.82,100,190
PA192,NRT,SIN,2027-02-04,465.95,82,294
PA199,LHR,JFK,2027-02-04,715.49,30,167
PA202,HKG,SIN,2027-02-04,567.5,57,152
PA208,LAX,HKG,2027-02-04,164.61,101,163
PA209,PVG,HKG,2027-02-04,130.86,135,220
PA211,LAX,HKG,2027-02-04,618.86,110,191
PA213,YYZ,PVG,2027-02-04,761.54,42,169
PA224,LAX,NRT,2027-02-04,211.44,118,218
PA237,HKG,NRT,2027-02-04,369.64,65,179
PA240,NRT,LAX,2027-02-04,354.96,100,200
PA243,PVG,YYZ,2027-02-04,381.68,172,233
PA253,LAX,NRT,2027-02-04,257.25,76,229
PA254,JFK,CDG,2027-02-04,117.1,76,187
PA263,PVG,SIN,2027-02-04,791.52,92,285
PA267,HKG,YYZ,2027-02-04,281.43,153,265
PA279,NRT,HKG,2027-02-04,433.89,74,247
PA103,PVG,HKG,2027-02-05,120.86,30,158
PA121,YYZ,YVR,2027-02-05,473.9,137,193
PA122,LAX,NRT,2027-02-05,423.58,130,191
PA131,NRT,SIN,2027-02-05,728.48,132,259
PA133,YYZ,HKG,2027-02-05,445.46,193,280
PA143,HKG,NRT,2027-02-05,709.36,56,177
PA146,NRT,LAX,2027-02-05,742.95,158,285
PA149,YVR,NRT,2027-02-05,140.55,37,211
PA156,CDG,JFK,2027-02-05,406.67,111,245
PA159,NRT,SIN,2027-02-05,261.08,70,291
PA167,YYZ,LHR,2027-02-05,348.01,152,260
PA172,PVG,HKG,2027-02-05,294.98,41,196
PA182,YVR,YYZ,2027-02-05,778.1,100,205
PA186,HKG,SIN,2027-02-05,139.82,130,190
PA196,YYZ,YVR,2027-02-05,420.8,31,152
PA201,NRT,LAX,2027-02-05,528.17,152,227
PA205,YYZ,LHR,2027-02-05,208.81,120,291
PA227,PVG,SIN,2027-02-05,313.63,98,239
PA234,LAX,HKG,2027-02-05,175.88,52,159
PA236,YVR,HKG,2027-02-05,524.35,142,261
PA239,PVG,HKG,2027-02-05,463.94,39,150
PA245,PVG,YYZ,2027-02-05,574.12,170,247
PA249,SIN,HKG,2027-02-05,425.49,145,232
PA264,SIN,HKG,2027-02-05,765.03,154,231
PA270,LAX,SIN,2027-02-05,154.24,52,262
PA279,NRT,HKG,2027-02-05,433.89,129,247
PA285,CDG,JFK,2027-02-05,688.35,102,192
PA295,YYZ,LAX,2027-02-05,256.96,142,239
PA102,YYZ,LHR,2027-02-06,160.86,206,289
PA112,SIN,HKG,2027-02-06,664.99,151,217
PA116,YYZ,YVR,2027-02-06,562.88,101,161
PA117,YVR,YYZ,2027-02-06,698.72,123,170
PA123,LAX,SIN,2027-02-06,253.73,163,292
PA142,LAX,HKG,2027-02-06,633.37,136,278
PA157,HKG,SIN,2027-02-06,184.7,175,265
PA158,LAX,JFK,2027-02-06,336.66,131,166
PA163,LAX,NRT,2027-02-06,568.28,97,221
PA172,PVG,HKG,2027-02-06,294.98,128,196
PA176,LAX,NRT,2027-02-06,384.49,73,192
PA181,NRT,YVR,2027-02-06,208.36,102,274
PA198,LAX,YYZ,2027-02-06,285.64,123,279
PA202,HKG,SIN,2027-02-06,567.5,78,152
PA208,LAX,HKG,2027-02-06,164.61,45,163
PA209,PVG,HKG,2027-02-06,130.86,154,220
PA228,LAX,JFK,2027-02-06,116.57,83,207
PA235,PVG,HKG,2027-02-06,609.98,150,238
PA242,YYZ,PVG,2027-02-06,454.99,127,226
PA254,JFK,CDG,2027-02-06,117.1,146,187
PA256,YYZ,YVR,2027-02-06,390.11,144,266
PA258,CDG,LHR,2027-02-06,379.76,81,276
PA266,NRT,YVR,2027-02-06,728.05,152,264
PA268,LAX,NRT,2027-02-06,636.07,139,220
PA270,LAX,SIN,2027-02-06,154.24,16,262
PA274,JFK,YYZ,2027-02-06,144.96,141,204
PA276,PVG,YYZ,2027-02-06,244.78,75,165
PA277,PVG,YYZ,2027-02-06,733.39,71,249
PA113,PVG,SIN,2027-02-07,187.38,27,287
PA130,LAX,NRT,2027-02-07,477.28,225,293
PA131,NRT,SIN,2027-02-07,728.48,200,259
PA142,LAX,HKG,2027-02-07,633.37,179,278
PA147,SIN,HKG,2027-02-07,442.02,21,232
PA150,NRT,HKG,2027-02-07,159.96,84,170
PA155,NRT,LAX,2027-02-07,599.06,115,201
PA162,YYZ,LAX,2027-02-07,149.6,60,234
PA177,HKG,YYZ,2027-02-07,705.26,19,204
PA193,LAX,HKG,2027-02-07,568.81,133,202
PA194,YVR,HKG,2027-02-07,285.93,89,211
PA195,YYZ,HKG,2027-02-07,420.06,54,226
PA204,YYZ,LHR,2027-02-07,285.13,93,184
PA226,HKG,YYZ,2027-02-07,239.7,101,206
PA230,YYZ,YVR,2027-02-07,345.8,137,221
PA252,SIN,PVG,2027-02-07,165.37,101,235
PA266,NRT,YVR,2027-02-07,728.05,36,264
PA280,LHR,JFK,2027-02-07,627.43,134,226
PA291,YVR,HKG,2027-02-07,632.86,66,236
PA107,NRT,SIN,2027-02-08,666.6,61,221
PA110,LHR,YYZ,2027-02-08,164.92,60,176
PA125,YYZ,LAX,2027-02-08,380.82,71,230
PA137,PVG,SIN,2027-02-08,275.99,182,285
PA144,YVR,NRT,2027-02-08,526.28,125,279
PA147,SIN,HKG,2027-02-08,442.02,126,232
PA149,YVR,NRT,2027-02-08,140.55,163,211
PA156,CDG,JFK,2027-02-08,406.67,135,245
PA162,YYZ,LAX,2027-02-08,149.6,152,234
PA166,HKG,YYZ,2027-02-08,233.29,88,254
PA171,JFK,CDG,2027-02-08,414.03,175,287
PA190,NRT,HKG,2027-02-08,505.24,77,213
PA195,YYZ,HKG,2027-02-08,420.06,87,226
PA196,YYZ,YVR,2027-02-08,420.8,92,152
PA200,LHR,CDG,2027-02-08,210.42,128,222
PA209,PVG,HKG,2027-02-08,130.86,126,220
PA227,PVG,SIN,2027-02-08,313.63,91,239
PA234,LAX,HKG,2027-02-08,175.88,73,159
PA248,LAX,YYZ,2027-02-08,650.03,131,260
PA256,YYZ,YVR,2027-02-08,390.11,67,266
PA269,HKG,SIN,2027-02-08,538.72,40,274
PA270,LAX,SIN,2027-02-08,154.24,136,262
PA274,JFK,YYZ,2027-02-08,144.96,29,204
PA289,PVG,SIN,2027-02-08,135.2,21,196
PA295,YYZ,LAX,2027-02-08,256.96,139,239
PA104,LAX,YYZ,2027-02-09,453.75,133,209
PA119,SIN,PVG,2027-02-09,213.86,136,243
PA137,PVG,SIN,2027-02-09,275.99,186,285
PA142,LAX,HKG,2027-02-09,633.37,23,278
PA155,NRT,LAX,2027-02-09,599.06,58,201
PA156,CDG,JFK,2027-02-09,406.67,74,245
PA199,LHR,JFK,2027-02-09,715.49,23,167
PA209,PVG,HKG,2027-02-09,130.86,48,220
PA216,PVG,HKG,2027-02-09,129.28,104,182
PA230,YYZ,YVR,2027-02-09,345.8,118,221
PA234,LAX,HKG,2027-02-09,175.88,125,159
PA251,JFK,LAX,2027-02-09,298.65,22,171
PA260,YYZ,LHR,2027-02-09,253.19,36,258
PA267,HKG,YYZ,2027-02-09,281.43,39,265
PA269,HKG,SIN,2027-02-09,538.72,159,274
PA104,LAX,YYZ,2027-02-10,453.75,142,209
PA106,NRT,LAX,2027-02-10,254.31,101,257
PA107,NRT,SIN,2027-02-10,666.6,46,221
PA115,SIN,PVG,2027-02-10,504.15,20,242
PA123,LAX,SIN,2027-02-10,253.73,135,292
PA132,CDG,JFK,2027-02-10,253.52,62,242
PA138,NRT,YVR,2027-02-10,576.2,95,152
PA157,HKG,SIN,2027-02-10,184.7,150,265
PA158,LAX,JFK,2027-02-10,336.66,82,166
PA175,NRT,LAX,2027-02-10,778.3,42,153
PA182,YVR,YYZ,2027-02-10,778.1,106,205
PA190,NRT,HKG,2027-02-10,505.24,116,213
PA194,YVR,HKG,2027-02-10,285.93,42,211
PA195,YYZ,HKG,2027-02-10,420.06,75,226
PA207,LAX,YYZ,2027-02-10,453.79,48,217
PA213,YYZ,PVG,2027-02-10,761.54,122,169
PA216,PVG,HKG,2027-02-10,129.28,91,182
PA224,LAX,NRT,2027-02-10,211.44,12,218
PA233,YYZ,PVG,2027-02-10,225.0,84,216
PA234,LAX,HKG,2027-02-10,175.88,110,159
PA237,HKG,NRT,2027-02-10,369.64,129,179
PA250,PVG,NRT,2027-02-10,457.82,96,204
PA256,YYZ,YVR,2027-02-10,390.11,175,266
PA257,SIN,PVG,2027-02-10,236.1,34,297
PA260,YYZ,LHR,2027-02-10,253.19,188,258
PA271,YVR,YYZ,2027-02-10,290.2,139,210
PA280,LHR,JFK,2027-02-10,627.43,134,226
PA284,CDG,LHR,2027-02-10,568.21,159,236
PA287,CDG,JFK,2027-02-10,564.1,23,294
PA291,YVR,HKG,2027-02-10,632.86,159,236
PA108,YYZ,JFK,2027-02-11,588.7,15,190
PA117,YVR,YYZ,2027-02-11,698.72,46,170
PA136,CDG,LHR,2027-02-11,517.12,176,247
PA142,LAX,HKG,2027-02-11,633.37,206,278
PA162,YYZ,LAX,2027-02-11,149.6,21,234
PA165,NRT,HKG,2027-02-11,430.87,153,297
PA166,HKG,YYZ,2027-02-11,233.29,140,254
PA170,LHR,YYZ,2027-02-11,274.06,55,177
PA174,NRT,YVR,2027-02-11,135.41,119,175
PA177,HKG,YYZ,2027-02-11,705.26,153,204
PA180,PVG,SIN,2027-02-11,396.11,77,223
PA181,NRT,YVR,2027-02-11,208.36,24,274
PA182,YVR,YYZ,2027-02-11,778.1,60,205
PA199,LHR,JFK,2027-02-11,715.49,45,167
PA202,HKG,SIN,2027-02-11,567.5,42,152
PA205,YYZ,LHR,2027-02-11,208.81,199,291
PA212,NRT,YVR,2027-02-11,492.63,135,259
PA215,LHR,CDG,2027-02-11,486.77,178,299
PA219,LHR,JFK,2027-02-11,718.89,227,293
PA234,LAX,HKG,2027-02-11,175.88,32,159
PA239,PVG,HKG,2027-02-11,463.94,28,150
PA242,YYZ,PVG,2027-02-11,454.99,51,226
PA245,PVG,YYZ,2027-02-11,574.12,178,247
PA248,LAX,YYZ,2027-02-11,650.03,144,260
PA253,LAX,NRT,2027-02-11,257.25,122,229
PA255,LAX,NRT,2027-02-11,527.89,185,271
PA271,YVR,YYZ,2027-02-11,290.2,35,210
PA284,CDG,LHR,2027-02-11,568.21,91,236
PA111,YYZ,LHR,2027-02-12,693.25,113,241
PA119,SIN,PVG,2027-02-12,213.86,72,243
PA151,HKG,PVG,2027-02-12,784.59,29,167
PA171,JFK,CDG,2027-02-12,414.03,220,287
PA172,PVG,HKG,2027-02-12,294.98,67,196
PA176,LAX,NRT,2027-02-12,384.49,31,192
PA184,YVR,HKG,2027-02-12,135.1,24,164
PA193,LAX,HKG,2027-02-12,568.81,96,202
PA198,LAX,YYZ,2027-02-12,285.64,65,279
PA203,NRT,YVR,2027-02-12,752.23,20,226
PA206,YVR,YYZ,2027-02-12,602.33,89,203
PA210,LHR,YYZ,2027-02-12,545.98,13,183
PA226,HKG,YYZ,2027-02-12,239.7,151,206
PA245,PVG,YYZ,2027-02-12,574.12,63,247
PA255,LAX,NRT,2027-02-12,527.89,148,271
PA262,LAX,NRT,2027-02-12,419.52,40,181
PA289,PVG,SIN,2027-02-12,135.2,72,196
PA295,YYZ,LAX,2027-02-12,256.96,95,239
PA144,YVR,NRT,2027-02-13,526.28,212,279
PA159,NRT,SIN,2027-02-13,261.08,92,291
PA171,JFK,CDG,2027-02-13,414.03,101,287
PA175,NRT,LAX,2027-02-13,778.3,69,153
PA190,NRT,HKG,2027-02-13,505.24,151,213
PA195,YYZ,HKG,2027-02-13,420.06,75,226
PA217,LHR,CDG,2027-02-13,729.25,110,160
PA218,LAX,YYZ,2027-02-13,566.85,34,213
PA230,YYZ,YVR,2027-02-13,345.8,149,221
PA268,LAX,NRT,2027-02-13,636.07,125,220
PA269,HKG,SIN,2027-02-13,538.72,200,274
PA277,PVG,YYZ,2027-02-13,733.39,85,249
PA281,PVG,YYZ,2027-02-13,623.26,74,287
PA282,NRT,LAX,2027-02-13,441.76,26,206
PA294,HKG,YYZ,2027-02-13,624.32,63,154
PA112,SIN,HKG,2027-02-14,664.99,167,217
PA116,YYZ,YVR,2027-02-14,562.88,70,161
PA118,YYZ,LHR,2027-02-14,294.58,54,247
PA126,YYZ,YVR,2027-02-14,739.2,91,204
PA149,YVR,NRT,2027-02-14,140.55,106,211
PA178,YYZ,LAX,2027-02-14,365.28,93,192
PA182,YVR,YYZ,2027-02-14,778.1,60,205
PA190,NRT,HKG,2027-02-14,505.24,43,213
PA193,LAX,HKG,2027-02-14,568.81,23,202
PA205,YYZ,LHR,2027-02-14,208.81,53,291
PA207,LAX,YYZ,2027-02-14,453.79,170,217
PA209,PVG,HKG,2027-02-14,130.86,38,220
PA213,YYZ,PVG,2027-02-14,761.54,19,169
PA214,JFK,YYZ,2027-02-14,125.22,163,289
PA229,JFK,CDG,2027-02-14,329.78,47,252
PA232,NRT,LAX,2027-02-14,757.47,47,234
PA234,LAX,HKG,2027-02-14,175.88,89,159
PA242,YYZ,PVG,2027-02-14,454.99,29,226
PA247,NRT,YVR,2027-02-14,312.71,35,150
PA255,LAX,NRT,2027-02-14,527.89,105,271
PA257,SIN,PVG,2027-02-14,236.1,103,297
PA262,LAX,NRT,2027-02-14,419.52,125,181
PA267,HKG,YYZ,2027-02-14,281.43,163,265
PA286,YYZ,HKG,2027-02-14,118.88,214,286
PA288,YYZ,YVR,2027-02-14,194.99,14,259
PA294,HKG,YYZ,2027-02-14,624.32,16,154
PA297,LAX,NRT,2027-02-14,687.46,149,201
PA104,LAX,YYZ,2027-02-15,453.75,80,209
PA113,PVG,SIN,2027-02-15,187.38,125,287
PA115,SIN,PVG,2027-02-15,504.15,48,242
PA120,LHR,JFK,2027-02-15,569.12,109,203
PA132,CDG,JFK,2027-02-15,253.52,61,242
PA138,NRT,YVR,2027-02-15,576.2,63,152
PA144,YVR,NRT,2027-02-15,526.28,196,279
PA149,YVR,NRT,2027-02-15,140.55,141,211
PA154,HKG,SIN,2027-02-15,775.05,77,258
PA156,CDG,JFK,2027-02-15,406.67,83,245
PA161,SIN,PVG,2027-02-15,260.26,121,165
PA173,LAX,NRT,2027-02-15,410.19,104,169
PA174,NRT,YVR,2027-02-15,135.41,118,175
PA178,YYZ,LAX,2027-02-15,365.28,86,192
PA181,NRT,YVR,2027-02-15,208.36,179,274
PA182,YVR,YYZ,2027-02-15,778.1,52,205
PA209,PVG,HKG,2027-02-15,130.86,19,220
PA236,YVR,HKG,2027-02-15,524.35,130,261
PA237,HKG,NRT,2027-02-15,369.64,126,179
PA242,YYZ,PVG,2027-02-15,454.99,162,226
PA247,NRT,YVR,2027-02-15,312.71,31,150
PA251,JFK,LAX,2027-02-15,298.65,38,171
PA259,JFK,YYZ,2027-02-15,724.86,21,151
PA260,YYZ,LHR,2027-02-15,253.19,91,258
PA282,NRT,LAX,2027-02-15,441.76,53,206
PA284,CDG,LHR,2027-02-15,568.21,176,236
PA290,CDG,LHR,2027-02-15,248.16,171,233
PA291,YVR,HKG,2027-02-15,632.86,99,236
PA298,SIN,NRT,2027-02-15,266.98,60,189
PA299,HKG,YYZ,2027-02-15,494.78,112,179
PA100,SIN,PVG,2027-02-16,117.51,77,178
PA103,PVG,HKG,2027-02-16,120.86,14,158
PA119,SIN,PVG,2027-02-16,213.86,172,243
PA122,LAX,NRT,2027-02-16,423.58,132,191
PA124,YVR,HKG,2027-02-16,260.33,105,164
PA126,YYZ,YVR,2027-02-16,739.2,23,204
PA133,YYZ,HKG,2027-02-16,445.46,43,280
PA145,JFK,YYZ,2027-02-16,633.76,98,245
PA168,PVG,YYZ,2027-02-16,704.69,197,269
PA197,NRT,HKG,2027-02-16,151.28,48,175
PA209,PVG,HKG,2027-02-16,130.86,61,220
PA223,LHR,YYZ,2027-02-16,661.56,26,255
PA233,YYZ,PVG,2027-02-16,225.0,72,216
PA237,HKG,NRT,2027-02-16,369.64,18,179
PA241,YYZ,YVR,2027-02-16,536.21,81,234
PA243,PVG,YYZ,2027-02-16,381.68,176,233
PA250,PVG,NRT,2027-02-16,457.82,48,204
PA256,YYZ,YVR,2027-02-16,390.11,108,266
PA284,CDG,LHR,2027-02-16,568.21,46,236
PA294,HKG,YYZ,2027-02-16,624.32,111,154
PA295,YYZ,LAX,2027-02-16,256.96,35,239
PA297,LAX,NRT,2027-02-16,687.46,15,201
PA103,PVG,HKG,2027-02-17,120.86,74,158
PA112,SIN,HKG,2027-02-17,664.99,172,217
PA113,PVG,SIN,2027-02-17,187.38,152,287
PA115,SIN,PVG,2027-02-17,504.15,150,242
PA125,YYZ,LAX,2027-02-17,380.82,35,230
PA137,PVG,SIN,2027-02-17,275.99,24,285
PA140,LHR,YYZ,2027-02-17,305.45,12,178
PA146,NRT,LAX,2027-02-17,742.95,78,285
PA159,NRT,SIN,2027-02-17,261.08,21,291
PA165,NRT,HKG,2027-02-17,430.87,19,297
PA184,YVR,HKG,2027-02-17,135.1,116,164
PA186,HKG,SIN,2027-02-17,139.82,142,190
PA203,NRT,YVR,2027-02-17,752.23,96,226
PA209,PVG,HKG,2027-02-17,130.86,90,220
PA215,LHR,CDG,2027-02-17,486.77,156,299
PA216,PVG,HKG,2027-02-17,129.28,32,182
PA223,LHR,YYZ,2027-02-17,661.56,90,255
PA249,SIN,HKG,2027-02-17,425.49,133,232
PA254,JFK,CDG,2027-02-17,117.1,55,187
PA255,LAX,NRT,2027-02-17,527.89,38,271
PA267,HKG,YYZ,2027-02-17,281.43,131,265
PA275,PVG,YYZ,2027-02-17,479.83,137,234
PA278,NRT,SIN,2027-02-17,699.71,108,155
PA295,YYZ,LAX,2027-02-17,256.96,154,239
PA102,YYZ,LHR,2027-02-18,160.86,30,289
PA107,NRT,SIN,2027-02-18,666.6,12,221
PA108,YYZ,JFK,2027-02-18,588.7,29,190
PA120,LHR,JFK,2027-02-18,569.12,18,203
PA131,NRT,SIN,2027-02-18,728.48,14,259
PA132,CDG,JFK,2027-02-18,253.52,80,242
PA140,LHR,YYZ,2027-02-18,305.45,25,178
PA149,YVR,NRT,2027-02-18,140.55,124,211
PA154,HKG,SIN,2027-02-18,775.05,121,258
PA177,HKG,YYZ,2027-02-18,705.26,73,204
PA204,YYZ,LHR,2027-02-18,285.13,130,184
PA208,LAX,HKG,2027-02-18,164.61,73,163
PA210,LHR,YYZ,2027-02-18,545.98,139,183
PA211,LAX,HKG,2027-02-18,618.86,61,191
PA226,HKG,YYZ,2027-02-18,239.7,138,206
PA232,NRT,LAX,2027-02-18,757.47,94,234
PA241,YYZ,YVR,2027-02-18,536.21,165,234
PA245,PVG,YYZ,2027-02-18,574.12,87,247
PA247,NRT,YVR,2027-02-18,312.71,65,150
PA264,SIN,HKG,2027-02-18,765.03,111,231
PA265,PVG,NRT,2027-02-18,398.72,89,279
PA267,HKG,YYZ,2027-02-18,281.43,190,265
PA274,JFK,YYZ,2027-02-18,144.96,43,204
PA284,CDG,LHR,2027-02-18,568.21,138,236
PA286,YYZ,HKG,2027-02-18,118.88,188,286
PA111,YYZ,LHR,2027-02-19,693.25,83,241
PA112,SIN,HKG,2027-02-19,664.99,21,217
PA120,LHR,JFK,2027-02-19,569.12,21,203
PA122,LAX,NRT,2027-02-19,423.58,41,191
PA130,LAX,NRT,2027-02-19,477.28,126,293
PA136,CDG,LHR,2027-02-19,517.12,97,247
PA144,YVR,NRT,2027-02-19,526.28,139,279
PA162,YYZ,LAX,2027-02-19,149.6,71,234
PA163,LAX,NRT,2027-02-19,568.28,103,221
PA173,LAX,NRT,2027-02-19,410.19,68,169
PA192,NRT,SIN,2027-02-19,465.95,152,294
PA198,LAX,YYZ,2027-02-19,285.64,141,279
PA210,LHR,YYZ,2027-02-19,545.98,82,183
PA211,LAX,HKG,2027-02-19,618.86,32,191
PA228,LAX,JFK,2027-02-19,116.57,40,207
PA230,YYZ,YVR,2027-02-19,345.8,122,221
PA231,HKG,NRT,2027-02-19,575.66,182,252
PA235,PVG,HKG,2027-02-19,609.98,103,238
PA237,HKG,NRT,2027-02-19,369.64,69,179
PA259,JFK,YYZ,2027-02-19,724.86,89,151
PA264,SIN,HKG,2027-02-19,765.03,132,231
PA276,PVG,YYZ,2027-02-19,244.78,18,165
PA284,CDG,LHR,2027-02-19,568.21,88,236
PA287,CDG,JFK,2027-02-19,564.1,36,294
PA294,HKG,YYZ,2027-02-19,624.32,18,154
PA296,YYZ,YVR,2027-02-19,627.96,97,160
PA104,LAX,YYZ,2027-02-20,453.75,116,209
PA111,YYZ,LHR,2027-02-20,693.25,34,241
PA117,YVR,YYZ,2027-02-20,698.72,122,170
PA119,SIN,PVG,2027-02-20,213.86,148,243
PA128,HKG,PVG,2027-02-20,719.28,29,251
PA134,YYZ,LAX,2027-02-20,206.99,29,178
PA135,JFK,LAX,2027-02-20,517.49,65,258
PA139,YYZ,PVG,2027-02-20,625.61,212,287
PA151,HKG,PVG,2027-02-20,784.59,127,167
PA158,LAX,JFK,2027-02-20,336.66,66,166
PA161,SIN,PVG,2027-02-20,260.26,110,165
PA165,NRT,HKG,2027-02-20,430.87,25,297
PA169,YYZ,LAX,2027-02-20,142.43,63,175
PA184,YVR,HKG,2027-02-20,135.1,125,164
PA191,YYZ,LAX,2027-02-20,393.46,120,170
PA195,YYZ,HKG,2027-02-20,420.06,154,226
PA196,YYZ,YVR,2027-02-20,420.8,26,152
PA209,PVG,HKG,2027-02-20,130.86,152,220
PA213,YYZ,PVG,2027-02-20,761.54,112,169
PA218,LAX,YYZ,2027-02-20,566.85,168,213
PA224,LAX,NRT,2027-02-20,211.44,67,218
PA226,HKG,YYZ,2027-02-20,239.7,25,206
PA231,HKG,NRT,2027-02-20,575.66,77,252
PA239,PVG,HKG,2027-02-20,463.94,9,150
PA240,NRT,LAX,2027-02-20,354.96,67,200
PA247,NRT,YVR,2027-02-20,312.71,120,150
PA253,LAX,NRT,2027-02-20,257.25,128,229
PA255,LAX,NRT,2027-02-20,527.89,65,271
PA256,YYZ,YVR,2027-02-20,390.11,98,266
PA261,HKG,SIN,2027-02-20,135.15,31,268
PA265,PVG,NRT,2027-02-20,398.72,206,279
PA275,PVG,YYZ,2027-02-20,479.83,77,234
PA283,LAX,SIN,2027-02-20,439.95,181,261
PA285,CDG,JFK,2027-02-20,688.35,120,192
PA288,YYZ,YVR,2027-02-20,194.99,82,259
PA291,YVR,HKG,2027-02-20,632.86,66,236
PA296,YYZ,YVR,2027-02-20,627.96,105,160
PA102,YYZ,LHR,2027-02-21,160.86,36,289
PA110,LHR,YYZ,2027-02-21,164.92,50,176
PA116,YYZ,YVR,2027-02-21,562.88,83,161
PA119,SIN,PVG,2027-02-21,213.86,118,243
PA120,LHR,JFK,2027-02-21,569.12,32,203
PA126,YYZ,YVR,2027-02-21,739.2,34,204
PA140,LHR,YYZ,2027-02-21,305.45,78,178
PA146,NRT,LAX,2027-02-21,742.95,160,285
PA150,NRT,HKG,2027-02-21,159.96,114,170
PA156,CDG,JFK,2027-02-21,406.67,164,245
PA157,HKG,SIN,2027-02-21,184.7,199,265
PA162,YYZ,LAX,2027-02-21,149.6,121,234
PA167,YYZ,LHR,2027-02-21,348.01,155,260
PA202,HKG,SIN,2027-02-21,567.5,70,152
PA221,LAX,NRT,2027-02-21,783.34,73,191
PA241,YYZ,YVR,2027-02-21,536.21,45,234
PA242,YYZ,PVG,2027-02-21,454.99,127,226
PA257,SIN,PVG,2027-02-21,236.1,176,297
PA259,JFK,YYZ,2027-02-21,724.86,102,151
PA268,LAX,NRT,2027-02-21,636.07,54,220
PA271,YVR,YYZ,2027-02-21,290.2,83,210
PA279,NRT,HKG,2027-02-21,433.89,70,247
PA281,PVG,YYZ,2027-02-21,623.26,70,287
PA283,LAX,SIN,2027-02-21,439.95,21,261
PA284,CDG,LHR,2027-02-21,568.21,188,236
PA292,CDG,LHR,2027-02-21,626.41,100,221
PA294,HKG,YYZ,2027-02-21,624.32,116,154
PA299,HKG,YYZ,2027-02-21,494.78,135,179
PA102,YYZ,LHR,2027-02-22,160.86,106,289
PA126,YYZ,YVR,2027-02-22,739.2,122,204
PA128,HKG,PVG,2027-02-22,719.28,63,251
PA130,LAX,NRT,2027-02-22,477.28,209,293
PA140,LHR,YYZ,2027-02-22,305.45,29,178
PA141,JFK,LAX,2027-02-22,102.27,181,266
PA143,HKG,NRT,2027-02-22,709.36,40,177
PA146,NRT,LAX,2027-02-22,742.95,219,285
PA170,LHR,YYZ,2027-02-22,274.06,56,177
PA174,NRT,YVR,2027-02-22,135.41,76,175
PA183,NRT,SIN,2027-02-22,142.67,53,288
PA189,LAX,NRT,2027-02-22,183.92,124,253
PA191,YYZ,LAX,2027-02-22,393.46,14,170
PA197,NRT,HKG,2027-02-22,151.28,49,175
PA219,LHR,JFK,2027-02-22,718.89,64,293
PA225,YYZ,LHR,2027-02-22,710.52,148,247
PA230,YYZ,YVR,2027-02-22,345.8,169,221
PA235,PVG,HKG,2027-02-22,609.98,140,238
PA253,LAX,NRT,2027-02-22,257.25,116,229
PA254,JFK,CDG,2027-02-22,117.1,79,187
PA255,LAX,NRT,2027-02-22,527.89,156,271
PA276,PVG,YYZ,2027-02-22,244.78,101,165
PA285,CDG,JFK,2027-02-22,688.35,150,192
PA295,YYZ,LAX,2027-02-22,256.96,160,239
PA298,SIN,NRT,2027-02-22,266.98,97,189
PA106,NRT,LAX,2027-02-23,254.31,142,257
PA108,YYZ,JFK,2027-02-23,588.7,67,190
PA110,LHR,YYZ,2027-02-23,164.92,98,176
PA111,YYZ,LHR,2027-02-23,693.25,163,241
PA121,YYZ,YVR,2027-02-23,473.9,68,193
PA123,LAX,SIN,2027-02-23,253.73,229,292
PA139,YYZ,PVG,2027-02-23,625.61,227,287
PA152,NRT,LAX,2027-02-23,189.87,51,182
PA178,YYZ,LAX,2027-02-23,365.28,123,192
PA183,NRT,SIN,2027-02-23,142.67,151,288
PA186,HKG,SIN,2027-02-23,139.82,105,190
PA193,LAX,HKG,2027-02-23,568.81,130,202
PA198,LAX,YYZ,2027-02-23,285.64,170,279
PA203,NRT,YVR,2027-02-23,752.23,71,226
PA215,LHR,CDG,2027-02-23,486.77,188,299
PA216,PVG,HKG,2027-02-23,129.28,123,182
PA218,LAX,YYZ,2027-02-23,566.85,149,213
PA232,NRT,LAX,2027-02-23,757.47,39,234
PA238,NRT,HKG,2027-02-23,278.31,127,198
PA251,JFK,LAX,2027-02-23,298.65,83,171
PA262,LAX,NRT,2027-02-23,419.52,49,181
PA286,YYZ,HKG,2027-02-23,118.88,52,286
PA288,YYZ,YVR,2027-02-23,194.99,121,259
PA296,YYZ,YVR,2027-02-23,627.96,90,160
PA299,HKG,YYZ,2027-02-23,494.78,96,179
PA104,LAX,YYZ,2027-02-24,453.75,63,209
PA131,NRT,SIN,2027-02-24,728.48,130,259
PA174,NRT,YVR,2027-02-24,135.41,65,175
PA177,HKG,YYZ,2027-02-24,705.26,93,204
PA182,YVR,YYZ,2027-02-24,778.1,127,205
PA187,HKG,NRT,2027-02-24,695.94,89,170
PA194,YVR,HKG,2027-02-24,285.93,157,211
PA209,PVG,HKG,2027-02-24,130.86,123,220
PA214,JFK,YYZ,2027-02-24,125.22,112,289
PA224,LAX,NRT,2027-02-24,211.44,19,218
PA236,YVR,HKG,2027-02-24,524.35,37,261
PA237,HKG,NRT,2027-02-24,369.64,105,179
PA255,LAX,NRT,2027-02-24,527.89,36,271
PA256,YYZ,YVR,2027-02-24,390.11,74,266
PA259,JFK,YYZ,2027-02-24,724.86,81,151
PA263,PVG,SIN,2027-02-24,791.52,181,285
PA279,NRT,HKG,2027-02-24,433.89,62,247
PA290,CDG,LHR,2027-02-24,248.16,90,233
PA112,SIN,HKG,2027-02-25,664.99,115,217
PA123,LAX,SIN,2027-02-25,253.73,220,292
PA128,HKG,PVG,2027-02-25,719.28,174,251
PA133,YYZ,HKG,2027-02-25,445.46,132,280
PA141,JFK,LAX,2027-02-25,102.27,68,266
PA143,HKG,NRT,2027-02-25,709.36,17,177
PA145,JFK,YYZ,2027-02-25,633.76,20,245
PA159,NRT,SIN,2027-02-25,261.08,79,291
PA167,YYZ,LHR,2027-02-25,348.01,116,260
PA168,PVG,YYZ,2027-02-25,704.69,65,269
PA169,YYZ,LAX,2027-02-25,142.43,62,175
PA170,LHR,YYZ,2027-02-25,274.06,126,177
PA174,NRT,YVR,2027-02-25,135.41,118,175
PA176,LAX,NRT,2027-02-25,384.49,52,192
PA188,YYZ,YVR,2027-02-25,572.65,120,167
PA192,NRT,SIN,2027-02-25,465.95,196,294
PA194,YVR,HKG,2027-02-25,285.93,136,211
PA200,LHR,CDG,2027-02-25,210.42,18,222
PA215,LHR,CDG,2027-02-25,486.77,233,299
PA241,YYZ,YVR,2027-02-25,536.21,174,234
PA245,PVG,YYZ,2027-02-25,574.12,116,247
PA250,PVG,NRT,2027-02-25,457.82,87,204
PA252,SIN,PVG,2027-02-25,165.37,59,235
PA257,SIN,PVG,2027-02-25,236.1,198,297
PA273,JFK,YYZ,2027-02-25,368.12,33,209
PA274,JFK,YYZ,2027-02-25,144.96,131,204
PA278,NRT,SIN,2027-02-25,699.71,43,155
PA283,LAX,SIN,2027-02-25,439.95,78,261
PA293,PVG,YYZ,2027-02-25,684.44,120,214
PA295,YYZ,LAX,2027-02-25,256.96,101,239
PA297,LAX,NRT,2027-02-25,687.46,45,201
PA298,SIN,NRT,2027-02-25,266.98,118,189
PA107,NRT,SIN,2027-02-26,666.6,15,221
PA109,LHR,YYZ,2027-02-26,208.84,150,221
PA110,LHR,YYZ,2027-02-26,164.92,61,176
PA116,YYZ,YVR,2027-02-26,562.88,82,161
PA120,LHR,JFK,2027-02-26,569.12,129,203
PA124,YVR,HKG,2027-02-26,260.33,62,164
PA127,NRT,HKG,2027-02-26,248.84,48,230
PA129,PVG,SIN,2027-02-26,285.42,148,186
PA130,LAX,NRT,2027-02-26,477.28,169,293
PA137,PVG,SIN,2027-02-26,275.99,219,285
PA144,YVR,NRT,2027-02-26,526.28,160,279
PA157,HKG,SIN,2027-02-26,184.7,29,265
PA167,YYZ,LHR,2027-02-26,348.01,62,260
PA171,JFK,CDG,2027-02-26,414.03,119,287
PA175,NRT,LAX,2027-02-26,778.3,103,153
PA176,LAX,NRT,2027-02-26,384.49,88,192
PA196,YYZ,YVR,2027-02-26,420.8,71,152
PA197,NRT,HKG,2027-02-26,151.28,67,175
PA200,LHR,CDG,2027-02-26,210.42,136,222
PA204,YYZ,LHR,2027-02-26,285.13,11,184
PA206,YVR,YYZ,2027-02-26,602.33,145,203
PA211,LAX,HKG,2027-02-26,618.86,44,191
PA221,LAX,NRT,2027-02-26,783.34,14,191
PA233,YYZ,PVG,2027-02-26,225.0,72,216
PA234,LAX,HKG,2027-02-26,175.88,103,159
PA241,YYZ,YVR,2027-02-26,536.21,181,234
PA252,SIN,PVG,2027-02-26,165.37,85,235
PA255,LAX,NRT,2027-02-26,527.89,188,271
PA258,CDG,LHR,2027-02-26,379.76,86,276
PA264,SIN,HKG,2027-02-26,765.03,38,231
PA278,NRT,SIN,2027-02-26,699.71,77,155
PA283,LAX,SIN,2027-02-26,439.95,33,261
PA291,YVR,HKG,2027-02-26,632.86,34,236
PA294,HKG,YYZ,2027-02-26,624.32,48,154
PA295,YYZ,LAX,2027-02-26,256.96,103,239
PA108,YYZ,JFK,2027-02-27,588.7,69,190
PA130,LAX,NRT,2027-02-27,477.28,94,293
PA133,YYZ,HKG,2027-02-27,445.46,81,280
PA134,YYZ,LAX,2027-02-27,206.99,11,178
PA146,NRT,LAX,2027-02-27,742.95,91,285
PA148,YYZ,PVG,2027-02-27,715.11,114,242
PA150,NRT,HKG,2027-02-27,159.96,16,170
PA156,CDG,JFK,2027-02-27,406.67,190,245
PA159,NRT,SIN,2027-02-27,261.08,87,291
PA160,LAX,JFK,2027-02-27,149.7,91,151
PA162,YYZ,LAX,2027-02-27,149.6,164,234
PA163,LAX,NRT,2027-02-27,568.28,153,221
PA175,NRT,LAX,2027-02-27,778.3,72,153
PA179,CDG,LHR,2027-02-27,748.56,156,217
PA182,YVR,YYZ,2027-02-27,778.1,55,205
PA184,YVR,HKG,2027-02-27,135.1,83,164
PA224,LAX,NRT,2027-02-27,211.44,138,218
PA227,PVG,SIN,2027-02-27,313.63,100,239
PA232,NRT,LAX,2027-02-27,757.47,99,234
PA233,YYZ,PVG,2027-02-27,225.0,60,216
PA235,PVG,HKG,2027-02-27,609.98,67,238
PA237,HKG,NRT,2027-02-27,369.64,54,179
PA238,NRT,HKG,2027-02-27,278.31,125,198
PA254,JFK,CDG,2027-02-27,117.1,124,187
PA255,LAX,NRT,2027-02-27,527.89,42,271
PA262,LAX,NRT,2027-02-27,419.52,84,181
PA280,LHR,JFK,2027-02-27,627.43,132,226
PA291,YVR,HKG,2027-02-27,632.86,171,236
PA100,SIN,PVG,2027-02-28,117.51,57,178
PA113,PVG,SIN,2027-02-28,187.38,47,287
PA114,CDG,LHR,2027-02-28,486.43,90,170
PA124,YVR,HKG,2027-02-28,260.33,104,164
PA126,YYZ,YVR,2027-02-28,739.2,69,204
PA138,NRT,YVR,2027-02-28,576.2,121,152
PA141,JFK,LAX,2027-02-28,102.27,43,266
PA145,JFK,YYZ,2027-02-28,633.76,130,245
PA146,NRT,LAX,2027-02-28,742.95,207,285
PA147,SIN,HKG,2027-02-28,442.02,152,232
PA149,YVR,NRT,2027-02-28,140.55,98,211
PA157,HKG,SIN,2027-02-28,184.7,57,265
PA164,LAX,YYZ,2027-02-28,192.62,130,288
PA183,NRT,SIN,2027-02-28,142.67,132,288
PA187,HKG,NRT,2027-02-28,695.94,78,170
PA197,NRT,HKG,2027-02-28,151.28,27,175
PA204,YYZ,LHR,2027-02-28,285.13,64,184
PA208,LAX,HKG,2027-02-28,164.61,55,163
PA215,LHR,CDG,2027-02-28,486.77,48,299
PA247,NRT,YVR,2027-02-28,312.71,18,150
PA270,LAX,SIN,2027-02-28,154.24,125,262
PA271,YVR,YYZ,2027-02-28,290.2,137,210
PA287,CDG,JFK,2027-02-28,564.1,207,294
PA100,SIN,PVG,2027-03-01,117.51,15,178
PA134,YYZ,LAX,2027-03-01,206.99,21,178
PA137,PVG,SIN,2027-03-01,275.99,107,285
PA152,NRT,LAX,2027-03-01,189.87,24,182
PA156,CDG,JFK,2027-03-01,406.67,66,245
PA169,YYZ,LAX,2027-03-01,142.43,100,175
PA186,HKG,SIN,2027-03-01,139.82,71,190
PA187,HKG,NRT,2027-03-01,695.94,48,170
PA191,YYZ,LAX,2027-03-01,393.46,89,170
PA197,NRT,HKG,2027-03-01,151.28,137,175
PA200,LHR,CDG,2027-03-01,210.42,70,222
PA201,NRT,LAX,2027-03-01,528.17,136,227
PA202,HKG,SIN,2027-03-01,567.5,77,152
PA206,YVR,YYZ,2027-03-01,602.33,139,203
PA223,LHR,YYZ,2027-03-01,661.56,61,255
PA224,LAX,NRT,2027-03-01,211.44,19,218
PA226,HKG,YYZ,2027-03-01,239.7,63,206
PA235,PVG,HKG,2027-03-01,609.98,170,238
PA239,PVG,HKG,2027-03-01,463.94,108,150
PA257,SIN,PVG,2027-03-01,236.1,27,297
PA263,PVG,SIN,2027-03-01,791.52,149,285
PA268,LAX,NRT,2027-03-01,636.07,39,220
PA269,HKG,SIN,2027-03-01,538.72,156,274
PA279,NRT,HKG,2027-03-01,433.89,194,247
PA282,NRT,LAX,2027-03-01,441.76,145,206
PA291,YVR,HKG,2027-03-01,632.86,45,236
PA296,YYZ,YVR,2027-03-01,627.96,43,160
PA297,LAX,NRT,2027-03-01,687.46,35,201
PA102,YYZ,LHR,2027-03-02,160.86,108,289
PA105,YYZ,JFK,2027-03-02,239.19,65,293
PA112,SIN,HKG,2027-03-02,664.99,11,217
PA120,LHR,JFK,2027-03-02,569.12,29,203
PA138,NRT,YVR,2027-03-02,576.2,110,152
PA141,JFK,LAX,2027-03-02,102.27,46,266
PA148,YYZ,PVG,2027-03-02,715.11,61,242
PA153,HKG,YYZ,2027-03-02,215.59,32,290
PA156,CDG,JFK,2027-03-02,406.67,160,245
PA171,JFK,CDG,2027-03-02,414.03,44,287
PA172,PVG,HKG,2027-03-02,294.98,34,196
PA189,LAX,NRT,2027-03-02,183.92,84,253
PA194,YVR,HKG,2027-03-02,285.93,151,211
PA209,PVG,HKG,2027-03-02,130.86,42,220
PA212,NRT,YVR,2027-03-02,492.63,47,259
PA213,YYZ,PVG,2027-03-02,761.54,23,169
PA241,YYZ,YVR,2027-03-02,536.21,154,234
PA245,PVG,YYZ,2027-03-02,574.12,43,247
PA254,JFK,CDG,2027-03-02,117.1,103,187
PA259,JFK,YYZ,2027-03-02,724.86,29,151
PA261,HKG,SIN,2027-03-02,135.15,133,268
PA266,NRT,YVR,2027-03-02,728.05,174,264
PA280,LHR,JFK,2027-03-02,627.43,25,226
PA281,PVG,YYZ,2027-03-02,623.26,73,287
PA282,NRT,LAX,2027-03-02,441.76,104,206
PA100,SIN,PVG,2027-03-03,117.51,80,178
PA101,LAX,SIN,2027-03-03,256.25,12,212
PA102,YYZ,LHR,2027-03-03,160.86,170,289
PA117,YVR,YYZ,2027-03-03,698.72,61,170
PA121,YYZ,YVR,2027-03-03,473.9,68,193
PA131,NRT,SIN,2027-03-03,728.48,129,259
PA134,YYZ,LAX,2027-03-03,206.99,100,178
PA153,HKG,YYZ,2027-03-03,215.59,169,290
PA157,HKG,SIN,2027-03-03,184.7,42,265
PA164,LAX,YYZ,2027-03-03,192.62,29,288
PA167,YYZ,LHR,2027-03-03,348.01,34,260
PA174,NRT,YVR,2027-03-03,135.41,28,175
PA186,HKG,SIN,2027-03-03,139.82,75,190
PA194,YVR,HKG,2027-03-03,285.93,147,211
PA200,LHR,CDG,2027-03-03,210.42,91,222
PA202,HKG,SIN,2027-03-03,567.5,117,152
PA205,YYZ,LHR,2027-03-03,208.81,173,291
PA211,LAX,HKG,2027-03-03,618.86,133,191
PA215,LHR,CDG,2027-03-03,486.77,36,299
PA221,LAX,NRT,2027-03-03,783.34,141,191
PA222,JFK,LHR,2027-03-03,117.35,176,255
PA225,YYZ,LHR,2027-03-03,710.52,15,247
PA230,YYZ,YVR,2027-03-03,345.8,94,221
PA251,JFK,LAX,2027-03-03,298.65,34,171
PA257,SIN,PVG,2027-03-03,236.1,105,297
PA262,LAX,NRT,2027-03-03,419.52,89,181
PA265,PVG,NRT,2027-03-03,398.72,168,279
PA266,NRT,YVR,2027-03-03,728.05,166,264
PA277,PVG,YYZ,2027-03-03,733.39,134,249
PA284,CDG,LHR,2027-03-03,568.21,189,236
PA289,PVG,SIN,2027-03-03,135.2,97,196
PA293,PVG,YYZ,2027-03-03,684.44,37,214
PA295,YYZ,LAX,2027-03-03,256.96,40,239
PA298,SIN,NRT,2027-03-03,266.98,26,189
PA101,LAX,SIN,2027-03-04,256.25,47,212
PA102,YYZ,LHR,2027-03-04,160.86,33,289
PA104,LAX,YYZ,2027-03-04,453.75,27,209
PA110,LHR,YYZ,2027-03-04,164.92,31,176
PA117,YVR,YYZ,2027-03-04,698.72,98,170
PA118,YYZ,LHR,2027-03-04,294.58,99,247
PA130,LAX,NRT,2027-03-04,477.28,203,293
PA144,YVR,NRT,2027-03-04,526.28,159,279
PA154,HKG,SIN,2027-03-04,775.05,122,258
PA165,NRT,HKG,2027-03-04,430.87,221,297
PA168,PVG,YYZ,2027-03-04,704.69,161,269
PA171,JFK,CDG,2027-03-04,414.03,179,287
PA172,PVG,HKG,2027-03-04,294.98,153,196
PA175,NRT,LAX,2027-03-04,778.3,72,153
PA183,NRT,SIN,2027-03-04,142.67,122,288
PA184,YVR,HKG,2027-03-04,135.1,60,164
PA186,HKG,SIN,2027-03-04,139.82,106,190
PA190,NRT,HKG,2027-03-04,505.24,57,213
PA206,YVR,YYZ,2027-03-04,602.33,121,203
PA214,JFK,YYZ,2027-03-04,125.22,171,289
PA246,JFK,LHR,2027-03-04,310.66,57,295
PA254,JFK,CDG,2027-03-04,117.1,118,187
PA257,SIN,PVG,2027-03-04,236.1,62,297
PA263,PVG,SIN,2027-03-04,791.52,138,285
PA268,LAX,NRT,2027-03-04,636.07,142,220
PA275,PVG,YYZ,2027-03-04,479.83,140,234
PA294,HKG,YYZ,2027-03-04,624.32,89,154
PA297,LAX,NRT,2027-03-04,687.46,33,201
PA109,LHR,YYZ,2027-03-05,208.84,12,221
PA112,SIN,HKG,2027-03-05,664.99,111,217
PA125,YYZ,LAX,2027-03-05,380.82,45,230
PA132,CDG,JFK,2027-03-05,253.52,90,242
PA134,YYZ,LAX,2027-03-05,206.99,141,178
PA140,LHR,YYZ,2027-03-05,305.45,32,178
PA153,HKG,YYZ,2027-03-05,215.59,129,290
PA161,SIN,PVG,2027-03-05,260.26,42,165
PA166,HKG,YYZ,2027-03-05,233.29,101,254
PA172,PVG,HKG,2027-03-05,294.98,115,196
PA185,HKG,YYZ,2027-03-05,743.57,23,278
PA187,HKG,NRT,2027-03-05,695.94,29,170
PA189,LAX,NRT,2027-03-05,183.92,80,253
PA195,YYZ,HKG,2027-03-05,420.06,131,226
PA217,LHR,CDG,2027-03-05,729.25,60,160
PA240,NRT,LAX,2027-03-05,354.96,15,200
PA251,JFK,LAX,2027-03-05,298.65,129,171
PA260,YYZ,LHR,2027-03-05,253.19,50,258
PA262,LAX,NRT,2027-03-05,419.52,112,181
PA264,SIN,HKG,2027-03-05,765.03,122,231
PA270,LAX,SIN,2027-03-05,154.24,142,262
PA272,YVR,HKG,2027-03-05,156.4,159,288
PA273,JFK,YYZ,2027-03-05,368.12,23,209
PA299,HKG,YYZ,2027-03-05,494.78,24,179
PA104,LAX,YYZ,2027-03-06,453.75,88,209
PA106,NRT,LAX,2027-03-06,254.31,173,257
PA112,SIN,HKG,2027-03-06,664.99,94,217
PA117,YVR,YYZ,2027-03-06,698.72,41,170
PA122,LAX,NRT,2027-03-06,423.58,95,191
PA128,HKG,PVG,2027-03-06,719.28,116,251
PA152,NRT,LAX,2027-03-06,189.87,91,182
PA189,LAX,NRT,2027-03-06,183.92,166,253
PA192,NRT,SIN,2027-03-06,465.95,31,294
PA198,LAX,YYZ,2027-03-06,285.64,217,279
PA202,HKG,SIN,2027-03-06,567.5,68,152
PA218,LAX,YYZ,2027-03-06,566.85,98,213
PA225,YYZ,LHR,2027-03-06,710.52,197,247
PA228,LAX,JFK,2027-03-06,116.57,116,207
PA230,YYZ,YVR,2027-03-06,345.8,128,221
PA241,YYZ,YVR,2027-03-06,536.21,18,234
PA243,PVG,YYZ,2027-03-06,381.68,51,233
PA252,SIN,PVG,2027-03-06,165.37,81,235
PA258,CDG,LHR,2027-03-06,379.76,116,276
PA260,YYZ,LHR,2027-03-06,253.19,66,258
PA269,HKG,SIN,2027-03-06,538.72,213,274
PA275,PVG,YYZ,2027-03-06,479.83,81,234
PA277,PVG,YYZ,2027-03-06,733.39,123,249
PA279,NRT,HKG,2027-03-06,433.89,149,247
PA285,CDG,JFK,2027-03-06,688.35,108,192
PA287,CDG,JFK,2027-03-06,564.1,76,294
PA298,SIN,NRT,2027-03-06,266.98,82,189
PA101,LAX,SIN,2027-03-07,256.25,99,212
PA109,LHR,YYZ,2027-03-07,208.84,94,221
PA111,YYZ,LHR,2027-03-07,693.25,112,241
PA117,YVR,YYZ,2027-03-07,698.72,98,170
PA130,LAX,NRT,2027-03-07,477.28,183,293
PA132,CDG,JFK,2027-03-07,253.52,174,242
PA142,LAX,HKG,2027-03-07,633.37,98,278
PA156,CDG,JFK,2027-03-07,406.67,135,245
PA173,LAX,NRT,2027-03-07,410.19,62,169
PA174,NRT,YVR,2027-03-07,135.41,16,175
PA188,YYZ,YVR,2027-03-07,572.65,77,167
PA189,LAX,NRT,2027-03-07,183.92,17,253
PA199,LHR,JFK,2027-03-07,715.49,38,167
PA208,LAX,HKG,2027-03-07,164.61,54,163
PA217,LHR,CDG,2027-03-07,729.25,46,160
PA250,PVG,NRT,2027-03-07,457.82,51,204
PA253,LAX,NRT,2027-03-07,257.25,108,229
PA264,SIN,HKG,2027-03-07,765.03,98,231
PA271,YVR,YYZ,2027-03-07,290.2,99,210
PA286,YYZ,HKG,2027-03-07,118.88,207,286
PA292,CDG,LHR,2027-03-07,626.41,60,221
PA101,LAX,SIN,2027-03-08,256.25,130,212
PA105,YYZ,JFK,2027-03-08,239.19,199,293
PA111,YYZ,LHR,2027-03-08,693.25,68,241
PA121,YYZ,YVR,2027-03-08,473.9,73,193
PA123,LAX,SIN,2027-03-08,253.73,232,292
PA126,YYZ,YVR,2027-03-08,739.2,16,204
PA136,CDG,LHR,2027-03-08,517.12,96,247
PA160,LAX,JFK,2027-03-08,149.7,45,151
PA161,SIN,PVG,2027-03-08,260.26,13,165
PA162,YYZ,LAX,2027-03-08,149.6,106,234
PA170,LHR,YYZ,2027-03-08,274.06,116,177
PA173,LAX,NRT,2027-03-08,410.19,9,169
PA175,NRT,LAX,2027-03-08,778.3,91,153
PA180,PVG,SIN,2027-03-08,396.11,92,223
PA193,LAX,HKG,2027-03-08,568.81,37,202
PA198,LAX,YYZ,2027-03-08,285.64,89,279
PA199,LHR,JFK,2027-03-08,715.49,105,167
PA215,LHR,CDG,2027-03-08,486.77,118,299
PA216,PVG,HKG,2027-03-08,129.28,52,182
PA232,NRT,LAX,2027-03-08,757.47,56,234
PA234,LAX,HKG,2027-03-08,175.88,35,159
PA236,YVR,HKG,2027-03-08,524.35,31,261
PA248,LAX,YYZ,2027-03-08,650.03,97,260
PA250,PVG,NRT,2027-03-08,457.82,113,204
PA287,CDG,JFK,2027-03-08,564.1,127,294
PA293,PVG,YYZ,2027-03-08,684.44,141,214
PA101,LAX,SIN,2027-03-09,256.25,58,212
PA103,PVG,HKG,2027-03-09,120.86,89,158
PA106,NRT,LAX,2027-03-09,254.31,95,257
PA115,SIN,PVG,2027-03-09,504.15,133,242
PA118,YYZ,LHR,2027-03-09,294.58,84,247
PA125,YYZ,LAX,2027-03-09,380.82,18,230
PA141,JFK,LAX,2027-03-09,102.27,191,266
PA168,PVG,YYZ,2027-03-09,704.69,123,269
PA170,LHR,YYZ,2027-03-09,274.06,30,177
PA177,HKG,YYZ,2027-03-09,705.26,120,204
PA180,PVG,SIN,2027-03-09,396.11,60,223
PA181,NRT,YVR,2027-03-09,208.36,195,274
PA188,YYZ,YVR,2027-03-09,572.65,117,167
PA189,LAX,NRT,2027-03-09,183.92,71,253
PA194,YVR,HKG,2027-03-09,285.93,138,211
PA205,YYZ,LHR,2027-03-09,208.81,198,291
PA212,NRT,YVR,2027-03-09,492.63,26,259
PA227,PVG,SIN,2027-03-09,313.63,31,239
PA233,YYZ,PVG,2027-03-09,225.0,88,216
PA248,LAX,YYZ,2027-03-09,650.03,88,260
PA250,PVG,NRT,2027-03-09,457.82,138,204
PA253,LAX,NRT,2027-03-09,257.25,123,229
PA261,HKG,SIN,2027-03-09,135.15,77,268
PA268,LAX,NRT,2027-03-09,636.07,172,220
PA280,LHR,JFK,2027-03-09,627.43,64,226
PA285,CDG,JFK,2027-03-09,688.35,23,192
PA294,HKG,YYZ,2027-03-09,624.32,49,154
PA297,LAX,NRT,2027-03-09,687.46,33,201
PA104,LAX,YYZ,2027-03-10,453.75,87,209
PA110,LHR,YYZ,2027-03-10,164.92,91,176
PA119,SIN,PVG,2027-03-10,213.86,89,243
PA120,LHR,JFK,2027-03-10,569.12,69,203
PA121,YYZ,YVR,2027-03-10,473.9,67,193
PA124,YVR,HKG,2027-03-10,260.33,79,164
PA132,CDG,JFK,2027-03-10,253.52,20,242
PA133,YYZ,HKG,2027-03-10,445.46,149,280
PA145,JFK,YYZ,2027-03-10,633.76,79,245
PA158,LAX,JFK,2027-03-10,336.66,93,166
PA166,HKG,YYZ,2027-03-10,233.29,50,254
PA177,HKG,YYZ,2027-03-10,705.26,24,204
PA191,YYZ,LAX,2027-03-10,393.46,40,170
PA201,NRT,LAX,2027-03-10,528.17,71,227
PA212,NRT,YVR,2027-03-10,492.63,126,259
PA213,YYZ,PVG,2027-03-10,761.54,122,169
PA214,JFK,YYZ,2027-03-10,125.22,205,289
PA224,LAX,NRT,2027-03-10,211.44,76,218
PA230,YYZ,YVR,2027-03-10,345.8,16,221
PA235,PVG,HKG,2027-03-10,609.98,88,238
PA237,HKG,NRT,2027-03-10,369.64,50,179
PA242,YYZ,PVG,2027-03-10,454.99,97,226
PA251,JFK,LAX,2027-03-10,298.65,50,171
PA263,PVG,SIN,2027-03-10,791.52,100,285
PA266,NRT,YVR,2027-03-10,728.05,70,264
PA267,HKG,YYZ,2027-03-10,281.43,210,265
PA268,LAX,NRT,2027-03-10,636.07,53,220
PA275,PVG,YYZ,2027-03-10,479.83,18,234
PA280,LHR,JFK,2027-03-10,627.43,112,226
PA284,CDG,LHR,2027-03-10,568.21,155,236
PA292,CDG,LHR,2027-03-10,626.41,160,221
PA294,HKG,YYZ,2027-03-10,624.32,109,154
PA297,LAX,NRT,2027-03-10,687.46,111,201
PA298,SIN,NRT,2027-03-10,266.98,124,189
PA299,HKG,YYZ,2027-03-10,494.78,127,179
PA106,NRT,LAX,2027-03-11,254.31,52,257
PA114,CDG,LHR,2027-03-11,486.43,115,170
PA122,LAX,NRT,2027-03-11,423.58,117,191
PA124,YVR,HKG,2027-03-11,260.33,79,164
PA125,YYZ,LAX,2027-03-11,380.82,100,230
PA147,SIN,HKG,2027-03-11,442.02,67,232
PA149,YVR,NRT,2027-03-11,140.55,150,211
PA159,NRT,SIN,2027-03-11,261.08,54,291
PA162,YYZ,LAX,2027-03-11,149.6,179,234
PA164,LAX,YYZ,2027-03-11,192.62,42,288
PA174,NRT,YVR,2027-03-11,135.41,81,175
PA178,YYZ,LAX,2027-03-11,365.28,84,192
PA181,NRT,YVR,2027-03-11,208.36,64,274
PA183,NRT,SIN,2027-03-11,142.67,30,288
PA187,HKG,NRT,2027-03-11,695.94,32,170
PA188,YYZ,YVR,2027-03-11,572.65,102,167
PA193,LAX,HKG,2027-03-11,568.81,16,202
PA217,LHR,CDG,2027-03-11,729.25,45,160
PA250,PVG,NRT,2027-03-11,457.82,31,204
PA251,JFK,LAX,2027-03-11,298.65,102,171
PA260,YYZ,LHR,2027-03-11,253.19,177,258
PA265,PVG,NRT,2027-03-11,398.72,150,279
PA271,YVR,YYZ,2027-03-11,290.2,132,210
PA284,CDG,LHR,2027-03-11,568.21,50,236
PA106,NRT,LAX,2027-03-12,254.31,200,257
PA110,LHR,YYZ,2027-03-12,164.92,65,176
PA116,YYZ,YVR,2027-03-12,562.88,34,161
PA128,HKG,PVG,2027-03-12,719.28,98,251
PA135,JFK,LAX,2027-03-12,517.49,133,258
PA151,HKG,PVG,2027-03-12,784.59,86,167
PA158,LAX,JFK,2027-03-12,336.66,30,166
PA159,NRT,SIN,2027-03-12,261.08,19,291
PA176,LAX,NRT,2027-03-12,384.49,22,192
PA177,HKG,YYZ,2027-03-12,705.26,28,204
PA191,YYZ,LAX,2027-03-12,393.46,83,170
PA193,LAX,HKG,2027-03-12,568.81,42,202
PA197,NRT,HKG,2027-03-12,151.28,58,175
PA211,LAX,HKG,2027-03-12,618.86,57,191
PA224,LAX,NRT,2027-03-12,211.44,124,218
PA229,JFK,CDG,2027-03-12,329.78,35,252
PA236,YVR,HKG,2027-03-12,524.35,75,261
PA250,PVG,NRT,2027-03-12,457.82,131,204
PA253,LAX,NRT,2027-03-12,257.25,112,229
PA254,JFK,CDG,2027-03-12,117.1,20,187
PA255,LAX,NRT,2027-03-12,527.89,164,271
PA262,LAX,NRT,2027-03-12,419.52,132,181
PA263,PVG,SIN,2027-03-12,791.52,175,285
PA270,LAX,SIN,2027-03-12,154.24,17,262
PA274,JFK,YYZ,2027-03-12,144.96,96,204
PA276,PVG,YYZ,2027-03-12,244.78,11,165
PA281,PVG,YYZ,2027-03-12,623.26,117,287
PA285,CDG,JFK,2027-03-12,688.35,147,192
PA287,CDG,JFK,2027-03-12,564.1,232,294
PA103,PVG,HKG,2027-03-13,120.86,30,158
PA108,YYZ,JFK,2027-03-13,588.7,119,190
PA111,YYZ,LHR,2027-03-13,693.25,114,241
PA113,PVG,SIN,2027-03-13,187.38,60,287
PA120,LHR,JFK,2027-03-13,569.12,146,203
PA125,YYZ,LAX,2027-03-13,380.82,159,230
PA131,NRT,SIN,2027-03-13,728.48,115,259
PA132,CDG,JFK,2027-03-13,253.52,37,242
PA147,SIN,HKG,2027-03-13,442.02,105,232
PA153,HKG,YYZ,2027-03-13,215.59,189,290
PA160,LAX,JFK,2027-03-13,149.7,19,151
PA166,HKG,YYZ,2027-03-13,233.29,30,254
PA169,YYZ,LAX,2027-03-13,142.43,58,175
PA174,NRT,YVR,2027-03-13,135.41,55,175
PA178,YYZ,LAX,2027-03-13,365.28,15,192
PA180,PVG,SIN,2027-03-13,396.11,56,223
PA181,NRT,YVR,2027-03-13,208.36,178,274
PA187,HKG,NRT,2027-03-13,695.94,92,170
PA205,YYZ,LHR,2027-03-13,208.81,45,291
PA215,LHR,CDG,2027-03-13,486.77,224,299
PA218,LAX,YYZ,2027-03-13,566.85,65,213
PA234,LAX,HKG,2027-03-13,175.88,44,159
PA270,LAX,SIN,2027-03-13,154.24,40,262
PA271,YVR,YYZ,2027-03-13,290.2,137,210
PA274,JFK,YYZ,2027-03-13,144.96,61,204
PA282,NRT,LAX,2027-03-13,441.76,154,206
PA284,CDG,LHR,2027-03-13,568.21,141,236
PA289,PVG,SIN,2027-03-13,135.2,54,196
PA100,SIN,PVG,2027-03-14,117.51,58,178
PA109,LHR,YYZ,2027-03-14,208.84,63,221
PA110,LHR,YYZ,2027-03-14,164.92,38,176
PA119,SIN,PVG,2027-03-14,213.86,114,243
PA124,YVR,HKG,2027-03-14,260.33,21,164
PA126,YYZ,YVR,2027-03-14,739.2,77,204
PA132,CDG,JFK,2027-03-14,253.52,52,242
PA134,YYZ,LAX,2027-03-14,206.99,28,178
PA135,JFK,LAX,2027-03-14,517.49,45,258
PA143,HKG,NRT,2027-03-14,709.36,49,177
PA148,YYZ,PVG,2027-03-14,715.11,190,242
PA153,HKG,YYZ,2027-03-14,215.59,188,290
PA161,SIN,PVG,2027-03-14,260.26,43,165
PA171,JFK,CDG,2027-03-14,414.03,63,287
PA200,LHR,CDG,2027-03-14,210.42,151,222
PA214,JFK,YYZ,2027-03-14,125.22,150,289
PA226,HKG,YYZ,2027-03-14,239.7,37,206
PA228,LAX,JFK,2027-03-14,116.57,105,207
PA255,LAX,NRT,2027-03-14,527.89,196,271
PA256,YYZ,YVR,2027-03-14,390.11,62,266
PA259,JFK,YYZ,2027-03-14,724.86,112,151
PA272,YVR,HKG,2027-03-14,156.4,111,288
PA285,CDG,JFK,2027-03-14,688.35,100,192
PA288,YYZ,YVR,2027-03-14,194.99,197,259
PA100,SIN,PVG,2027-03-15,117.51,132,178
PA108,YYZ,JFK,2027-03-15,588.7,52,190
PA113,PVG,SIN,2027-03-15,187.38,136,287
PA117,YVR,YYZ,2027-03-15,698.72,46,170
PA121,YYZ,YVR,2027-03-15,473.9,10,193
PA125,YYZ,LAX,2027-03-15,380.82,127,230
PA132,CDG,JFK,2027-03-15,253.52,20,242
PA137,PVG,SIN,2027-03-15,275.99,86,285
PA143,HKG,NRT,2027-03-15,709.36,139,177
PA146,NRT,LAX,2027-03-15,742.95,56,285
PA150,NRT,HKG,2027-03-15,159.96,71,170
PA152,NRT,LAX,2027-03-15,189.87,41,182
PA153,HKG,YYZ,2027-03-15,215.59,101,290
PA172,PVG,HKG,2027-03-15,294.98,97,196
PA176,LAX,NRT,2027-03-15,384.49,101,192
PA179,CDG,LHR,2027-03-15,748.56,148,217
PA183,NRT,SIN,2027-03-15,142.67,109,288
PA191,YYZ,LAX,2027-03-15,393.46,114,170
PA239,PVG,HKG,2027-03-15,463.94,22,150
PA240,NRT,LAX,2027-03-15,354.96,45,200
PA241,YYZ,YVR,2027-03-15,536.21,19,234
PA250,PVG,NRT,2027-03-15,457.82,106,204
PA259,JFK,YYZ,2027-03-15,724.86,23,151
PA263,PVG,SIN,2027-03-15,791.52,47,285
PA265,PVG,NRT,2027-03-15,398.72,45,279
PA266,NRT,YVR,2027-03-15,728.05,191,264
PA270,LAX,SIN,2027-03-15,154.24,159,262
PA281,PVG,YYZ,2027-03-15,623.26,133,287
PA295,YYZ,LAX,2027-03-15,256.96,113,239
PA105,YYZ,JFK,2027-03-16,239.19,197,293
PA107,NRT,SIN,2027-03-16,666.6,147,221
PA111,YYZ,LHR,2027-03-16,693.25,70,241
PA112,SIN,HKG,2027-03-16,664.99,99,217
PA127,NRT,HKG,2027-03-16,248.84,88,230
PA128,HKG,PVG,2027-03-16,719.28,158,251
PA129,PVG,SIN,2027-03-16,285.42,28,186
PA138,NRT,YVR,2027-03-16,576.2,111,152
PA141,JFK,LAX,2027-03-16,102.27,69,266
PA156,CDG,JFK,2027-03-16,406.67,73,245
PA158,LAX,JFK,2027-03-16,336.66,43,166
PA162,YYZ,LAX,2027-03-16,149.6,179,234
PA175,NRT,LAX,2027-03-16,778.3,9,153
PA179,CDG,LHR,2027-03-16,748.56,47,217
PA191,YYZ,LAX,2027-03-16,393.46,26,170
PA194,YVR,HKG,2027-03-16,285.93,14,211
PA197,NRT,HKG,2027-03-16,151.28,67,175
PA211,LAX,HKG,2027-03-16,618.86,151,191
PA228,LAX,JFK,2027-03-16,116.57,56,207
PA229,JFK,CDG,2027-03-16,329.78,124,252
PA237,HKG,NRT,2027-03-16,369.64,138,179
PA246,JFK,LHR,2027-03-16,310.66,185,295
PA257,SIN,PVG,2027-03-16,236.1,197,297
PA273,JFK,YYZ,2027-03-16,368.12,131,209
PA285,CDG,JFK,2027-03-16,688.35,39,192
PA293,PVG,YYZ,2027-03-16,684.44,129,214
PA123,LAX,SIN,2027-03-17,253.73,159,292
PA124,YVR,HKG,2027-03-17,260.33,107,164
PA133,YYZ,HKG,2027-03-17,445.46,135,280
PA134,YYZ,LAX,2027-03-17,206.99,53,178
PA135,JFK,LAX,2027-03-17,517.49,26,258
PA140,LHR,YYZ,2027-03-17,305.45,18,178
PA162,YYZ,LAX,2027-03-17,149.6,87,234
PA175,NRT,LAX,2027-03-17,778.3,37,153
PA179,CDG,LHR,2027-03-17,748.56,160,217
PA183,NRT,SIN,2027-03-17,142.67,187,288
PA197,NRT,HKG,2027-03-17,151.28,75,175
PA199,LHR,JFK,2027-03-17,715.49,82,167
PA201,NRT,LAX,2027-03-17,528.17,177,227
PA207,LAX,YYZ,2027-03-17,453.79,111,217
PA225,YYZ,LHR,2027-03-17,710.52,112,247
PA227,PVG,SIN,2027-03-17,313.63,13,239
PA228,LAX,JFK,2027-03-17,116.57,90,207
PA231,HKG,NRT,2027-03-17,575.66,185,252
PA234,LAX,HKG,2027-03-17,175.88,37,159
PA235,PVG,HKG,2027-03-17,609.98,43,238
PA240,NRT,LAX,2027-03-17,354.96,79,200
PA243,PVG,YYZ,2027-03-17,381.68,26,233
PA253,LAX,NRT,2027-03-17,257.25,82,229
PA254,JFK,CDG,2027-03-17,117.1,21,187
PA261,HKG,SIN,2027-03-17,135.15,145,268
PA265,PVG,NRT,2027-03-17,398.72,121,279
PA274,JFK,YYZ,2027-03-17,144.96,135,204
PA278,NRT,SIN,2027-03-17,699.71,78,155
PA288,YYZ,YVR,2027-03-17,194.99,145,259
PA101,LAX,SIN,2027-03-18,256.25,15,212
PA114,CDG,LHR,2027-03-18,486.43,52,170
PA116,YYZ,YVR,2027-03-18,562.88,51,161
PA124,YVR,HKG,2027-03-18,260.33,52,164
PA126,YYZ,YVR,2027-03-18,739.2,69,204
PA155,NRT,LAX,2027-03-18,599.06,128,201
PA159,NRT,SIN,2027-03-18,261.08,64,291
PA165,NRT,HKG,2027-03-18,430.87,78,297
PA167,YYZ,LHR,2027-03-18,348.01,50,260
PA170,LHR,YYZ,2027-03-18,274.06,72,177
PA171,JFK,CDG,2027-03-18,414.03,25,287
PA191,YYZ,LAX,2027-03-18,393.46,136,170
PA197,NRT,HKG,2027-03-18,151.28,82,175
PA207,LAX,YYZ,2027-03-18,453.79,147,217
PA226,HKG,YYZ,2027-03-18,239.7,40,206
PA234,LAX,HKG,2027-03-18,175.88,24,159
PA240,NRT,LAX,2027-03-18,354.96,21,200
PA249,SIN,HKG,2027-03-18,425.49,31,232
PA251,JFK,LAX,2027-03-18,298.65,73,171
PA252,SIN,PVG,2027-03-18,165.37,93,235
PA253,LAX,NRT,2027-03-18,257.25,180,229
PA257,SIN,PVG,2027-03-18,236.1,186,297
PA264,SIN,HKG,2027-03-18,765.03,44,231
PA282,NRT,LAX,2027-03-18,441.76,127,206
PA290,CDG,LHR,2027-03-18,248.16,134,233
PA296,YYZ,YVR,2027-03-18,627.96,63,160
PA105,YYZ,JFK,2027-03-19,239.19,188,293
PA109,LHR,YYZ,2027-03-19,208.84,44,221
PA113,PVG,SIN,2027-03-19,187.38,46,287
PA119,SIN,PVG,2027-03-19,213.86,191,243
PA135,JFK,LAX,2027-03-19,517.49,99,258
PA148,YYZ,PVG,2027-03-19,715.11,88,242
PA154,HKG,SIN,2027-03-19,775.05,169,258
PA158,LAX,JFK,2027-03-19,336.66,27,166
PA165,NRT,HKG,2027-03-19,430.87,230,297
PA170,LHR,YYZ,2027-03-19,274.06,45,177
PA171,JFK,CDG,2027-03-19,414.03,122,287
PA172,PVG,HKG,2027-03-19,294.98,98,196
PA179,CDG,LHR,2027-03-19,748.56,157,217
PA190,NRT,HKG,2027-03-19,505.24,139,213
PA191,YYZ,LAX,2027-03-19,393.46,33,170
PA205,YYZ,LHR,2027-03-19,208.81,211,291
PA207,LAX,YYZ,2027-03-19,453.79,27,217
PA209,PVG,HKG,2027-03-19,130.86,112,220
PA216,PVG,HKG,2027-03-19,129.28,69,182
PA217,LHR,CDG,2027-03-19,729.25,117,160
PA223,LHR,YYZ,2027-03-19,661.56,159,255
PA238,NRT,HKG,2027-03-19,278.31,101,198
PA247,NRT,YVR,2027-03-19,312.71,41,150
PA248,LAX,YYZ,2027-03-19,650.03,206,260
PA251,JFK,LAX,2027-03-19,298.65,25,171
PA258,CDG,LHR,2027-03-19,379.76,79,276
PA265,PVG,NRT,2027-03-19,398.72,51,279
PA266,NRT,YVR,2027-03-19,728.05,197,264
PA270,LAX,SIN,2027-03-19,154.24,55,262
PA276,PVG,YYZ,2027-03-19,244.78,25,165
PA287,CDG,JFK,2027-03-19,564.1,160,294
PA289,PVG,SIN,2027-03-19,135.2,64,196
PA292,CDG,LHR,2027-03-19,626.41,17,221
PA294,HKG,YYZ,2027-03-19,624.32,101,154
PA104,LAX,YYZ,2027-03-20,453.75,36,209
PA107,NRT,SIN,2027-03-20,666.6,21,221
PA118,YYZ,LHR,2027-03-20,294.58,172,247
PA120,LHR,JFK,2027-03-20,569.12,78,203
PA144,YVR,NRT,2027-03-20,526.28,169,279
PA146,NRT,LAX,2027-03-20,742.95,184,285
PA147,SIN,HKG,2027-03-20,442.02,29,232
PA156,CDG,JFK,2027-03-20,406.67,53,245
PA158,LAX,JFK,2027-03-20,336.66,123,166
PA167,YYZ,LHR,2027-03-20,348.01,146,260
PA172,PVG,HKG,2027-03-20,294.98,56,196
PA179,CDG,LHR,2027-03-20,748.56,41,217
PA188,YYZ,YVR,2027-03-20,572.65,64,167
PA192,NRT,SIN,2027-03-20,465.95,64,294
PA194,YVR,HKG,2027-03-20,285.93,80,211
PA195,YYZ,HKG,2027-03-20,420.06,88,226
PA201,NRT,LAX,2027-03-20,528.17,38,227
PA202,HKG,SIN,2027-03-20,567.5,33,152
PA204,YYZ,LHR,2027-03-20,285.13,103,184
PA205,YYZ,LHR,2027-03-20,208.81,76,291
PA224,LAX,NRT,2027-03-20,211.44,71,218
PA233,YYZ,PVG,2027-03-20,225.0,70,216
PA238,NRT,HKG,2027-03-20,278.31,24,198
PA246,JFK,LHR,2027-03-20,310.66,31,295
PA247,NRT,YVR,2027-03-20,312.71,49,150
PA261,HKG,SIN,2027-03-20,135.15,66,268
PA298,SIN,NRT,2027-03-20,266.98,80,189
PA102,YYZ,LHR,2027-03-21,160.86,231,289
PA121,YYZ,YVR,2027-03-21,473.9,123,193
PA127,NRT,HKG,2027-03-21,248.84,135,230
PA145,JFK,YYZ,2027-03-21,633.76,133,245
PA152,NRT,LAX,2027-03-21,189.87,112,182
PA159,NRT,SIN,2027-03-21,261.08,80,291
PA164,LAX,YYZ,2027-03-21,192.62,97,288
PA165,NRT,HKG,2027-03-21,430.87,194,297
PA169,YYZ,LAX,2027-03-21,142.43,105,175
PA178,YYZ,LAX,2027-03-21,365.28,148,192
PA192,NRT,SIN,2027-03-21,465.95,20,294
PA193,LAX,HKG,2027-03-21,568.81,115,202
PA206,YVR,YYZ,2027-03-21,602.33,27,203
PA222,JFK,LHR,2027-03-21,117.35,106,255
PA224,LAX,NRT,2027-03-21,211.44,150,218
PA234,LAX,HKG,2027-03-21,175.88,119,159
PA236,YVR,HKG,2027-03-21,524.35,59,261
PA237,HKG,NRT,2027-03-21,369.64,81,179
PA245,PVG,YYZ,2027-03-21,574.12,84,247
PA256,YYZ,YVR,2027-03-21,390.11,48,266
PA260,YYZ,LHR,2027-03-21,253.19,44,258
PA262,LAX,NRT,2027-03-21,419.52,16,181
PA266,NRT,YVR,2027-03-21,728.05,55,264
PA286,YYZ,HKG,2027-03-21,118.88,133,286
PA298,SIN,NRT,2027-03-21,266.98,75,189
PA299,HKG,YYZ,2027-03-21,494.78,139,179
PA101,LAX,SIN,2027-03-22,256.25,19,212
PA114,CDG,LHR,2027-03-22,486.43,36,170
PA129,PVG,SIN,2027-03-22,285.42,125,186
PA130,LAX,NRT,2027-03-22,477.28,37,293
PA142,LAX,HKG,2027-03-22,633.37,189,278
PA152,NRT,LAX,2027-03-22,189.87,78,182
PA169,YYZ,LAX,2027-03-22,142.43,10,175
PA170,LHR,YYZ,2027-03-22,274.06,138,177
PA172,PVG,HKG,2027-03-22,294.98,76,196
PA185,HKG,YYZ,2027-03-22,743.57,87,278
PA186,HKG,SIN,2027-03-22,139.82,10,190
PA188,YYZ,YVR,2027-03-22,572.65,113,167
PA195,YYZ,HKG,2027-03-22,420.06,180,226
PA197,NRT,HKG,2027-03-22,151.28,113,175
PA208,LAX,HKG,2027-03-22,164.61,48,163
PA210,LHR,YYZ,2027-03-22,545.98,141,183
PA221,LAX,NRT,2027-03-22,783.34,66,191
PA228,LAX,JFK,2027-03-22,116.57,68,207
PA230,YYZ,YVR,2027-03-22,345.8,14,221
PA238,NRT,HKG,2027-03-22,278.31,130,198
PA241,YYZ,YVR,2027-03-22,536.21,131,234
PA253,LAX,NRT,2027-03-22,257.25,100,229
PA255,LAX,NRT,2027-03-22,527.89,29,271
PA258,CDG,LHR,2027-03-22,379.76,177,276
PA263,PVG,SIN,2027-03-22,791.52,138,285
PA275,PVG,YYZ,2027-03-22,479.83,142,234
PA276,PVG,YYZ,2027-03-22,244.78,25,165
PA289,PVG,SIN,2027-03-22,135.2,34,196
PA292,CDG,LHR,2027-03-22,626.41,56,221
PA294,HKG,YYZ,2027-03-22,624.32,40,154
PA299,HKG,YYZ,2027-03-22,494.78,111,179
PA121,YYZ,YVR,2027-03-23,473.9,109,193
PA128,HKG,PVG,2027-03-23,719.28,25,251
PA133,YYZ,HKG,2027-03-23,445.46,163,280
PA148,YYZ,PVG,2027-03-23,715.11,174,242
PA150,NRT,HKG,2027-03-23,159.96,110,170
PA156,CDG,JFK,2027-03-23,406.67,79,245
PA167,YYZ,LHR,2027-03-23,348.01,86,260
PA179,CDG,LHR,2027-03-23,748.56,116,217
PA191,YYZ,LAX,2027-03-23,393.46,126,170
PA198,LAX,YYZ,2027-03-23,285.64,19,279
PA199,LHR,JFK,2027-03-23,715.49,32,167
PA200,LHR,CDG,2027-03-23,210.42,147,222
PA224,LAX,NRT,2027-03-23,211.44,37,218
PA236,YVR,HKG,2027-03-23,524.35,147,261
PA239,PVG,HKG,2027-03-23,463.94,28,150
PA241,YYZ,YVR,2027-03-23,536.21,170,234
PA243,PVG,YYZ,2027-03-23,381.68,169,233
PA258,CDG,LHR,2027-03-23,379.76,214,276
PA268,LAX,NRT,2027-03-23,636.07,153,220
PA271,YVR,YYZ,2027-03-23,290.2,86,210
PA275,PVG,YYZ,2027-03-23,479.83,25,234
PA278,NRT,SIN,2027-03-23,699.71,113,155
PA297,LAX,NRT,2027-03-23,687.46,23,201
PA105,YYZ,JFK,2027-03-24,239.19,138,293
PA107,NRT,SIN,2027-03-24,666.6,57,221
PA118,YYZ,LHR,2027-03-24,294.58,163,247
PA125,YYZ,LAX,2027-03-24,380.82,122,230
PA138,NRT,YVR,2027-03-24,576.2,49,152
PA147,SIN,HKG,2027-03-24,442.02,120,232
PA152,NRT,LAX,2027-03-24,189.87,63,182
PA173,LAX,NRT,2027-03-24,410.19,95,169
PA182,YVR,YYZ,2027-03-24,778.1,68,205
PA183,NRT,SIN,2027-03-24,142.67,209,288
PA194,YVR,HKG,2027-03-24,285.93,83,211
PA205,YYZ,LHR,2027-03-24,208.81,32,291
PA206,YVR,YYZ,2027-03-24,602.33,20,203
PA211,LAX,HKG,2027-03-24,618.86,149,191
PA216,PVG,HKG,2027-03-24,129.28,124,182
PA218,LAX,YYZ,2027-03-24,566.85,44,213
PA221,LAX,NRT,2027-03-24,783.34,112,191
PA226,HKG,YYZ,2027-03-24,239.7,157,206
PA230,YYZ,YVR,2027-03-24,345.8,164,221
PA231,HKG,NRT,2027-03-24,575.66,163,252
PA239,PVG,HKG,2027-03-24,463.94,37,150
PA250,PVG,NRT,2027-03-24,457.82,121,204
PA257,SIN,PVG,2027-03-24,236.1,55,297
PA260,YYZ,LHR,2027-03-24,253.19,133,258
PA283,LAX,SIN,2027-03-24,439.95,104,261
PA288,YYZ,YVR,2027-03-24,194.99,38,259
PA293,PVG,YYZ,2027-03-24,684.44,31,214
PA296,YYZ,YVR,2027-03-24,627.96,74,160
PA101,LAX,SIN,2027-03-25,256.25,24,212
PA110,LHR,YYZ,2027-03-25,164.92,50,176
PA116,YYZ,YVR,2027-03-25,562.88,102,161
PA117,YVR,YYZ,2027-03-25,698.72,17,170
PA118,YYZ,LHR,2027-03-25,294.58,166,247
PA127,NRT,HKG,2027-03-25,248.84,129,230
PA136,CDG,LHR,2027-03-25,517.12,164,247
PA141,JFK,LAX,2027-03-25,102.27,148,266
PA151,HKG,PVG,2027-03-25,784.59,82,167
PA174,NRT,YVR,2027-03-25,135.41,15,175
PA184,YVR,HKG,2027-03-25,135.1,101,164
PA209,PVG,HKG,2027-03-25,130.86,17,220
PA213,YYZ,PVG,2027-03-25,761.54,54,169
PA234,LAX,HKG,2027-03-25,175.88,89,159
PA236,YVR,HKG,2027-03-25,524.35,102,261
PA238,NRT,HKG,2027-03-25,278.31,38,198
PA256,YYZ,YVR,2027-03-25,390.11,140,266
PA261,HKG,SIN,2027-03-25,135.15,173,268
PA270,LAX,SIN,2027-03-25,154.24,22,262
PA275,PVG,YYZ,2027-03-25,479.83,25,234
PA282,NRT,LAX,2027-03-25,441.76,41,206
PA285,CDG,JFK,2027-03-25,688.35,58,192
PA289,PVG,SIN,2027-03-25,135.2,18,196
PA294,HKG,YYZ,2027-03-25,624.32,98,154
PA298,SIN,NRT,2027-03-25,266.98,136,189
PA114,CDG,LHR,2027-03-26,486.43,45,170
PA120,LHR,JFK,2027-03-26,569.12,75,203
PA129,PVG,SIN,2027-03-26,285.42,89,186
PA135,JFK,LAX,2027-03-26,517.49,203,258
PA140,LHR,YYZ,2027-03-26,305.45,129,178
PA143,HKG,NRT,2027-03-26,709.36,56,177
PA155,NRT,LAX,2027-03-26,599.06,146,201
PA156,CDG,JFK,2027-03-26,406.67,13,245
PA164,LAX,YYZ,2027-03-26,192.62,72,288
PA165,NRT,HKG,2027-03-26,430.87,233,297
PA170,LHR,YYZ,2027-03-26,274.06,13,177
PA182,YVR,YYZ,2027-03-26,778.1,73,205
PA186,HKG,SIN,2027-03-26,139.82,116,190
PA201,NRT,LAX,2027-03-26,528.17,19,227
PA205,YYZ,LHR,2027-03-26,208.81,204,291
PA208,LAX,HKG,2027-03-26,164.61,10,163
PA209,PVG,HKG,2027-03-26,130.86,12,220
PA211,LAX,HKG,2027-03-26,618.86,11,191
PA213,YYZ,PVG,2027-03-26,761.54,10,169
PA220,PVG,YYZ,2027-03-26,748.03,89,189
PA221,LAX,NRT,2027-03-26,783.34,40,191
PA224,LAX,NRT,2027-03-26,211.44,25,218
PA237,HKG,NRT,2027-03-26,369.64,25,179
PA243,PVG,YYZ,2027-03-26,381.68,172,233
PA246,JFK,LHR,2027-03-26,310.66,56,295
PA247,NRT,YVR,2027-03-26,312.71,114,150
PA271,YVR,YYZ,2027-03-26,290.2,41,210
PA282,NRT,LAX,2027-03-26,441.76,20,206
PA291,YVR,HKG,2027-03-26,632.86,151,236
PA293,PVG,YYZ,2027-03-26,684.44,91,214
PA299,HKG,YYZ,2027-03-26,494.78,46,179
PA104,LAX,YYZ,2027-03-27,453.75,60,209
PA106,NRT,LAX,2027-03-27,254.31,97,257
PA110,LHR,YYZ,2027-03-27,164.92,55,176
PA139,YYZ,PVG,2027-03-27,625.61,109,287
PA163,LAX,NRT,2027-03-27,568.28,66,221
PA172,PVG,HKG,2027-03-27,294.98,90,196
PA174,NRT,YVR,2027-03-27,135.41,28,175
PA187,HKG,NRT,2027-03-27,695.94,74,170
PA210,LHR,YYZ,2027-03-27,545.98,51,183
PA211,LAX,HKG,2027-03-27,618.86,60,191
PA216,PVG,HKG,2027-03-27,129.28,50,182
PA219,LHR,JFK,2027-03-27,718.89,66,293
PA221,LAX,NRT,2027-03-27,783.34,93,191
PA223,LHR,YYZ,2027-03-27,661.56,77,255
PA256,YYZ,YVR,2027-03-27,390.11,186,266
PA265,PVG,NRT,2027-03-27,398.72,55,279
PA271,YVR,YYZ,2027-03-27,290.2,98,210
PA274,JFK,YYZ,2027-03-27,144.96,142,204
PA292,CDG,LHR,2027-03-27,626.41,110,221
PA117,YVR,YYZ,2027-03-28,698.72,27,170
PA128,HKG,PVG,2027-03-28,719.28,164,251
PA130,LAX,NRT,2027-03-28,477.28,172,293
PA134,YYZ,LAX,2027-03-28,206.99,107,178
PA140,LHR,YYZ,2027-03-28,305.45,15,178
PA155,NRT,LAX,2027-03-28,599.06,129,201
PA165,NRT,HKG,2027-03-28,430.87,124,297
PA177,HKG,YYZ,2027-03-28,705.26,99,204
PA185,HKG,YYZ,2027-03-28,743.57,39,278
PA193,LAX,HKG,2027-03-28,568.81,39,202
PA196,YYZ,YVR,2027-03-28,420.8,69,152
PA202,HKG,SIN,2027-03-28,567.5,33,152
PA218,LAX,YYZ,2027-03-28,566.85,24,213
PA222,JFK,LHR,2027-03-28,117.35,97,255
PA238,NRT,HKG,2027-03-28,278.31,17,198
PA240,NRT,LAX,2027-03-28,354.96,150,200
PA248,LAX,YYZ,2027-03-28,650.03,139,260
PA261,HKG,SIN,2027-03-28,135.15,148,268
PA263,PVG,SIN,2027-03-28,791.52,124,285
PA267,HKG,YYZ,2027-03-28,281.43,205,265
PA273,JFK,YYZ,2027-03-28,368.12,28,209
PA278,NRT,SIN,2027-03-28,699.71,15,155
PA286,YYZ,HKG,2027-03-28,118.88,182,286
PA295,YYZ,LAX,2027-03-28,256.96,23,239
PA296,YYZ,YVR,2027-03-28,627.96,80,160
PA298,SIN,NRT,2027-03-28,266.98,101,189
PA299,HKG,YYZ,2027-03-28,494.78,93,179
PA113,PVG,SIN,2027-03-29,187.38,129,287
PA117,YVR,YYZ,2027-03-29,698.72,103,170
PA127,NRT,HKG,2027-03-29,248.84,38,230
PA131,NRT,SIN,2027-03-29,728.48,39,259
PA136,CDG,LHR,2027-03-29,517.12,140,247
PA140,LHR,YYZ,2027-03-29,305.45,60,178
PA146,NRT,LAX,2027-03-29,742.95,125,285
PA162,YYZ,LAX,2027-03-29,149.6,176,234
PA193,LAX,HKG,2027-03-29,568.81,52,202
PA197,NRT,HKG,2027-03-29,151.28,63,175
PA198,LAX,YYZ,2027-03-29,285.64,22,279
PA205,YYZ,LHR,2027-03-29,208.81,220,291
PA211,LAX,HKG,2027-03-29,618.86,42,191
PA213,YYZ,PVG,2027-03-29,761.54,79,169
PA214,JFK,YYZ,2027-03-29,125.22,184,289
PA229,JFK,CDG,2027-03-29,329.78,18,252
PA238,NRT,HKG,2027-03-29,278.31,77,198
PA243,PVG,YYZ,2027-03-29,381.68,166,233
PA245,PVG,YYZ,2027-03-29,574.12,99,247
PA266,NRT,YVR,2027-03-29,728.05,37,264
PA293,PVG,YYZ,2027-03-29,684.44,153,214
PA115,SIN,PVG,2027-03-30,504.15,19,242
PA116,YYZ,YVR,2027-03-30,562.88,58,161
PA117,YVR,YYZ,2027-03-30,698.72,29,170
PA123,LAX,SIN,2027-03-30,253.73,195,292
PA129,PVG,SIN,2027-03-30,285.42,70,186
PA130,LAX,NRT,2027-03-30,477.28,42,293
PA131,NRT,SIN,2027-03-30,728.48,18,259
PA138,NRT,YVR,2027-03-30,576.2,86,152
PA185,HKG,YYZ,2027-03-30,743.57,63,278
PA188,YYZ,YVR,2027-03-30,572.65,12,167
PA189,LAX,NRT,2027-03-30,183.92,42,253
PA190,NRT,HKG,2027-03-30,505.24,38,213
PA193,LAX,HKG,2027-03-30,568.81,148,202
PA198,LAX,YYZ,2027-03-30,285.64,156,279
PA207,LAX,YYZ,2027-03-30,453.79,17,217
PA245,PVG,YYZ,2027-03-30,574.12,128,247
PA251,JFK,LAX,2027-03-30,298.65,26,171
PA260,YYZ,LHR,2027-03-30,253.19,166,258
PA286,YYZ,HKG,2027-03-30,118.88,97,286
PA100,SIN,PVG,2027-03-31,117.51,69,178
PA116,YYZ,YVR,2027-03-31,562.88,45,161
PA121,YYZ,YVR,2027-03-31,473.9,67,193
PA123,LAX,SIN,2027-03-31,253.73,34,292
PA125,YYZ,LAX,2027-03-31,380.82,122,230
PA128,HKG,PVG,2027-03-31,719.28,194,251
PA129,PVG,SIN,2027-03-31,285.42,37,186
PA132,CDG,JFK,2027-03-31,253.52,57,242
PA139,YYZ,PVG,2027-03-31,625.61,82,287
PA150,NRT,HKG,2027-03-31,159.96,69,170
PA156,CDG,JFK,2027-03-31,406.67,155,245
PA184,YVR,HKG,2027-03-31,135.1,130,164
PA185,HKG,YYZ,2027-03-31,743.57,50,278
PA187,HKG,NRT,2027-03-31,695.94,30,170
PA190,NRT,HKG,2027-03-31,505.24,135,213
PA194,YVR,HKG,2027-03-31,285.93,15,211
PA199,LHR,JFK,2027-03-31,715.49,16,167
PA204,YYZ,LHR,2027-03-31,285.13,58,184
PA210,LHR,YYZ,2027-03-31,545.98,133,183
PA211,LAX,HKG,2027-03-31,618.86,22,191
PA219,LHR,JFK,2027-03-31,718.89,140,293
PA221,LAX,NRT,2027-03-31,783.34,117,191
PA241,YYZ,YVR,2027-03-31,536.21,40,234
PA246,JFK,LHR,2027-03-31,310.66,232,295
PA247,NRT,YVR,2027-03-31,312.71,20,150
PA268,LAX,NRT,2027-03-31,636.07,120,220
PA274,JFK,YYZ,2027-03-31,144.96,153,204
PA277,PVG,YYZ,2027-03-31,733.39,166,249
PA282,NRT,LAX,2027-03-31,441.76,163,206
PA108,YYZ,JFK,2027-04-01,588.7,149,190
PA127,NRT,HKG,2027-04-01,248.84,111,230
PA159,NRT,SIN,2027-04-01,261.08,144,291
PA163,LAX,NRT,2027-04-01,568.28,111,221
PA165,NRT,HKG,2027-04-01,430.87,94,297
PA172,PVG,HKG,2027-04-01,294.98,146,196
PA177,HKG,YYZ,2027-04-01,705.26,14,204
PA180,PVG,SIN,2027-04-01,396.11,144,223
PA184,YVR,HKG,2027-04-01,135.1,115,164
PA186,HKG,SIN,2027-04-01,139.82,85,190
PA187,HKG,NRT,2027-04-01,695.94,129,170
PA200,LHR,CDG,2027-04-01,210.42,15,222
PA217,LHR,CDG,2027-04-01,729.25,109,160
PA235,PVG,HKG,2027-04-01,609.98,26,238
PA244,YVR,YYZ,2027-04-01,189.1,212,291
PA254,JFK,CDG,2027-04-01,117.1,127,187
PA257,SIN,PVG,2027-04-01,236.1,188,297
PA262,LAX,NRT,2027-04-01,419.52,138,181
PA287,CDG,JFK,2027-04-01,564.1,92,294
PA288,YYZ,YVR,2027-04-01,194.99,33,259
PA292,CDG,LHR,2027-04-01,626.41,55,221
PA299,HKG,YYZ,2027-04-01,494.78,131,179
PA104,LAX,YYZ,2027-04-02,453.75,29,209
PA108,YYZ,JFK,2027-04-02,588.7,134,190
PA109,LHR,YYZ,2027-04-02,208.84,97,221
PA118,YYZ,LHR,2027-04-02,294.58,26,247
PA135,JFK,LAX,2027-04-02,517.49,90,258
PA138,NRT,YVR,2027-04-02,576.2,111,152
PA140,LHR,YYZ,2027-04-02,305.45,76,178
PA151,HKG,PVG,2027-04-02,784.59,45,167
PA152,NRT,LAX,2027-04-02,189.87,78,182
PA164,LAX,YYZ,2027-04-02,192.62,54,288
PA184,YVR,HKG,2027-04-02,135.1,21,164
PA196,YYZ,YVR,2027-04-02,420.8,39,152
PA208,LAX,HKG,2027-04-02,164.61,50,163
PA223,LHR,YYZ,2027-04-02,661.56,196,255
PA227,PVG,SIN,2027-04-02,313.63,39,239
PA234,LAX,HKG,2027-04-02,175.88,76,159
PA237,HKG,NRT,2027-04-02,369.64,98,179
PA240,NRT,LAX,2027-04-02,354.96,149,200
PA243,PVG,YYZ,2027-04-02,381.68,167,233
PA246,JFK,LHR,2027-04-02,310.66,109,295
PA261,HKG,SIN,2027-04-02,135.15,40,268
PA265,PVG,NRT,2027-04-02,398.72,211,279
PA266,NRT,YVR,2027-04-02,728.05,21,264
PA271,YVR,YYZ,2027-04-02,290.2,88,210
PA279,NRT,HKG,2027-04-02,433.89,113,247
PA282,NRT,LAX,2027-04-02,441.76,91,206
PA292,CDG,LHR,2027-04-02,626.41,30,221
PA293,PVG,YYZ,2027-04-02,684.44,121,214
PA103,PVG,HKG,2027-04-03,120.86,16,158
PA115,SIN,PVG,2027-04-03,504.15,92,242
PA119,SIN,PVG,2027-04-03,213.86,149,243
PA142,LAX,HKG,2027-04-03,633.37,33,278
PA152,NRT,LAX,2027-04-03,189.87,92,182
PA154,HKG,SIN,2027-04-03,775.05,122,258
PA165,NRT,HKG,2027-04-03,430.87,23,297
PA166,HKG,YYZ,2027-04-03,233.29,106,254
PA171,JFK,CDG,2027-04-03,414.03,30,287
PA174,NRT,YVR,2027-04-03,135.41,35,175
PA177,HKG,YYZ,2027-04-03,705.26,92,204
PA181,NRT,YVR,2027-04-03,208.36,197,274
PA184,YVR,HKG,2027-04-03,135.1,95,164
PA188,YYZ,YVR,2027-04-03,572.65,86,167
PA189,LAX,NRT,2027-04-03,183.92,41,253
PA230,YYZ,YVR,2027-04-03,345.8,168,221
PA232,NRT,LAX,2027-04-03,757.47,119,234
PA248,LAX,YYZ,2027-04-03,650.03,124,260
PA249,SIN,HKG,2027-04-03,425.49,178,232
PA257,SIN,PVG,2027-04-03,236.1,84,297
PA270,LAX,SIN,2027-04-03,154.24,22,262
PA271,YVR,YYZ,2027-04-03,290.2,127,210
PA295,YYZ,LAX,2027-04-03,256.96,65,239
PA102,YYZ,LHR,2027-04-04,160.86,74,289
PA104,LAX,YYZ,2027-04-04,453.75,80,209
PA108,YYZ,JFK,2027-04-04,588.7,62,190
PA111,YYZ,LHR,2027-04-04,693.25,152,241
PA112,SIN,HKG,2027-04-04,664.99,123,217
PA116,YYZ,YVR,2027-04-04,562.88,54,161
PA125,YYZ,LAX,2027-04-04,380.82,164,230
PA141,JFK,LAX,2027-04-04,102.27,193,266
PA152,NRT,LAX,2027-04-04,189.87,124,182
PA153,HKG,YYZ,2027-04-04,215.59,55,290
PA160,LAX,JFK,2027-04-04,149.7,110,151
PA164,LAX,YYZ,2027-04-04,192.62,58,288
PA170,LHR,YYZ,2027-04-04,274.06,106,177
PA178,YYZ,LAX,2027-04-04,365.28,27,192
PA193,LAX,HKG,2027-04-04,568.81,104,202
PA194,YVR,HKG,2027-04-04,285.93,115,211
PA200,LHR,CDG,2027-04-04,210.42,117,222
PA204,YYZ,LHR,2027-04-04,285.13,132,184
PA212,NRT,YVR,2027-04-04,492.63,61,259
PA213,YYZ,PVG,2027-04-04,761.54,40,169
PA229,JFK,CDG,2027-04-04,329.78,124,252
PA230,YYZ,YVR,2027-04-04,345.8,174,221
PA232,NRT,LAX,2027-04-04,757.47,78,234
PA236,YVR,HKG,2027-04-04,524.35,103,261
PA250,PVG,NRT,2027-04-04,457.82,56,204
PA254,JFK,CDG,2027-04-04,117.1,58,187
PA267,HKG,YYZ,2027-04-04,281.43,131,265
PA279,NRT,HKG,2027-04-04,433.89,30,247
PA280,LHR,JFK,2027-04-04,627.43,168,226
PA289,PVG,SIN,2027-04-04,135.2,48,196
PA291,YVR,HKG,2027-04-04,632.86,89,236
PA299,HKG,YYZ,2027-04-04,494.78,74,179
PA100,SIN,PVG,2027-04-05,117.51,111,178
PA103,PVG,HKG,2027-04-05,120.86,36,158
PA120,LHR,JFK,2027-04-05,569.12,16,203
PA136,CDG,LHR,2027-04-05,517.12,173,247
PA144,YVR,NRT,2027-04-05,526.28,185,279
PA151,HKG,PVG,2027-04-05,784.59,76,167
PA156,CDG,JFK,2027-04-05,406.67,125,245
PA160,LAX,JFK,2027-04-05,149.7,74,151
PA168,PVG,YYZ,2027-04-05,704.69,159,269
PA169,YYZ,LAX,2027-04-05,142.43,47,175
PA176,LAX,NRT,2027-04-05,384.49,92,192
PA203,NRT,YVR,2027-04-05,752.23,94,226
PA216,PVG,HKG,2027-04-05,129.28,18,182
PA236,YVR,HKG,2027-04-05,524.35,187,261
PA248,LAX,YYZ,2027-04-05,650.03,140,260
PA258,CDG,LHR,2027-04-05,379.76,60,276
PA268,LAX,NRT,2027-04-05,636.07,58,220
PA272,YVR,HKG,2027-04-05,156.4,39,288
PA284,CDG,LHR,2027-04-05,568.21,54,236
PA101,LAX,SIN,2027-04-06,256.25,90,212
PA110,LHR,YYZ,2027-04-06,164.92,58,176
PA112,SIN,HKG,2027-04-06,664.99,138,217
PA131,NRT,SIN,2027-04-06,728.48,69,259
PA147,SIN,HKG,2027-04-06,442.02,70,232
PA167,YYZ,LHR,2027-04-06,348.01,59,260
PA196,YYZ,YVR,2027-04-06,420.8,55,152
PA208,LAX,HKG,2027-04-06,164.61,88,163
PA217,LHR,CDG,2027-04-06,729.25,122,160
PA218,LAX,YYZ,2027-04-06,566.85,37,213
PA221,LAX,NRT,2027-04-06,783.34,80,191
PA227,PVG,SIN,2027-04-06,313.63,110,239
PA238,NRT,HKG,2027-04-06,278.31,80,198
PA256,YYZ,YVR,2027-04-06,390.11,22,266
PA272,YVR,HKG,2027-04-06,156.4,91,288
PA282,NRT,LAX,2027-04-06,441.76,141,206
PA287,CDG,JFK,2027-04-06,564.1,188,294
PA295,YYZ,LAX,2027-04-06,256.96,77,239
PA103,PVG,HKG,2027-04-07,120.86,35,158
PA104,LAX,YYZ,2027-04-07,453.75,115,209
PA117,YVR,YYZ,2027-04-07,698.72,52,170
PA122,LAX,NRT,2027-04-07,423.58,128,191
PA156,CDG,JFK,2027-04-07,406.67,184,245
PA196,YYZ,YVR,2027-04-07,420.8,42,152
PA206,YVR,YYZ,2027-04-07,602.33,41,203
PA212,NRT,YVR,2027-04-07,492.63,56,259
PA226,HKG,YYZ,2027-04-07,239.7,62,206
PA228,LAX,JFK,2027-04-07,116.57,143,207
PA231,HKG,NRT,2027-04-07,575.66,123,252
PA246,JFK,LHR,2027-04-07,310.66,133,295
PA254,JFK,CDG,2027-04-07,117.1,104,187
PA257,SIN,PVG,2027-04-07,236.1,159,297
PA269,HKG,SIN,2027-04-07,538.72,27,274
PA275,PVG,YYZ,2027-04-07,479.83,92,234
PA277,PVG,YYZ,2027-04-07,733.39,81,249
PA280,LHR,JFK,2027-04-07,627.43,162,226
PA283,LAX,SIN,2027-04-07,439.95,48,261
PA285,CDG,JFK,2027-04-07,688.35,36,192
PA293,PVG,YYZ,2027-04-07,684.44,170,214
PA296,YYZ,YVR,2027-04-07,627.96,108,160
PA100,SIN,PVG,2027-04-08,117.51,33,178
PA103,PVG,HKG,2027-04-08,120.86,30,158
PA106,NRT,LAX,2027-04-08,254.31,166,257
PA107,NRT,SIN,2027-04-08,666.6,159,221
PA110,LHR,YYZ,2027-04-08,164.92,104,176
PA119,SIN,PVG,2027-04-08,213.86,71,243
PA132,CDG,JFK,2027-04-08,253.52,91,242
PA155,NRT,LAX,2027-04-08,599.06,146,201
PA162,YYZ,LAX,2027-04-08,149.6,53,234
PA163,LAX,NRT,2027-04-08,568.28,80,221
PA168,PVG,YYZ,2027-04-08,704.69,41,269
PA177,HKG,YYZ,2027-04-08,705.26,141,204
PA182,YVR,YYZ,2027-04-08,778.1,62,205
PA185,HKG,YYZ,2027-04-08,743.57,60,278
PA186,HKG,SIN,2027-04-08,139.82,55,190
PA197,NRT,HKG,2027-04-08,151.28,116,175
PA205,YYZ,LHR,2027-04-08,208.81,159,291
PA214,JFK,YYZ,2027-04-08,125.22,128,289
PA217,LHR,CDG,2027-04-08,729.25,60,160
PA220,PVG,YYZ,2027-04-08,748.03,137,189
PA222,JFK,LHR,2027-04-08,117.35,108,255
PA239,PVG,HKG,2027-04-08,463.94,92,150
PA243,PVG,YYZ,2027-04-08,381.68,25,233
PA257,SIN,PVG,2027-04-08,236.1,140,297
PA261,HKG,SIN,2027-04-08,135.15,48,268
PA263,PVG,SIN,2027-04-08,791.52,77,285
PA264,SIN,HKG,2027-04-08,765.03,148,231
PA288,YYZ,YVR,2027-04-08,194.99,57,259
PA296,YYZ,YVR,2027-04-08,627.96,75,160
PA106,NRT,LAX,2027-04-09,254.31,136,257
PA116,YYZ,YVR,2027-04-09,562.88,87,161
PA123,LAX,SIN,2027-04-09,253.73,55,292
PA130,LAX,NRT,2027-04-09,477.28,167,293
PA137,PVG,SIN,2027-04-09,275.99,132,285
PA147,SIN,HKG,2027-04-09,442.02,26,232
PA158,LAX,JFK,2027-04-09,336.66,19,166
PA160,LAX,JFK,2027-04-09,149.7,70,151
PA161,SIN,PVG,2027-04-09,260.26,72,165
PA162,YYZ,LAX,2027-04-09,149.6,61,234
PA172,PVG,HKG,2027-04-09,294.98,42,196
PA175,NRT,LAX,2027-04-09,778.3,67,153
PA178,YYZ,LAX,2027-04-09,365.28,62,192
PA183,NRT,SIN,2027-04-09,142.67,141,288
PA184,YVR,HKG,2027-04-09,135.1,99,164
PA202,HKG,SIN,2027-04-09,567.5,43,152
PA208,LAX,HKG,2027-04-09,164.61,124,163
PA226,HKG,YYZ,2027-04-09,239.7,73,206
PA232,NRT,LAX,2027-04-09,757.47,44,234
PA257,SIN,PVG,2027-04-09,236.1,122,297
PA268,LAX,NRT,2027-04-09,636.07,115,220
PA270,LAX,SIN,2027-04-09,154.24,82,262
PA279,NRT,HKG,2027-04-09,433.89,130,247
PA282,NRT,LAX,2027-04-09,441.76,78,206
PA288,YYZ,YVR,2027-04-09,194.99,194,259
PA289,PVG,SIN,2027-04-09,135.2,37,196
PA102,YYZ,LHR,2027-04-10,160.86,98,289
PA107,NRT,SIN,2027-04-10,666.6,14,221
PA115,SIN,PVG,2027-04-10,504.15,170,242
PA118,YYZ,LHR,2027-04-10,294.58,21,247
PA120,LHR,JFK,2027-04-10,569.12,128,203
PA121,YYZ,YVR,2027-04-10,473.9,55,193
PA131,NRT,SIN,2027-04-10,728.48,25,259
PA133,YYZ,HKG,2027-04-10,445.46,122,280
PA136,CDG,LHR,2027-04-10,517.12,97,247
PA139,YYZ,PVG,2027-04-10,625.61,49,287
PA141,JFK,LAX,2027-04-10,102.27,147,266
PA143,HKG,NRT,2027-04-10,709.36,13,177
PA145,JFK,YYZ,2027-04-10,633.76,184,245
PA163,LAX,NRT,2027-04-10,568.28,26,221
PA180,PVG,SIN,2027-04-10,396.11,164,223
PA187,HKG,NRT,2027-04-10,695.94,102,170
PA190,NRT,HKG,2027-04-10,505.24,49,213
PA200,LHR,CDG,2027-04-10,210.42,45,222
PA201,NRT,LAX,2027-04-10,528.17,116,227
PA216,PVG,HKG,2027-04-10,129.28,137,182
PA221,LAX,NRT,2027-04-10,783.34,15,191
PA227,PVG,SIN,2027-04-10,313.63,147,239
PA228,LAX,JFK,2027-04-10,116.57,129,207
PA229,JFK,CDG,2027-04-10,329.78,119,252
PA232,NRT,LAX,2027-04-10,757.47,97,234
PA236,YVR,HKG,2027-04-10,524.35,72,261
PA238,NRT,HKG,2027-04-10,278.31,157,198
PA239,PVG,HKG,2027-04-10,463.94,57,150
PA240,NRT,LAX,2027-04-10,354.96,132,200
PA242,YYZ,PVG,2027-04-10,454.99,94,226
PA255,LAX,NRT,2027-04-10,527.89,132,271
PA266,NRT,YVR,2027-04-10,728.05,118,264
PA268,LAX,NRT,2027-04-10,636.07,141,220
PA282,NRT,LAX,2027-04-10,441.76,84,206
PA284,CDG,LHR,2027-04-10,568.21,18,236
PA285,CDG,JFK,2027-04-10,688.35,37,192
PA287,CDG,JFK,2027-04-10,564.1,114,294
PA288,YYZ,YVR,2027-04-10,194.99,192,259
PA298,SIN,NRT,2027-04-10,266.98,150,189
PA101,LAX,SIN,2027-04-11,256.25,74,212
PA109,LHR,YYZ,2027-04-11,208.84,32,221
PA131,NRT,SIN,2027-04-11,728.48,49,259
PA133,YYZ,HKG,2027-04-11,445.46,86,280
PA135,JFK,LAX,2027-04-11,517.49,49,258
PA137,PVG,SIN,2027-04-11,275.99,25,285
PA138,NRT,YVR,2027-04-11,576.2,98,152
PA139,YYZ,PVG,2027-04-11,625.61,46,287
PA144,YVR,NRT,2027-04-11,526.28,40,279
PA160,LAX,JFK,2027-04-11,149.7,16,151
PA165,NRT,HKG,2027-04-11,430.87,97,297
PA171,JFK,CDG,2027-04-11,414.03,105,287
PA174,NRT,YVR,2027-04-11,135.41,119,175
PA175,NRT,LAX,2027-04-11,778.3,34,153
PA180,PVG,SIN,2027-04-11,396.11,86,223
PA184,YVR,HKG,2027-04-11,135.1,106,164
PA188,YYZ,YVR,2027-04-11,572.65,118,167
PA196,YYZ,YVR,2027-04-11,420.8,112,152
PA198,LAX,YYZ,2027-04-11,285.64,173,279
PA206,YVR,YYZ,2027-04-11,602.33,94,203
PA212,NRT,YVR,2027-04-11,492.63,42,259
PA217,LHR,CDG,2027-04-11,729.25,54,160
PA234,LAX,HKG,2027-04-11,175.88,37,159
PA244,YVR,YYZ,2027-04-11,189.1,100,291
PA246,JFK,LHR,2027-04-11,310.66,44,295
PA247,NRT,YVR,2027-04-11,312.71,38,150
PA250,PVG,NRT,2027-04-11,457.82,30,204
PA251,JFK,LAX,2027-04-11,298.65,125,171
PA254,JFK,CDG,2027-04-11,117.1,126,187
PA260,YYZ,LHR,2027-04-11,253.19,23,258
PA268,LAX,NRT,2027-04-11,636.07,36,220
PA278,NRT,SIN,2027-04-11,699.71,85,155
PA281,PVG,YYZ,2027-04-11,623.26,21,287
PA286,YYZ,HKG,2027-04-11,118.88,211,286
PA297,LAX,NRT,2027-04-11,687.46,154,201
PA109,LHR,YYZ,2027-04-12,208.84,153,221
PA112,SIN,HKG,2027-04-12,664.99,49,217
PA114,CDG,LHR,2027-04-12,486.43,113,170
PA125,YYZ,LAX,2027-04-12,380.82,15,230
PA131,NRT,SIN,2027-04-12,728.48,80,259
PA133,YYZ,HKG,2027-04-12,445.46,97,280
PA136,CDG,LHR,2027-04-12,517.12,92,247
PA139,YYZ,PVG,2027-04-12,625.61,159,287
PA140,LHR,YYZ,2027-04-12,305.45,69,178
PA149,YVR,NRT,2027-04-12,140.55,68,211
PA150,NRT,HKG,2027-04-12,159.96,57,170
PA156,CDG,JFK,2027-04-12,406.67,21,245
PA157,HKG,SIN,2027-04-12,184.7,45,265
PA160,LAX,JFK,2027-04-12,149.7,30,151
PA162,YYZ,LAX,2027-04-12,149.6,52,234
PA181,NRT,YVR,2027-04-12,208.36,102,274
PA185,HKG,YYZ,2027-04-12,743.57,149,278
PA186,HKG,SIN,2027-04-12,139.82,84,190
PA188,YYZ,YVR,2027-04-12,572.65,57,167
PA195,YYZ,HKG,2027-04-12,420.06,34,226
PA197,NRT,HKG,2027-04-12,151.28,67,175
PA199,LHR,JFK,2027-04-12,715.49,46,167
PA203,NRT,YVR,2027-04-12,752.23,85,226
PA208,LAX,HKG,2027-04-12,164.61,61,163
PA213,YYZ,PVG,2027-04-12,761.54,64,169
PA220,PVG,YYZ,2027-04-12,748.03,108,189
PA224,LAX,NRT,2027-04-12,211.44,130,218
PA233,YYZ,PVG,2027-04-12,225.0,14,216
PA239,PVG,HKG,2027-04-12,463.94,69,150
PA244,YVR,YYZ,2027-04-12,189.1,230,291
PA247,NRT,YVR,2027-04-12,312.71,52,150
PA265,PVG,NRT,2027-04-12,398.72,68,279
PA274,JFK,YYZ,2027-04-12,144.96,83,204
PA276,PVG,YYZ,2027-04-12,244.78,91,165
PA282,NRT,LAX,2027-04-12,441.76,85,206
PA291,YVR,HKG,2027-04-12,632.86,49,236
PA292,CDG,LHR,2027-04-12,626.41,86,221
PA297,LAX,NRT,2027-04-12,687.46,47,201
PA106,NRT,LAX,2027-04-13,254.31,198,257
PA113,PVG,SIN,2027-04-13,187.38,142,287
PA135,JFK,LAX,2027-04-13,517.49,80,258
PA139,YYZ,PVG,2027-04-13,625.61,76,287
PA147,SIN,HKG,2027-04-13,442.02,183,232
PA152,NRT,LAX,2027-04-13,189.87,65,182
PA154,HKG,SIN,2027-04-13,775.05,146,258
PA190,NRT,HKG,2027-04-13,505.24,103,213
PA197,NRT,HKG,2027-04-13,151.28,60,175
PA211,LAX,HKG,2027-04-13,618.86,149,191
PA216,PVG,HKG,2027-04-13,129.28,43,182
PA238,NRT,HKG,2027-04-13,278.31,74,198
PA250,PVG,NRT,2027-04-13,457.82,96,204
PA253,LAX,NRT,2027-04-13,257.25,172,229
PA255,LAX,NRT,2027-04-13,527.89,70,271
PA272,YVR,HKG,2027-04-13,156.4,83,288
PA274,JFK,YYZ,2027-04-13,144.96,10,204
PA275,PVG,YYZ,2027-04-13,479.83,157,234
PA284,CDG,LHR,2027-04-13,568.21,93,236
PA292,CDG,LHR,2027-04-13,626.41,173,221
PA101,LAX,SIN,2027-04-14,256.25,169,212
PA106,NRT,LAX,2027-04-14,254.31,178,257
PA109,LHR,YYZ,2027-04-14,208.84,116,221
PA110,LHR,YYZ,2027-04-14,164.92,30,176
PA112,SIN,HKG,2027-04-14,664.99,111,217
PA115,SIN,PVG,2027-04-14,504.15,123,242
PA124,YVR,HKG,2027-04-14,260.33,63,164
PA125,YYZ,LAX,2027-04-14,380.82,96,230
PA128,HKG,PVG,2027-04-14,719.28,125,251
PA137,PVG,SIN,2027-04-14,275.99,52,285
PA145,JFK,YYZ,2027-04-14,633.76,85,245
PA147,SIN,HKG,2027-04-14,442.02,150,232
PA148,YYZ,PVG,2027-04-14,715.11,126,242
PA151,HKG,PVG,2027-04-14,784.59,129,167
PA152,NRT,LAX,2027-04-14,189.87,144,182
PA156,CDG,JFK,2027-04-14,406.67,39,245
PA162,YYZ,LAX,2027-04-14,149.6,184,234
PA164,LAX,YYZ,2027-04-14,192.62,51,288
PA172,PVG,HKG,2027-04-14,294.98,83,196
PA177,HKG,YYZ,2027-04-14,705.26,21,204
PA181,NRT,YVR,2027-04-14,208.36,166,274
PA182,YVR,YYZ,2027-04-14,778.1,23,205
PA196,YYZ,YVR,2027-04-14,420.8,47,152
PA200,LHR,CDG,2027-04-14,210.42,144,222
PA205,YYZ,LHR,2027-04-14,208.81,151,291
PA206,YVR,YYZ,2027-04-14,602.33,71,203
PA211,LAX,HKG,2027-04-14,618.86,112,191
PA214,JFK,YYZ,2027-04-14,125.22,84,289
PA218,LAX,YYZ,2027-04-14,566.85,116,213
PA238,NRT,HKG,2027-04-14,278.31,53,198
PA239,PVG,HKG,2027-04-14,463.94,113,150
PA254,JFK,CDG,2027-04-14,117.1,137,187
PA255,LAX,NRT,2027-04-14,527.89,111,271
PA256,YYZ,YVR,2027-04-14,390.11,89,266
PA258,CDG,LHR,2027-04-14,379.76,158,276
PA261,HKG,SIN,2027-04-14,135.15,204,268
PA264,SIN,HKG,2027-04-14,765.03,30,231
PA270,LAX,SIN,2027-04-14,154.24,201,262
PA271,YVR,YYZ,2027-04-14,290.2,81,210
PA276,PVG,YYZ,2027-04-14,244.78,105,165
PA282,NRT,LAX,2027-04-14,441.76,98,206
PA286,YYZ,HKG,2027-04-14,118.88,117,286
PA297,LAX,NRT,2027-04-14,687.46,111,201
PA103,PVG,HKG,2027-04-15,120.86,105,158
PA112,SIN,HKG,2027-04-15,664.99,60,217
PA114,CDG,LHR,2027-04-15,486.43,94,170
PA123,LAX,SIN,2027-04-15,253.73,109,292
PA124,YVR,HKG,2027-04-15,260.33,39,164
PA125,YYZ,LAX,2027-04-15,380.82,84,230
PA128,HKG,PVG,2027-04-15,719.28,132,251
PA130,LAX,NRT,2027-04-15,477.28,135,293
PA137,PVG,SIN,2027-04-15,275.99,187,285
PA138,NRT,YVR,2027-04-15,576.2,25,152
PA144,YVR,NRT,2027-04-15,526.28,65,279
PA146,NRT,LAX,2027-04-15,742.95,125,285
PA149,YVR,NRT,2027-04-15,140.55,16,211
PA158,LAX,JFK,2027-04-15,336.66,122,166
PA167,YYZ,LHR,2027-04-15,348.01,80,260
PA171,JFK,CDG,2027-04-15,414.03,200,287
PA183,NRT,SIN,2027-04-15,142.67,65,288
PA186,HKG,SIN,2027-04-15,139.82,59,190
PA193,LAX,HKG,2027-04-15,568.81,22,202
PA197,NRT,HKG,2027-04-15,151.28,82,175
PA205,YYZ,LHR,2027-04-15,208.81,181,291
PA215,LHR,CDG,2027-04-15,486.77,160,299
PA216,PVG,HKG,2027-04-15,129.28,62,182
PA221,LAX,NRT,2027-04-15,783.34,21,191
PA223,LHR,YYZ,2027-04-15,661.56,191,255
PA226,HKG,YYZ,2027-04-15,239.7,81,206
PA230,YYZ,YVR,2027-04-15,345.8,84,221
PA249,SIN,HKG,2027-04-15,425.49,170,232
PA255,LAX,NRT,2027-04-15,527.89,130,271
PA256,YYZ,YVR,2027-04-15,390.11,114,266
PA271,YVR,YYZ,2027-04-15,290.2,121,210
PA275,PVG,YYZ,2027-04-15,479.83,67,234
PA279,NRT,HKG,2027-04-15,433.89,64,247
PA282,NRT,LAX,2027-04-15,441.76,55,206
PA287,CDG,JFK,2027-04-15,564.1,231,294
PA107,NRT,SIN,2027-04-16,666.6,169,221
PA108,YYZ,JFK,2027-04-16,588.7,62,190
PA112,SIN,HKG,2027-04-16,664.99,115,217
PA118,YYZ,LHR,2027-04-16,294.58,32,247
PA121,YYZ,YVR,2027-04-16,473.9,60,193
PA125,YYZ,LAX,2027-04-16,380.82,133,230
PA129,PVG,SIN,2027-04-16,285.42,113,186
PA131,NRT,SIN,2027-04-16,728.48,26,259
PA135,JFK,LAX,2027-04-16,517.49,65,258
PA144,YVR,NRT,2027-04-16,526.28,87,279
PA145,JFK,YYZ,2027-04-16,633.76,38,245
PA151,HKG,PVG,2027-04-16,784.59,22,167
PA183,NRT,SIN,2027-04-16,142.67,228,288
PA196,YYZ,YVR,2027-04-16,420.8,107,152
PA197,NRT,HKG,2027-04-16,151.28,10,175
PA200,LHR,CDG,2027-04-16,210.42,61,222
PA233,YYZ,PVG,2027-04-16,225.0,98,216
PA236,YVR,HKG,2027-04-16,524.35,172,261
PA243,PVG,YYZ,2027-04-16,381.68,183,233
PA249,SIN,HKG,2027-04-16,425.49,159,232
PA253,LAX,NRT,2027-04-16,257.25,107,229
PA264,SIN,HKG,2027-04-16,765.03,159,231
PA266,NRT,YVR,2027-04-16,728.05,165,264
PA286,YYZ,HKG,2027-04-16,118.88,43,286
PA288,YYZ,YVR,2027-04-16,194.99,51,259
PA292,CDG,LHR,2027-04-16,626.41,75,221
PA298,SIN,NRT,2027-04-16,266.98,126,189
PA107,NRT,SIN,2027-04-17,666.6,44,221
PA111,YYZ,LHR,2027-04-17,693.25,108,241
PA114,CDG,LHR,2027-04-17,486.43,38,170
PA115,SIN,PVG,2027-04-17,504.15,45,242
PA117,YVR,YYZ,2027-04-17,698.72,52,170
PA124,YVR,HKG,2027-04-17,260.33,115,164
PA127,NRT,HKG,2027-04-17,248.84,127,230
PA130,LAX,NRT,2027-04-17,477.28,186,293
PA133,YYZ,HKG,2027-04-17,445.46,43,280
PA134,YYZ,LAX,2027-04-17,206.99,110,178
PA147,SIN,HKG,2027-04-17,442.02,100,232
PA164,LAX,YYZ,2027-04-17,192.62,163,288
PA172,PVG,HKG,2027-04-17,294.98,97,196
PA182,YVR,YYZ,2027-04-17,778.1,48,205
PA187,HKG,NRT,2027-04-17,695.94,88,170
PA191,YYZ,LAX,2027-04-17,393.46,99,170
PA205,YYZ,LHR,2027-04-17,208.81,63,291
PA214,JFK,YYZ,2027-04-17,125.22,128,289
PA217,LHR,CDG,2027-04-17,729.25,89,160
PA226,HKG,YYZ,2027-04-17,239.7,49,206
PA235,PVG,HKG,2027-04-17,609.98,29,238
PA239,PVG,HKG,2027-04-17,463.94,99,150
PA241,YYZ,YVR,2027-04-17,536.21,20,234
PA244,YVR,YYZ,2027-04-17,189.1,58,291
PA245,PVG,YYZ,2027-04-17,574.12,162,247
PA262,LAX,NRT,2027-04-17,419.52,29,181
PA268,LAX,NRT,2027-04-17,636.07,90,220
PA272,YVR,HKG,2027-04-17,156.4,117,288
PA275,PVG,YYZ,2027-04-17,479.83,46,234
PA284,CDG,LHR,2027-04-17,568.21,61,236
PA288,YYZ,YVR,2027-04-17,194.99,83,259
PA293,PVG,YYZ,2027-04-17,684.44,29,214
PA295,YYZ,LAX,2027-04-17,256.96,101,239
PA126,YYZ,YVR,2027-04-18,739.2,58,204
PA129,PVG,SIN,2027-04-18,285.42,118,186
PA137,PVG,SIN,2027-04-18,275.99,133,285
PA164,LAX,YYZ,2027-04-18,192.62,78,288
PA175,NRT,LAX,2027-04-18,778.3,91,153
PA179,CDG,LHR,2027-04-18,748.56,94,217
PA185,HKG,YYZ,2027-04-18,743.57,71,278
PA186,HKG,SIN,2027-04-18,139.82,35,190
PA187,HKG,NRT,2027-04-18,695.94,35,170
PA192,NRT,SIN,2027-04-18,465.95,151,294
PA232,NRT,LAX,2027-04-18,757.47,113,234
PA240,NRT,LAX,2027-04-18,354.96,42,200
PA244,YVR,YYZ,2027-04-18,189.1,230,291
PA245,PVG,YYZ,2027-04-18,574.12,72,247
PA246,JFK,LHR,2027-04-18,310.66,54,295
PA249,SIN,HKG,2027-04-18,425.49,45,232
PA252,SIN,PVG,2027-04-18,165.37,127,235
PA256,YYZ,YVR,2027-04-18,390.11,152,266
PA260,YYZ,LHR,2027-04-18,253.19,174,258
PA262,LAX,NRT,2027-04-18,419.52,12,181
PA266,NRT,YVR,2027-04-18,728.05,78,264
PA267,HKG,YYZ,2027-04-18,281.43,102,265
PA271,YVR,YYZ,2027-04-18,290.2,102,210
PA274,JFK,YYZ,2027-04-18,144.96,155,204
PA278,NRT,SIN,2027-04-18,699.71,20,155
PA289,PVG,SIN,2027-04-18,135.2,137,196
PA290,CDG,LHR,2027-04-18,248.16,15,233
PA292,CDG,LHR,2027-04-18,626.41,147,221
PA299,HKG,YYZ,2027-04-18,494.78,20,179
PA101,LAX,SIN,2027-04-19,256.25,139,212
PA107,NRT,SIN,2027-04-19,666.6,24,221
PA113,PVG,SIN,2027-04-19,187.38,115,287
PA114,CDG,LHR,2027-04-19,486.43,88,170
PA131,NRT,SIN,2027-04-19,728.48,158,259
PA133,YYZ,HKG,2027-04-19,445.46,185,280
PA162,YYZ,LAX,2027-04-19,149.6,49,234
PA169,YYZ,LAX,2027-04-19,142.43,137,175
PA195,YYZ,HKG,2027-04-19,420.06,105,226
PA203,NRT,YVR,2027-04-19,752.23,114,226
PA205,YYZ,LHR,2027-04-19,208.81,56,291
PA210,LHR,YYZ,2027-04-19,545.98,12,183
PA217,LHR,CDG,2027-04-19,729.25,56,160
PA224,LAX,NRT,2027-04-19,211.44,125,218
PA240,NRT,LAX,2027-04-19,354.96,109,200
PA246,JFK,LHR,2027-04-19,310.66,48,295
PA249,SIN,HKG,2027-04-19,425.49,156,232
PA256,YYZ,YVR,2027-04-19,390.11,96,266
PA258,CDG,LHR,2027-04-19,379.76,82,276
PA285,CDG,JFK,2027-04-19,688.35,70,192
PA293,PVG,YYZ,2027-04-19,684.44,108,214
PA298,SIN,NRT,2027-04-19,266.98,126,189
PA111,YYZ,LHR,2027-04-20,693.25,105,241
PA112,SIN,HKG,2027-04-20,664.99,125,217
PA114,CDG,LHR,2027-04-20,486.43,119,170
PA124,YVR,HKG,2027-04-20,260.33,45,164
PA125,YYZ,LAX,2027-04-20,380.82,58,230
PA145,JFK,YYZ,2027-04-20,633.76,70,245
PA146,NRT,LAX,2027-04-20,742.95,218,285
PA153,HKG,YYZ,2027-04-20,215.59,165,290
PA163,LAX,NRT,2027-04-20,568.28,156,221
PA166,HKG,YYZ,2027-04-20,233.29,180,254
PA169,YYZ,LAX,2027-04-20,142.43,89,175
PA171,JFK,CDG,2027-04-20,414.03,151,287
PA180,PVG,SIN,2027-04-20,396.11,61,223
PA206,YVR,YYZ,2027-04-20,602.33,92,203
PA207,LAX,YYZ,2027-04-20,453.79,57,217
PA225,YYZ,LHR,2027-04-20,710.52,60,247
PA227,PVG,SIN,2027-04-20,313.63,21,239
PA231,HKG,NRT,2027-04-20,575.66,165,252
PA233,YYZ,PVG,2027-04-20,225.0,77,216
PA237,HKG,NRT,2027-04-20,369.64,72,179
PA243,PVG,YYZ,2027-04-20,381.68,120,233
PA244,YVR,YYZ,2027-04-20,189.1,66,291
PA245,PVG,YYZ,2027-04-20,574.12,157,247
PA251,JFK,LAX,2027-04-20,298.65,112,171
PA252,SIN,PVG,2027-04-20,165.37,94,235
PA256,YYZ,YVR,2027-04-20,390.11,177,266
PA265,PVG,NRT,2027-04-20,398.72,31,279
PA272,YVR,HKG,2027-04-20,156.4,21,288
PA273,JFK,YYZ,2027-04-20,368.12,90,209
PA279,NRT,HKG,2027-04-20,433.89,25,247
PA283,LAX,SIN,2027-04-20,439.95,54,261
PA292,CDG,LHR,2027-04-20,626.41,63,221
PA295,YYZ,LAX,2027-04-20,256.96,95,239
PA101,LAX,SIN,2027-04-21,256.25,134,212
PA106,NRT,LAX,2027-04-21,254.31,112,257
PA110,LHR,YYZ,2027-04-21,164.92,89,176
PA121,YYZ,YVR,2027-04-21,473.9,11,193
PA130,LAX,NRT,2027-04-21,477.28,54,293
PA134,YYZ,LAX,2027-04-21,206.99,114,178
PA136,CDG,LHR,2027-04-21,517.12,143,247
PA149,YVR,NRT,2027-04-21,140.55,44,211
PA160,LAX,JFK,2027-04-21,149.7,96,151
PA177,HKG,YYZ,2027-04-21,705.26,126,204
PA217,LHR,CDG,2027-04-21,729.25,108,160
PA224,LAX,NRT,2027-04-21,211.44,68,218
PA225,YYZ,LHR,2027-04-21,710.52,89,247
PA227,PVG,SIN,2027-04-21,313.63,51,239
PA238,NRT,HKG,2027-04-21,278.31,19,198
PA246,JFK,LHR,2027-04-21,310.66,227,295
PA264,SIN,HKG,2027-04-21,765.03,64,231
PA265,PVG,NRT,2027-04-21,398.72,166,279
PA268,LAX,NRT,2027-04-21,636.07,131,220
PA269,HKG,SIN,2027-04-21,538.72,99,274
PA271,YVR,YYZ,2027-04-21,290.2,165,210
PA272,YVR,HKG,2027-04-21,156.4,226,288
PA292,CDG,LHR,2027-04-21,626.41,151,221
PA299,HKG,YYZ,2027-04-21,494.78,26,179
PA106,NRT,LAX,2027-04-22,254.31,57,257
PA108,YYZ,JFK,2027-04-22,588.7,95,190
PA116,YYZ,YVR,2027-04-22,562.88,47,161
PA117,YVR,YYZ,2027-04-22,698.72,46,170
PA118,YYZ,LHR,2027-04-22,294.58,38,247
PA126,YYZ,YVR,2027-04-22,739.2,91,204
PA127,NRT,HKG,2027-04-22,248.84,75,230
PA138,NRT,YVR,2027-04-22,576.2,96,152
PA145,JFK,YYZ,2027-04-22,633.76,18,245
PA168,PVG,YYZ,2027-04-22,704.69,118,269
PA178,YYZ,LAX,2027-04-22,365.28,86,192
PA192,NRT,SIN,2027-04-22,465.95,152,294
PA193,LAX,HKG,2027-04-22,568.81,51,202
PA196,YYZ,YVR,2027-04-22,420.8,14,152
PA198,LAX,YYZ,2027-04-22,285.64,75,279
PA214,JFK,YYZ,2027-04-22,125.22,231,289
PA215,LHR,CDG,2027-04-22,486.77,119,299
PA220,PVG,YYZ,2027-04-22,748.03,138,189
PA245,PVG,YYZ,2027-04-22,574.12,18,247
PA259,JFK,YYZ,2027-04-22,724.86,55,151
PA273,JFK,YYZ,2027-04-22,368.12,125,209
PA274,JFK,YYZ,2027-04-22,144.96,48,204
PA277,PVG,YYZ,2027-04-22,733.39,71,249
PA280,LHR,JFK,2027-04-22,627.43,56,226
PA282,NRT,LAX,2027-04-22,441.76,21,206
PA297,LAX,NRT,2027-04-22,687.46,82,201
PA298,SIN,NRT,2027-04-22,266.98,43,189
PA100,SIN,PVG,2027-04-23,117.51,56,178
PA104,LAX,YYZ,2027-04-23,453.75,64,209
PA116,YYZ,YVR,2027-04-23,562.88,96,161
PA120,LHR,JFK,2027-04-23,569.12,109,203
PA121,YYZ,YVR,2027-04-23,473.9,82,193
PA125,YYZ,LAX,2027-04-23,380.82,78,230
PA141,JFK,LAX,2027-04-23,102.27,122,266
PA145,JFK,YYZ,2027-04-23,633.76,143,245
PA162,YYZ,LAX,2027-04-23,149.6,42,234
PA172,PVG,HKG,2027-04-23,294.98,47,196
PA183,NRT,SIN,2027-04-23,142.67,122,288
PA188,YYZ,YVR,2027-04-23,572.65,117,167
PA193,LAX,HKG,2027-04-23,568.81,53,202
PA208,LAX,HKG,2027-04-23,164.61,99,163
PA211,LAX,HKG,2027-04-23,618.86,85,191
PA216,PVG,HKG,2027-04-23,129.28,89,182
PA218,LAX,YYZ,2027-04-23,566.85,94,213
PA228,LAX,JFK,2027-04-23,116.57,119,207
PA233,YYZ,PVG,2027-04-23,225.0,121,216
PA251,JFK,LAX,2027-04-23,298.65,49,171
PA278,NRT,SIN,2027-04-23,699.71,52,155
PA297,LAX,NRT,2027-04-23,687.46,147,201
PA101,LAX,SIN,2027-04-24,256.25,108,212
PA111,YYZ,LHR,2027-04-24,693.25,180,241
PA124,YVR,HKG,2027-04-24,260.33,79,164
PA133,YYZ,HKG,2027-04-24,445.46,216,280
PA142,LAX,HKG,2027-04-24,633.37,148,278
PA150,NRT,HKG,2027-04-24,159.96,68,170
PA151,HKG,PVG,2027-04-24,784.59,112,167
PA158,LAX,JFK,2027-04-24,336.66,117,166
PA159,NRT,SIN,2027-04-24,261.08,205,291
PA166,HKG,YYZ,2027-04-24,233.29,165,254
PA173,LAX,NRT,2027-04-24,410.19,83,169
PA177,HKG,YYZ,2027-04-24,705.26,155,204
PA179,CDG,LHR,2027-04-24,748.56,152,217
PA190,NRT,HKG,2027-04-24,505.24,153,213
PA194,YVR,HKG,2027-04-24,285.93,84,211
PA199,LHR,JFK,2027-04-24,715.49,58,167
PA222,JFK,LHR,2027-04-24,117.35,122,255
PA227,PVG,SIN,2027-04-24,313.63,156,239
PA230,YYZ,YVR,2027-04-24,345.8,94,221
PA239,PVG,HKG,2027-04-24,463.94,70,150
PA243,PVG,YYZ,2027-04-24,381.68,43,233
PA248,LAX,YYZ,2027-04-24,650.03,84,260
PA249,SIN,HKG,2027-04-24,425.49,72,232
PA265,PVG,NRT,2027-04-24,398.72,84,279
PA269,HKG,SIN,2027-04-24,538.72,176,274
PA280,LHR,JFK,2027-04-24,627.43,110,226
PA281,PVG,YYZ,2027-04-24,623.26,219,287
PA288,YYZ,YVR,2027-04-24,194.99,100,259
PA289,PVG,SIN,2027-04-24,135.2,44,196
PA293,PVG,YYZ,2027-04-24,684.44,149,214
PA101,LAX,SIN,2027-04-25,256.25,161,212
PA103,PVG,HKG,2027-04-25,120.86,122,158
PA124,YVR,HKG,2027-04-25,260.33,61,164
PA129,PVG,SIN,2027-04-25,285.42,28,186
PA130,LAX,NRT,2027-04-25,477.28,33,293
PA132,CDG,JFK,2027-04-25,253.52,192,242
PA136,CDG,LHR,2027-04-25,517.12,83,247
PA143,HKG,NRT,2027-04-25,709.36,16,177
PA144,YVR,NRT,2027-04-25,526.28,34,279
PA148,YYZ,PVG,2027-04-25,715.11,162,242
PA161,SIN,PVG,2027-04-25,260.26,58,165
PA165,NRT,HKG,2027-04-25,430.87,230,297
PA166,HKG,YYZ,2027-04-25,233.29,112,254
PA168,PVG,YYZ,2027-04-25,704.69,132,269
PA183,NRT,SIN,2027-04-25,142.67,130,288
PA188,YYZ,YVR,2027-04-25,572.65,15,167
PA198,LAX,YYZ,2027-04-25,285.64,185,279
PA199,LHR,JFK,2027-04-25,715.49,117,167
PA209,PVG,HKG,2027-04-25,130.86,104,220
PA214,JFK,YYZ,2027-04-25,125.22,159,289
PA229,JFK,CDG,2027-04-25,329.78,176,252
PA230,YYZ,YVR,2027-04-25,345.8,36,221
PA237,HKG,NRT,2027-04-25,369.64,131,179
PA238,NRT,HKG,2027-04-25,278.31,132,198
PA241,YYZ,YVR,2027-04-25,536.21,86,234
PA253,LAX,NRT,2027-04-25,257.25,70,229
PA258,CDG,LHR,2027-04-25,379.76,125,276
PA260,YYZ,LHR,2027-04-25,253.19,159,258
PA265,PVG,NRT,2027-04-25,398.72,202,279
PA270,LAX,SIN,2027-04-25,154.24,128,262
PA285,CDG,JFK,2027-04-25,688.35,44,192
PA290,CDG,LHR,2027-04-25,248.16,107,233
PA292,CDG,LHR,2027-04-25,626.41,25,221
PA298,SIN,NRT,2027-04-25,266.98,121,189
PA105,YYZ,JFK,2027-04-26,239.19,145,293
PA106,NRT,LAX,2027-04-26,254.31,26,257
PA110,LHR,YYZ,2027-04-26,164.92,125,176
PA124,YVR,HKG,2027-04-26,260.33,62,164
PA126,YYZ,YVR,2027-04-26,739.2,38,204
PA129,PVG,SIN,2027-04-26,285.42,66,186
PA130,LAX,NRT,2027-04-26,477.28,59,293
PA137,PVG,SIN,2027-04-26,275.99,102,285
PA140,LHR,YYZ,2027-04-26,305.45,51,178
PA145,JFK,YYZ,2027-04-26,633.76,126,245
PA154,HKG,SIN,2027-04-26,775.05,151,258
PA157,HKG,SIN,2027-04-26,184.7,97,265
PA161,SIN,PVG,2027-04-26,260.26,95,165
PA169,YYZ,LAX,2027-04-26,142.43,83,175
PA172,PVG,HKG,2027-04-26,294.98,116,196
PA176,LAX,NRT,2027-04-26,384.49,70,192
PA188,YYZ,YVR,2027-04-26,572.65,108,167
PA189,LAX,NRT,2027-04-26,183.92,129,253
PA190,NRT,HKG,2027-04-26,505.24,127,213
PA192,NRT,SIN,2027-04-26,465.95,116,294
PA209,PVG,HKG,2027-04-26,130.86,48,220
PA220,PVG,YYZ,2027-04-26,748.03,96,189
PA225,YYZ,LHR,2027-04-26,710.52,26,247
PA232,NRT,LAX,2027-04-26,757.47,103,234
PA238,NRT,HKG,2027-04-26,278.31,11,198
PA244,YVR,YYZ,2027-04-26,189.1,170,291
PA246,JFK,LHR,2027-04-26,310.66,79,295
PA247,NRT,YVR,2027-04-26,312.71,69,150
PA248,LAX,YYZ,2027-04-26,650.03,58,260
PA263,PVG,SIN,2027-04-26,791.52,51,285
PA266,NRT,YVR,2027-04-26,728.05,58,264
PA267,HKG,YYZ,2027-04-26,281.43,52,265
PA275,PVG,YYZ,2027-04-26,479.83,135,234
PA280,LHR,JFK,2027-04-26,627.43,149,226
PA285,CDG,JFK,2027-04-26,688.35,146,192
PA291,YVR,HKG,2027-04-26,632.86,56,236
PA297,LAX,NRT,2027-04-26,687.46,130,201
PA101,LAX,SIN,2027-04-27,256.25,137,212
PA113,PVG,SIN,2027-04-27,187.38,185,287
PA116,YYZ,YVR,2027-04-27,562.88,21,161
PA117,YVR,YYZ,2027-04-27,698.72,66,170
PA135,JFK,LAX,2027-04-27,517.49,169,258
PA136,CDG,LHR,2027-04-27,517.12,189,247
PA140,LHR,YYZ,2027-04-27,305.45,55,178
PA148,YYZ,PVG,2027-04-27,715.11,165,242
PA150,NRT,HKG,2027-04-27,159.96,56,170
PA163,LAX,NRT,2027-04-27,568.28,140,221
PA164,LAX,YYZ,2027-04-27,192.62,101,288
PA178,YYZ,LAX,2027-04-27,365.28,111,192
PA192,NRT,SIN,2027-04-27,465.95,110,294
PA230,YYZ,YVR,2027-04-27,345.8,70,221
PA234,LAX,HKG,2027-04-27,175.88,107,159
PA237,HKG,NRT,2027-04-27,369.64,17,179
PA247,NRT,YVR,2027-04-27,312.71,97,150
PA253,LAX,NRT,2027-04-27,257.25,34,229
PA257,SIN,PVG,2027-04-27,236.1,28,297
PA261,HKG,SIN,2027-04-27,135.15,159,268
PA268,LAX,NRT,2027-04-27,636.07,106,220
PA272,YVR,HKG,2027-04-27,156.4,174,288
PA279,NRT,HKG,2027-04-27,433.89,127,247
PA284,CDG,LHR,2027-04-27,568.21,30,236
PA291,YVR,HKG,2027-04-27,632.86,67,236
PA100,SIN,PVG,2027-04-28,117.51,82,178
PA108,YYZ,JFK,2027-04-28,588.7,43,190
PA116,YYZ,YVR,2027-04-28,562.88,66,161
PA118,YYZ,LHR,2027-04-28,294.58,34,247
PA120,LHR,JFK,2027-04-28,569.12,98,203
PA134,YYZ,LAX,2027-04-28,206.99,22,178
PA146,NRT,LAX,2027-04-28,742.95,59,285
PA155,NRT,LAX,2027-04-28,599.06,21,201
PA160,LAX,JFK,2027-04-28,149.7,109,151
PA169,YYZ,LAX,2027-04-28,142.43,105,175
PA179,CDG,LHR,2027-04-28,748.56,33,217
PA187,HKG,NRT,2027-04-28,695.94,101,170
PA204,YYZ,LHR,2027-04-28,285.13,29,184
PA205,YYZ,LHR,2027-04-28,208.81,37,291
PA211,LAX,HKG,2027-04-28,618.86,135,191
PA213,YYZ,PVG,2027-04-28,761.54,89,169
PA217,LHR,CDG,2027-04-28,729.25,72,160
PA239,PVG,HKG,2027-04-28,463.94,91,150
PA252,SIN,PVG,2027-04-28,165.37,71,235
PA266,NRT,YVR,2027-04-28,728.05,58,264
PA283,LAX,SIN,2027-04-28,439.95,188,261
PA295,YYZ,LAX,2027-04-28,256.96,124,239
PA296,YYZ,YVR,2027-04-28,627.96,29,160
PA106,NRT,LAX,2027-04-29,254.31,74,257
PA113,PVG,SIN,2027-04-29,187.38,101,287
PA115,SIN,PVG,2027-04-29,504.15,168,242
PA122,LAX,NRT,2027-04-29,423.58,30,191
PA128,HKG,PVG,2027-04-29,719.28,114,251
PA131,NRT,SIN,2027-04-29,728.48,139,259
PA139,YYZ,PVG,2027-04-29,625.61,203,287
PA150,NRT,HKG,2027-04-29,159.96,121,170
PA183,NRT,SIN,2027-04-29,142.67,146,288
PA188,YYZ,YVR,2027-04-29,572.65,45,167
PA202,HKG,SIN,2027-04-29,567.5,104,152
PA205,YYZ,LHR,2027-04-29,208.81,167,291
PA207,LAX,YYZ,2027-04-29,453.79,99,217
PA251,JFK,LAX,2027-04-29,298.65,20,171
PA257,SIN,PVG,2027-04-29,236.1,215,297
PA292,CDG,LHR,2027-04-29,626.41,25,221
PA296,YYZ,YVR,2027-04-29,627.96,102,160
PA298,SIN,NRT,2027-04-29,266.98,145,189
PA101,LAX,SIN,2027-04-30,256.25,148,212
PA103,PVG,HKG,2027-04-30,120.86,114,158
PA106,NRT,LAX,2027-04-30,254.31,99,257
PA125,YYZ,LAX,2027-04-30,380.82,127,230
PA146,NRT,LAX,2027-04-30,742.95,15,285
PA158,LAX,JFK,2027-04-30,336.66,91,166
PA160,LAX,JFK,2027-04-30,149.7,22,151
PA171,JFK,CDG,2027-04-30,414.03,141,287
PA180,PVG,SIN,2027-04-30,396.11,19,223
PA183,NRT,SIN,2027-04-30,142.67,52,288
PA193,LAX,HKG,2027-04-30,568.81,33,202
PA200,LHR,CDG,2027-04-30,210.42,124,222
PA203,NRT,YVR,2027-04-30,752.23,175,226
PA206,YVR,YYZ,2027-04-30,602.33,155,203
PA218,LAX,YYZ,2027-04-30,566.85,162,213
PA219,LHR,JFK,2027-04-30,718.89,196,293
PA220,PVG,YYZ,2027-04-30,748.03,106,189
PA233,YYZ,PVG,2027-04-30,225.0,59,216
PA237,HKG,NRT,2027-04-30,369.64,109,179
PA243,PVG,YYZ,2027-04-30,381.68,17,233
PA257,SIN,PVG,2027-04-30,236.1,46,297
PA260,YYZ,LHR,2027-04-30,253.19,44,258
PA284,CDG,LHR,2027-04-30,568.21,27,236
PA102,YYZ,LHR,2027-05-01,160.86,53,289
PA106,NRT,LAX,2027-05-01,254.31,195,257
PA111,YYZ,LHR,2027-05-01,693.25,100,241
PA119,SIN,PVG,2027-05-01,213.86,177,243
PA127,NRT,HKG,2027-05-01,248.84,105,230
PA136,CDG,LHR,2027-05-01,517.12,166,247
PA140,LHR,YYZ,2027-05-01,305.45,33,178
PA141,JFK,LAX,2027-05-01,102.27,38,266
PA144,YVR,NRT,2027-05-01,526.28,171,279
PA148,YYZ,PVG,2027-05-01,715.11,125,242
PA151,HKG,PVG,2027-05-01,784.59,83,167
PA165,NRT,HKG,2027-05-01,430.87,48,297
PA169,YYZ,LAX,2027-05-01,142.43,30,175
PA175,NRT,LAX,2027-05-01,778.3,17,153
PA196,YYZ,YVR,2027-05-01,420.8,74,152
PA208,LAX,HKG,2027-05-01,164.61,113,163
PA210,LHR,YYZ,2027-05-01,545.98,30,183
PA212,NRT,YVR,2027-05-01,492.63,113,259
PA213,YYZ,PVG,2027-05-01,761.54,33,169
PA218,LAX,YYZ,2027-05-01,566.85,34,213
PA233,YYZ,PVG,2027-05-01,225.0,42,216
PA236,YVR,HKG,2027-05-01,524.35,39,261
PA242,YYZ,PVG,2027-05-01,454.99,54,226
PA258,CDG,LHR,2027-05-01,379.76,50,276
PA280,LHR,JFK,2027-05-01,627.43,177,226
PA283,LAX,SIN,2027-05-01,439.95,138,261
PA292,CDG,LHR,2027-05-01,626.41,160,221
PA299,HKG,YYZ,2027-05-01,494.78,128,179
PA101,LAX,SIN,2027-05-02,256.25,14,212
PA108,YYZ,JFK,2027-05-02,588.7,133,190
PA111,YYZ,LHR,2027-05-02,693.25,106,241
PA118,YYZ,LHR,2027-05-02,294.58,87,247
PA128,HKG,PVG,2027-05-02,719.28,91,251
PA129,PVG,SIN,2027-05-02,285.42,87,186
PA141,JFK,LAX,2027-05-02,102.27,45,266
PA144,YVR,NRT,2027-05-02,526.28,39,279
PA146,NRT,LAX,2027-05-02,742.95,31,285
PA149,YVR,NRT,2027-05-02,140.55,42,211
PA162,YYZ,LAX,2027-05-02,149.6,118,234
PA185,HKG,YYZ,2027-05-02,743.57,148,278
PA186,HKG,SIN,2027-05-02,139.82,11,190
PA192,NRT,SIN,2027-05-02,465.95,201,294
PA194,YVR,HKG,2027-05-02,285.93,130,211
PA198,LAX,YYZ,2027-05-02,285.64,140,279
PA211,LAX,HKG,2027-05-02,618.86,20,191
PA213,YYZ,PVG,2027-05-02,761.54,81,169
PA225,YYZ,LHR,2027-05-02,710.52,45,247
PA239,PVG,HKG,2027-05-02,463.94,118,150
PA243,PVG,YYZ,2027-05-02,381.68,37,233
PA245,PVG,YYZ,2027-05-02,574.12,170,247
PA246,JFK,LHR,2027-05-02,310.66,195,295
PA251,JFK,LAX,2027-05-02,298.65,10,171
PA258,CDG,LHR,2027-05-02,379.76,135,276
PA265,PVG,NRT,2027-05-02,398.72,37,279
PA278,NRT,SIN,2027-05-02,699.71,100,155
PA281,PVG,YYZ,2027-05-02,623.26,84,287
PA295,YYZ,LAX,2027-05-02,256.96,83,239
PA100,SIN,PVG,2027-05-03,117.51,43,178
PA111,YYZ,LHR,2027-05-03,693.25,176,241
PA125,YYZ,LAX,2027-05-03,380.82,128,230
PA127,NRT,HKG,2027-05-03,248.84,102,230
PA134,YYZ,LAX,2027-05-03,206.99,133,178
PA135,JFK,LAX,2027-05-03,517.49,98,258
PA138,NRT,YVR,2027-05-03,576.2,121,152
PA149,YVR,NRT,2027-05-03,140.55,82,211
PA154,HKG,SIN,2027-05-03,775.05,114,258
PA157,HKG,SIN,2027-05-03,184.7,80,265
PA161,SIN,PVG,2027-05-03,260.26,49,165
PA166,HKG,YYZ,2027-05-03,233.29,126,254
PA175,NRT,LAX,2027-05-03,778.3,76,153
PA178,YYZ,LAX,2027-05-03,365.28,27,192
PA183,NRT,SIN,2027-05-03,142.67,187,288
PA191,YYZ,LAX,2027-05-03,393.46,81,170
PA194,YVR,HKG,2027-05-03,285.93,125,211
PA198,LAX,YYZ,2027-05-03,285.64,24,279
PA202,HKG,SIN,2027-05-03,567.5,57,152
PA207,LAX,YYZ,2027-05-03,453.79,107,217
PA212,NRT,YVR,2027-05-03,492.63,19,259
PA215,LHR,CDG,2027-05-03,486.77,122,299
PA232,NRT,LAX,2027-05-03,757.47,157,234
PA233,YYZ,PVG,2027-05-03,225.0,155,216
PA240,NRT,LAX,2027-05-03,354.96,100,200
PA251,JFK,LAX,2027-05-03,298.65,62,171
PA263,PVG,SIN,2027-05-03,791.52,21,285
PA265,PVG,NRT,2027-05-03,398.72,141,279
PA269,HKG,SIN,2027-05-03,538.72,93,274
PA275,PVG,YYZ,2027-05-03,479.83,121,234
PA277,PVG,YYZ,2027-05-03,733.39,98,249
PA283,LAX,SIN,2027-05-03,439.95,120,261
PA291,YVR,HKG,2027-05-03,632.86,42,236
PA294,HKG,YYZ,2027-05-03,624.32,115,154
PA105,YYZ,JFK,2027-05-04,239.19,31,293
PA116,YYZ,YVR,2027-05-04,562.88,11,161
PA130,LAX,NRT,2027-05-04,477.28,127,293
PA138,NRT,YVR,2027-05-04,576.2,61,152
PA139,YYZ,PVG,2027-05-04,625.61,35,287
PA153,HKG,YYZ,2027-05-04,215.59,164,290
PA155,NRT,LAX,2027-05-04,599.06,148,201
PA170,LHR,YYZ,2027-05-04,274.06,102,177
PA174,NRT,YVR,2027-05-04,135.41,112,175
PA178,YYZ,LAX,2027-05-04,365.28,40,192
PA186,HKG,SIN,2027-05-04,139.82,115,190
PA193,LAX,HKG,2027-05-04,568.81,70,202
PA197,NRT,HKG,2027-05-04,151.28,87,175
PA203,NRT,YVR,2027-05-04,752.23,31,226
PA209,PVG,HKG,2027-05-04,130.86,59,220
PA210,LHR,YYZ,2027-05-04,545.98,139,183
PA213,YYZ,PVG,2027-05-04,761.54,72,169
PA222,JFK,LHR,2027-05-04,117.35,33,255
PA233,YYZ,PVG,2027-05-04,225.0,113,216
PA236,YVR,HKG,2027-05-04,524.35,168,261
PA239,PVG,HKG,2027-05-04,463.94,80,150
PA242,YYZ,PVG,2027-05-04,454.99,167,226
PA245,PVG,YYZ,2027-05-04,574.12,130,247
PA254,JFK,CDG,2027-05-04,117.1,51,187
PA260,YYZ,LHR,2027-05-04,253.19,58,258
PA265,PVG,NRT,2027-05-04,398.72,145,279
PA283,LAX,SIN,2027-05-04,439.95,106,261
PA289,PVG,SIN,2027-05-04,135.2,79,196
PA295,YYZ,LAX,2027-05-04,256.96,177,239
PA100,SIN,PVG,2027-05-05,117.51,17,178
PA111,YYZ,LHR,2027-05-05,693.25,131,241
PA113,PVG,SIN,2027-05-05,187.38,123,287
PA116,YYZ,YVR,2027-05-05,562.88,54,161
PA118,YYZ,LHR,2027-05-05,294.58,64,247
PA123,LAX,SIN,2027-05-05,253.73,125,292
PA158,LAX,JFK,2027-05-05,336.66,80,166
PA159,NRT,SIN,2027-05-05,261.08,74,291
PA166,HKG,YYZ,2027-05-05,233.29,74,254
PA169,YYZ,LAX,2027-05-05,142.43,128,175
PA171,JFK,CDG,2027-05-05,414.03,194,287
PA197,NRT,HKG,2027-05-05,151.28,115,175
PA199,LHR,JFK,2027-05-05,715.49,94,167
PA202,HKG,SIN,2027-05-05,567.5,34,152
PA210,LHR,YYZ,2027-05-05,545.98,90,183
PA214,JFK,YYZ,2027-05-05,125.22,102,289
PA220,PVG,YYZ,2027-05-05,748.03,24,189
PA232,NRT,LAX,2027-05-05,757.47,167,234
PA234,LAX,HKG,2027-05-05,175.88,70,159
PA239,PVG,HKG,2027-05-05,463.94,51,150
PA254,JFK,CDG,2027-05-05,117.1,110,187
PA257,SIN,PVG,2027-05-05,236.1,56,297
PA259,JFK,YYZ,2027-05-05,724.86,112,151
PA268,LAX,NRT,2027-05-05,636.07,82,220
PA269,HKG,SIN,2027-05-05,538.72,96,274
PA270,LAX,SIN,2027-05-05,154.24,39,262
PA292,CDG,LHR,2027-05-05,626.41,137,221
PA293,PVG,YYZ,2027-05-05,684.44,41,214
PA107,NRT,SIN,2027-05-06,666.6,155,221
PA115,SIN,PVG,2027-05-06,504.15,90,242
PA120,LHR,JFK,2027-05-06,569.12,57,203
PA126,YYZ,YVR,2027-05-06,739.2,17,204
PA136,CDG,LHR,2027-05-06,517.12,153,247
PA140,LHR,YYZ,2027-05-06,305.45,39,178
PA141,JFK,LAX,2027-05-06,102.27,15,266
PA145,JFK,YYZ,2027-05-06,633.76,98,245
PA147,SIN,HKG,2027-05-06,442.02,80,232
PA148,YYZ,PVG,2027-05-06,715.11,24,242
PA150,NRT,HKG,2027-05-06,159.96,121,170
PA161,SIN,PVG,2027-05-06,260.26,65,165
PA177,HKG,YYZ,2027-05-06,705.26,124,204
PA207,LAX,YYZ,2027-05-06,453.79,62,217
PA212,NRT,YVR,2027-05-06,492.63,78,259
PA227,PVG,SIN,2027-05-06,313.63,153,239
PA230,YYZ,YVR,2027-05-06,345.8,85,221
PA231,HKG,NRT,2027-05-06,575.66,125,252
PA237,HKG,NRT,2027-05-06,369.64,104,179
PA249,SIN,HKG,2027-05-06,425.49,37,232
PA258,CDG,LHR,2027-05-06,379.76,196,276
PA263,PVG,SIN,2027-05-06,791.52,212,285
PA269,HKG,SIN,2027-05-06,538.72,195,274
PA282,NRT,LAX,2027-05-06,441.76,37,206
PA286,YYZ,HKG,2027-05-06,118.88,212,286
PA289,PVG,SIN,2027-05-06,135.2,68,196
PA295,YYZ,LAX,2027-05-06,256.96,145,239
PA119,SIN,PVG,2027-05-07,213.86,14,243
PA137,PVG,SIN,2027-05-07,275.99,149,285
PA138,NRT,YVR,2027-05-07,576.2,59,152
PA141,JFK,LAX,2027-05-07,102.27,172,266
PA146,NRT,LAX,2027-05-07,742.95,28,285
PA151,HKG,PVG,2027-05-07,784.59,91,167
PA152,NRT,LAX,2027-05-07,189.87,105,182
PA159,NRT,SIN,2027-05-07,261.08,44,291
PA162,YYZ,LAX,2027-05-07,149.6,180,234
PA170,LHR,YYZ,2027-05-07,274.06,50,177
PA180,PVG,SIN,2027-05-07,396.11,55,223
PA182,YVR,YYZ,2027-05-07,778.1,141,205
PA193,LAX,HKG,2027-05-07,568.81,64,202
PA205,YYZ,LHR,2027-05-07,208.81,146,291
PA214,JFK,YYZ,2027-05-07,125.22,79,289
PA224,LAX,NRT,2027-05-07,211.44,104,218
PA231,HKG,NRT,2027-05-07,575.66,77,252
PA233,YYZ,PVG,2027-05-07,225.0,140,216
PA236,YVR,HKG,2027-05-07,524.35,205,261
PA246,JFK,LHR,2027-05-07,310.66,74,295
PA250,PVG,NRT,2027-05-07,457.82,139,204
PA254,JFK,CDG,2027-05-07,117.1,126,187
PA260,YYZ,LHR,2027-05-07,253.19,193,258
PA264,SIN,HKG,2027-05-07,765.03,33,231
PA274,JFK,YYZ,2027-05-07,144.96,137,204
PA282,NRT,LAX,2027-05-07,441.76,20,206
PA110,LHR,YYZ,2027-05-08,164.92,104,176
PA136,CDG,LHR,2027-05-08,517.12,45,247
PA145,JFK,YYZ,2027-05-08,633.76,99,245
PA154,HKG,SIN,2027-05-08,775.05,198,258
PA170,LHR,YYZ,2027-05-08,274.06,72,177
PA174,NRT,YVR,2027-05-08,135.41,128,175
PA177,HKG,YYZ,2027-05-08,705.26,68,204
PA182,YVR,YYZ,2027-05-08,778.1,42,205
PA187,HKG,NRT,2027-05-08,695.94,12,170
PA188,YYZ,YVR,2027-05-08,572.65,36,167
PA189,LAX,NRT,2027-05-08,183.92,24,253
PA201,NRT,LAX,2027-05-08,528.17,107,227
PA208,LAX,HKG,2027-05-08,164.61,63,163
PA213,YYZ,PVG,2027-05-08,761.54,35,169
PA217,LHR,CDG,2027-05-08,729.25,83,160
PA228,LAX,JFK,2027-05-08,116.57,127,207
PA231,HKG,NRT,2027-05-08,575.66,72,252
PA239,PVG,HKG,2027-05-08,463.94,118,150
PA242,YYZ,PVG,2027-05-08,454.99,47,226
PA250,PVG,NRT,2027-05-08,457.82,57,204
PA253,LAX,NRT,2027-05-08,257.25,15,229
PA256,YYZ,YVR,2027-05-08,390.11,208,266
PA277,PVG,YYZ,2027-05-08,733.39,15,249
PA288,YYZ,YVR,2027-05-08,194.99,60,259
PA294,HKG,YYZ,2027-05-08,624.32,95,154
PA295,YYZ,LAX,2027-05-08,256.96,134,239
PA298,SIN,NRT,2027-05-08,266.98,92,189
PA110,LHR,YYZ,2027-05-09,164.92,76,176
PA127,NRT,HKG,2027-05-09,248.84,161,230
PA158,LAX,JFK,2027-05-09,336.66,14,166
PA186,HKG,SIN,2027-05-09,139.82,136,190
PA190,NRT,HKG,2027-05-09,505.24,137,213
PA192,NRT,SIN,2027-05-09,465.95,19,294
PA198,LAX,YYZ,2027-05-09,285.64,99,279
PA203,NRT,YVR,2027-05-09,752.23,37,226
PA223,LHR,YYZ,2027-05-09,661.56,196,255
PA225,YYZ,LHR,2027-05-09,710.52,67,247
PA236,YVR,HKG,2027-05-09,524.35,200,261
PA244,YVR,YYZ,2027-05-09,189.1,142,291
PA254,JFK,CDG,2027-05-09,117.1,70,187
PA259,JFK,YYZ,2027-05-09,724.86,116,151
PA262,LAX,NRT,2027-05-09,419.52,33,181
PA268,LAX,NRT,2027-05-09,636.07,88,220
PA272,YVR,HKG,2027-05-09,156.4,56,288
PA283,LAX,SIN,2027-05-09,439.95,31,261
PA286,YYZ,HKG,2027-05-09,118.88,15,286
PA292,CDG,LHR,2027-05-09,626.41,162,221
PA296,YYZ,YVR,2027-05-09,627.96,32,160
PA298,SIN,NRT,2027-05-09,266.98,94,189
PA100,SIN,PVG,2027-05-10,117.51,81,178
PA102,YYZ,LHR,2027-05-10,160.86,215,289
PA109,LHR,YYZ,2027-05-10,208.84,160,221
PA110,LHR,YYZ,2027-05-10,164.92,44,176
PA116,YYZ,YVR,2027-05-10,562.88,102,161
PA120,LHR,JFK,2027-05-10,569.12,15,203
PA123,LAX,SIN,2027-05-10,253.73,212,292
PA145,JFK,YYZ,2027-05-10,633.76,33,245
PA147,SIN,HKG,2027-05-10,442.02,13,232
PA170,LHR,YYZ,2027-05-10,274.06,117,177
PA171,JFK,CDG,2027-05-10,414.03,184,287
PA179,CDG,LHR,2027-05-10,748.56,40,217
PA192,NRT,SIN,2027-05-10,465.95,216,294
PA196,YYZ,YVR,2027-05-10,420.8,100,152
PA201,NRT,LAX,2027-05-10,528.17,148,227
PA225,YYZ,LHR,2027-05-10,710.52,61,247
PA228,LAX,JFK,2027-05-10,116.57,30,207
PA232,NRT,LAX,2027-05-10,757.47,168,234
PA238,NRT,HKG,2027-05-10,278.31,76,198
PA241,YYZ,YVR,2027-05-10,536.21,40,234
PA242,YYZ,PVG,2027-05-10,454.99,36,226
PA246,JFK,LHR,2027-05-10,310.66,54,295
PA256,YYZ,YVR,2027-05-10,390.11,61,266
PA258,CDG,LHR,2027-05-10,379.76,126,276
PA260,YYZ,LHR,2027-05-10,253.19,77,258
PA263,PVG,SIN,2027-05-10,791.52,48,285
PA268,LAX,NRT,2027-05-10,636.07,176,220
PA295,YYZ,LAX,2027-05-10,256.96,104,239
PA103,PVG,HKG,2027-05-11,120.86,33,158
PA127,NRT,HKG,2027-05-11,248.84,13,230
PA139,YYZ,PVG,2027-05-11,625.61,113,287
PA143,HKG,NRT,2027-05-11,709.36,12,177
PA159,NRT,SIN,2027-05-11,261.08,152,291
PA160,LAX,JFK,2027-05-11,149.7,85,151
PA192,NRT,SIN,2027-05-11,465.95,41,294
PA197,NRT,HKG,2027-05-11,151.28,68,175
PA201,NRT,LAX,2027-05-11,528.17,17,227
PA210,LHR,YYZ,2027-05-11,545.98,85,183
PA216,PVG,HKG,2027-05-11,129.28,139,182
PA229,JFK,CDG,2027-05-11,329.78,55,252
PA231,HKG,NRT,2027-05-11,575.66,88,252
PA232,NRT,LAX,2027-05-11,757.47,112,234
PA234,LAX,HKG,2027-05-11,175.88,35,159
PA239,PVG,HKG,2027-05-11,463.94,116,150
PA242,YYZ,PVG,2027-05-11,454.99,70,226
PA243,PVG,YYZ,2027-05-11,381.68,174,233
PA244,YVR,YYZ,2027-05-11,189.1,193,291
PA251,JFK,LAX,2027-05-11,298.65,12,171
PA253,LAX,NRT,2027-05-11,257.25,168,229
PA259,JFK,YYZ,2027-05-11,724.86,23,151
PA260,YYZ,LHR,2027-05-11,253.19,81,258
PA261,HKG,SIN,2027-05-11,135.15,29,268
PA274,JFK,YYZ,2027-05-11,144.96,132,204
PA275,PVG,YYZ,2027-05-11,479.83,58,234
PA279,NRT,HKG,2027-05-11,433.89,78,247
PA291,YVR,HKG,2027-05-11,632.86,188,236
PA292,CDG,LHR,2027-05-11,626.41,36,221
PA296,YYZ,YVR,2027-05-11,627.96,16,160
PA106,NRT,LAX,2027-05-12,254.31,203,257
PA110,LHR,YYZ,2027-05-12,164.92,138,176
PA114,CDG,LHR,2027-05-12,486.43,84,170
PA116,YYZ,YVR,2027-05-12,562.88,54,161
PA118,YYZ,LHR,2027-05-12,294.58,60,247
PA130,LAX,NRT,2027-05-12,477.28,220,293
PA137,PVG,SIN,2027-05-12,275.99,208,285
PA140,LHR,YYZ,2027-05-12,305.45,37,178
PA152,NRT,LAX,2027-05-12,189.87,133,182
PA163,LAX,NRT,2027-05-12,568.28,52,221
PA165,NRT,HKG,2027-05-12,430.87,39,297
PA170,LHR,YYZ,2027-05-12,274.06,135,177
PA171,JFK,CDG,2027-05-12,414.03,110,287
PA183,NRT,SIN,2027-05-12,142.67,174,288
PA187,HKG,NRT,2027-05-12,695.94,19,170
PA193,LAX,HKG,2027-05-12,568.81,131,202
PA194,YVR,HKG,2027-05-12,285.93,28,211
PA196,YYZ,YVR,2027-05-12,420.8,111,152
PA206,YVR,YYZ,2027-05-12,602.33,117,203
PA215,LHR,CDG,2027-05-12,486.77,73,299
PA221,LAX,NRT,2027-05-12,783.34,97,191
PA225,YYZ,LHR,2027-05-12,710.52,63,247
PA226,HKG,YYZ,2027-05-12,239.7,86,206
PA228,LAX,JFK,2027-05-12,116.57,133,207
PA230,YYZ,YVR,2027-05-12,345.8,132,221
PA236,YVR,HKG,2027-05-12,524.35,119,261
PA243,PVG,YYZ,2027-05-12,381.68,117,233
PA244,YVR,YYZ,2027-05-12,189.1,85,291
PA249,SIN,HKG,2027-05-12,425.49,75,232
PA293,PVG,YYZ,2027-05-12,684.44,21,214
PA294,HKG,YYZ,2027-05-12,624.32,91,154
PA102,YYZ,LHR,2027-05-13,160.86,46,289
PA117,YVR,YYZ,2027-05-13,698.72,81,170
PA122,LAX,NRT,2027-05-13,423.58,29,191
PA124,YVR,HKG,2027-05-13,260.33,42,164
PA125,YYZ,LAX,2027-05-13,380.82,49,230
PA127,NRT,HKG,2027-05-13,248.84,71,230
PA131,NRT,SIN,2027-05-13,728.48,60,259
PA141,JFK,LAX,2027-05-13,102.27,87,266
PA142,LAX,HKG,2027-05-13,633.37,213,278
PA149,YVR,NRT,2027-05-13,140.55,14,211
PA151,HKG,PVG,2027-05-13,784.59,12,167
PA152,NRT,LAX,2027-05-13,189.87,99,182
PA153,HKG,YYZ,2027-05-13,215.59,21,290
PA182,YVR,YYZ,2027-05-13,778.1,137,205
PA198,LAX,YYZ,2027-05-13,285.64,149,279
PA199,LHR,JFK,2027-05-13,715.49,74,167
PA202,HKG,SIN,2027-05-13,567.5,95,152
PA212,NRT,YVR,2027-05-13,492.63,105,259
PA214,JFK,YYZ,2027-05-13,125.22,145,289
PA223,LHR,YYZ,2027-05-13,661.56,125,255
PA224,LAX,NRT,2027-05-13,211.44,138,218
PA226,HKG,YYZ,2027-05-13,239.7,152,206
PA235,PVG,HKG,2027-05-13,609.98,24,238
PA249,SIN,HKG,2027-05-13,425.49,185,232
PA251,JFK,LAX,2027-05-13,298.65,49,171
PA268,LAX,NRT,2027-05-13,636.07,172,220
PA273,JFK,YYZ,2027-05-13,368.12,162,209
PA274,JFK,YYZ,2027-05-13,144.96,32,204
PA282,NRT,LAX,2027-05-13,441.76,143,206
PA283,LAX,SIN,2027-05-13,439.95,66,261
PA295,YYZ,LAX,2027-05-13,256.96,123,239
PA110,LHR,YYZ,2027-05-14,164.92,69,176
PA116,YYZ,YVR,2027-05-14,562.88,107,161
PA128,HKG,PVG,2027-05-14,719.28,171,251
PA135,JFK,LAX,2027-05-14,517.49,174,258
PA136,CDG,LHR,2027-05-14,517.12,120,247
PA139,YYZ,PVG,2027-05-14,625.61,153,287
PA140,LHR,YYZ,2027-05-14,305.45,81,178
PA142,LAX,HKG,2027-05-14,633.37,149,278
PA157,HKG,SIN,2027-05-14,184.7,83,265
PA183,NRT,SIN,2027-05-14,142.67,78,288
PA192,NRT,SIN,2027-05-14,465.95,106,294
PA197,NRT,HKG,2027-05-14,151.28,69,175
PA201,NRT,LAX,2027-05-14,528.17,101,227
PA204,YYZ,LHR,2027-05-14,285.13,61,184
PA207,LAX,YYZ,2027-05-14,453.79,137,217
PA220,PVG,YYZ,2027-05-14,748.03,91,189
PA221,LAX,NRT,2027-05-14,783.34,56,191
PA222,JFK,LHR,2027-05-14,117.35,139,255
PA229,JFK,CDG,2027-05-14,329.78,92,252
PA235,PVG,HKG,2027-05-14,609.98,99,238
PA237,HKG,NRT,2027-05-14,369.64,125,179
PA239,PVG,HKG,2027-05-14,463.94,107,150
PA240,NRT,LAX,2027-05-14,354.96,52,200
PA246,JFK,LHR,2027-05-14,310.66,134,295
PA257,SIN,PVG,2027-05-14,236.1,107,297
PA260,YYZ,LHR,2027-05-14,253.19,185,258
PA263,PVG,SIN,2027-05-14,791.52,74,285
PA282,NRT,LAX,2027-05-14,441.76,52,206
PA290,CDG,LHR,2027-05-14,248.16,30,233
PA297,LAX,NRT,2027-05-14,687.46,60,201
PA107,NRT,SIN,2027-05-15,666.6,153,221
PA114,CDG,LHR,2027-05-15,486.43,95,170
PA115,SIN,PVG,2027-05-15,504.15,184,242
PA116,YYZ,YVR,2027-05-15,562.88,117,161
PA122,LAX,NRT,2027-05-15,423.58,109,191
PA123,LAX,SIN,2027-05-15,253.73,199,292
PA128,HKG,PVG,2027-05-15,719.28,54,251
PA135,JFK,LAX,2027-05-15,517.49,34,258
PA136,CDG,LHR,2027-05-15,517.12,87,247
PA146,NRT,LAX,2027-05-15,742.95,93,285
PA147,SIN,HKG,2027-05-15,442.02,134,232
PA150,NRT,HKG,2027-05-15,159.96,36,170
PA160,LAX,JFK,2027-05-15,149.7,77,151
PA163,LAX,NRT,2027-05-15,568.28,135,221
PA169,YYZ,LAX,2027-05-15,142.43,53,175
PA173,LAX,NRT,2027-05-15,410.19,37,169
PA183,NRT,SIN,2027-05-15,142.67,68,288
PA194,YVR,HKG,2027-05-15,285.93,75,211
PA196,YYZ,YVR,2027-05-15,420.8,69,152
PA204,YYZ,LHR,2027-05-15,285.13,136,184
PA222,JFK,LHR,2027-05-15,117.35,62,255
PA224,LAX,NRT,2027-05-15,211.44,136,218
PA233,YYZ,PVG,2027-05-15,225.0,154,216
PA234,LAX,HKG,2027-05-15,175.88,44,159
PA244,YVR,YYZ,2027-05-15,189.1,159,291
PA253,LAX,NRT,2027-05-15,257.25,23,229
PA259,JFK,YYZ,2027-05-15,724.86,21,151
PA266,NRT,YVR,2027-05-15,728.05,73,264
PA267,HKG,YYZ,2027-05-15,281.43,134,265
PA274,JFK,YYZ,2027-05-15,144.96,160,204
PA285,CDG,JFK,2027-05-15,688.35,149,192
PA290,CDG,LHR,2027-05-15,248.16,51,233
PA295,YYZ,LAX,2027-05-15,256.96,75,239
PA297,LAX,NRT,2027-05-15,687.46,101,201
PA299,HKG,YYZ,2027-05-15,494.78,19,179
PA106,NRT,LAX,2027-05-16,254.31,61,257
PA116,YYZ,YVR,2027-05-16,562.88,127,161
PA125,YYZ,LAX,2027-05-16,380.82,155,230
PA130,LAX,NRT,2027-05-16,477.28,39,293
PA136,CDG,LHR,2027-05-16,517.12,121,247
PA149,YVR,NRT,2027-05-16,140.55,167,211
PA155,NRT,LAX,2027-05-16,599.06,94,201
PA156,CDG,JFK,2027-05-16,406.67,65,245
PA158,LAX,JFK,2027-05-16,336.66,32,166
PA160,LAX,JFK,2027-05-16,149.7,54,151
PA171,JFK,CDG,2027-05-16,414.03,136,287
PA175,NRT,LAX,2027-05-16,778.3,63,153
PA177,HKG,YYZ,2027-05-16,705.26,105,204
PA186,HKG,SIN,2027-05-16,139.82,41,190
PA191,YYZ,LAX,2027-05-16,393.46,17,170
PA195,YYZ,HKG,2027-05-16,420.06,51,226
PA200,LHR,CDG,2027-05-16,210.42,141,222
PA214,JFK,YYZ,2027-05-16,125.22,30,289
PA229,JFK,CDG,2027-05-16,329.78,128,252
PA240,NRT,LAX,2027-05-16,354.96,140,200
PA248,LAX,YYZ,2027-05-16,650.03,191,260
PA253,LAX,NRT,2027-05-16,257.25,56,229
PA255,LAX,NRT,2027-05-16,527.89,22,271
PA275,PVG,YYZ,2027-05-16,479.83,148,234
PA282,NRT,LAX,2027-05-16,441.76,11,206
PA283,LAX,SIN,2027-05-16,439.95,160,261
PA286,YYZ,HKG,2027-05-16,118.88,226,286
PA100,SIN,PVG,2027-05-17,117.51,70,178
PA104,LAX,YYZ,2027-05-17,453.75,116,209
PA114,CDG,LHR,2027-05-17,486.43,64,170
PA138,NRT,YVR,2027-05-17,576.2,60,152
PA149,YVR,NRT,2027-05-17,140.55,28,211
PA150,NRT,HKG,2027-05-17,159.96,52,170
PA152,NRT,LAX,2027-05-17,189.87,126,182
PA156,CDG,JFK,2027-05-17,406.67,130,245
PA160,LAX,JFK,2027-05-17,149.7,35,151
PA164,LAX,YYZ,2027-05-17,192.62,226,288
PA177,HKG,YYZ,2027-05-17,705.26,135,204
PA179,CDG,LHR,2027-05-17,748.56,127,217
PA184,YVR,HKG,2027-05-17,135.1,116,164
PA192,NRT,SIN,2027-05-17,465.95,70,294
PA201,NRT,LAX,2027-05-17,528.17,169,227
PA207,LAX,YYZ,2027-05-17,453.79,121,217
PA227,PVG,SIN,2027-05-17,313.63,135,239
PA230,YYZ,YVR,2027-05-17,345.8,43,221
PA279,NRT,HKG,2027-05-17,433.89,83,247
PA283,LAX,SIN,2027-05-17,439.95,206,261
PA288,YYZ,YVR,2027-05-17,194.99,34,259
PA100,SIN,PVG,2027-05-18,117.51,60,178
PA110,LHR,YYZ,2027-05-18,164.92,25,176
PA114,CDG,LHR,2027-05-18,486.43,23,170
PA146,NRT,LAX,2027-05-18,742.95,37,285
PA149,YVR,NRT,2027-05-18,140.55,67,211
PA155,NRT,LAX,2027-05-18,599.06,150,201
PA158,LAX,JFK,2027-05-18,336.66,35,166
PA175,NRT,LAX,2027-05-18,778.3,23,153
PA190,NRT,HKG,2027-05-18,505.24,25,213
PA193,LAX,HKG,2027-05-18,568.81,66,202
PA197,NRT,HKG,2027-05-18,151.28,26,175
PA202,HKG,SIN,2027-05-18,567.5,42,152
PA209,PVG,HKG,2027-05-18,130.86,35,220
PA242,YYZ,PVG,2027-05-18,454.99,180,226
PA246,JFK,LHR,2027-05-18,310.66,105,295
PA255,LAX,NRT,2027-05-18,527.89,21,271
PA257,SIN,PVG,2027-05-18,236.1,99,297
PA273,JFK,YYZ,2027-05-18,368.12,85,209
PA282,NRT,LAX,2027-05-18,441.76,121,206
PA283,LAX,SIN,2027-05-18,439.95,189,261
PA291,YVR,HKG,2027-05-18,632.86,147,236
PA293,PVG,YYZ,2027-05-18,684.44,143,214
PA108,YYZ,JFK,2027-05-19,588.7,115,190
PA115,SIN,PVG,2027-05-19,504.15,175,242
PA119,SIN,PVG,2027-05-19,213.86,185,243
PA124,YVR,HKG,2027-05-19,260.33,40,164
PA125,YYZ,LAX,2027-05-19,380.82,115,230
PA128,HKG,PVG,2027-05-19,719.28,94,251
PA130,LAX,NRT,2027-05-19,477.28,97,293
PA142,LAX,HKG,2027-05-19,633.37,125,278
PA156,CDG,JFK,2027-05-19,406.67,33,245
PA168,PVG,YYZ,2027-05-19,704.69,165,269
PA169,YYZ,LAX,2027-05-19,142.43,21,175
PA180,PVG,SIN,2027-05-19,396.11,127,223
PA181,NRT,YVR,2027-05-19,208.36,146,274
PA184,YVR,HKG,2027-05-19,135.1,45,164
PA197,NRT,HKG,2027-05-19,151.28,21,175
PA205,YYZ,LHR,2027-05-19,208.81,220,291
PA207,LAX,YYZ,2027-05-19,453.79,169,217
PA212,NRT,YVR,2027-05-19,492.63,87,259
PA219,LHR,JFK,2027-05-19,718.89,69,293
PA221,LAX,NRT,2027-05-19,783.34,151,191
PA226,HKG,YYZ,2027-05-19,239.7,93,206
PA229,JFK,CDG,2027-05-19,329.78,57,252
PA233,YYZ,PVG,2027-05-19,225.0,106,216
PA239,PVG,HKG,2027-05-19,463.94,84,150
PA246,JFK,LHR,2027-05-19,310.66,24,295
PA251,JFK,LAX,2027-05-19,298.65,116,171
PA261,HKG,SIN,2027-05-19,135.15,66,268
PA273,JFK,YYZ,2027-05-19,368.12,18,209
PA280,LHR,JFK,2027-05-19,627.43,73,226
PA293,PVG,YYZ,2027-05-19,684.44,85,214
PA294,HKG,YYZ,2027-05-19,624.32,46,154
PA101,LAX,SIN,2027-05-20,256.25,126,212
PA104,LAX,YYZ,2027-05-20,453.75,12,209
PA105,YYZ,JFK,2027-05-20,239.19,76,293
PA109,LHR,YYZ,2027-05-20,208.84,146,221
PA118,YYZ,LHR,2027-05-20,294.58,166,247
PA127,NRT,HKG,2027-05-20,248.84,97,230
PA129,PVG,SIN,2027-05-20,285.42,102,186
PA146,NRT,LAX,2027-05-20,742.95,136,285
PA164,LAX,YYZ,2027-05-20,192.62,25,288
PA167,YYZ,LHR,2027-05-20,348.01,161,260
PA173,LAX,NRT,2027-05-20,410.19,132,169
PA181,NRT,YVR,2027-05-20,208.36,121,274
PA185,HKG,YYZ,2027-05-20,743.57,120,278
PA186,HKG,SIN,2027-05-20,139.82,45,190
PA204,YYZ,LHR,2027-05-20,285.13,11,184
PA210,LHR,YYZ,2027-05-20,545.98,99,183
PA217,LHR,CDG,2027-05-20,729.25,75,160
PA218,LAX,YYZ,2027-05-20,566.85,164,213
PA221,LAX,NRT,2027-05-20,783.34,101,191
PA245,PVG,YYZ,2027-05-20,574.12,79,247
PA246,JFK,LHR,2027-05-20,310.66,156,295
PA257,SIN,PVG,2027-05-20,236.1,176,297
PA265,PVG,NRT,2027-05-20,398.72,204,279
PA271,YVR,YYZ,2027-05-20,290.2,15,210
PA292,CDG,LHR,2027-05-20,626.41,85,221
PA103,PVG,HKG,2027-05-21,120.86,122,158
PA116,YYZ,YVR,2027-05-21,562.88,110,161
PA118,YYZ,LHR,2027-05-21,294.58,39,247
PA131,NRT,SIN,2027-05-21,728.48,136,259
PA137,PVG,SIN,2027-05-21,275.99,205,285
PA139,YYZ,PVG,2027-05-21,625.61,114,287
PA149,YVR,NRT,2027-05-21,140.55,22,211
PA154,HKG,SIN,2027-05-21,775.05,86,258
PA170,LHR,YYZ,2027-05-21,274.06,58,177
PA183,NRT,SIN,2027-05-21,142.67,125,288
PA184,YVR,HKG,2027-05-21,135.1,82,164
PA186,HKG,SIN,2027-05-21,139.82,20,190
PA192,NRT,SIN,2027-05-21,465.95,214,294
PA194,YVR,HKG,2027-05-21,285.93,18,211
PA204,YYZ,LHR,2027-05-21,285.13,107,184
PA209,PVG,HKG,2027-05-21,130.86,107,220
PA220,PVG,YYZ,2027-05-21,748.03,79,189
PA250,PVG,NRT,2027-05-21,457.82,47,204
PA256,YYZ,YVR,2027-05-21,390.11,177,266
PA261,HKG,SIN,2027-05-21,135.15,116,268
PA262,LAX,NRT,2027-05-21,419.52,80,181
PA279,NRT,HKG,2027-05-21,433.89,147,247
PA294,HKG,YYZ,2027-05-21,624.32,118,154
PA295,YYZ,LAX,2027-05-21,256.96,20,239
PA298,SIN,NRT,2027-05-21,266.98,73,189
PA100,SIN,PVG,2027-05-22,117.51,26,178
PA124,YVR,HKG,2027-05-22,260.33,56,164
PA128,HKG,PVG,2027-05-22,719.28,198,251
PA130,LAX,NRT,2027-05-22,477.28,222,293
PA135,JFK,LAX,2027-05-22,517.49,58,258
PA145,JFK,YYZ,2027-05-22,633.76,58,245
PA151,HKG,PVG,2027-05-22,784.59,41,167
PA166,HKG,YYZ,2027-05-22,233.29,200,254
PA170,LHR,YYZ,2027-05-22,274.06,105,177
PA172,PVG,HKG,2027-05-22,294.98,16,196
PA178,YYZ,LAX,2027-05-22,365.28,119,192
PA185,HKG,YYZ,2027-05-22,743.57,153,278
PA187,HKG,NRT,2027-05-22,695.94,36,170
PA203,NRT,YVR,2027-05-22,752.23,112,226
PA206,YVR,YYZ,2027-05-22,602.33,26,203
PA212,NRT,YVR,2027-05-22,492.63,118,259
PA237,HKG,NRT,2027-05-22,369.64,137,179
PA257,SIN,PVG,2027-05-22,236.1,17,297
PA263,PVG,SIN,2027-05-22,791.52,96,285
PA266,NRT,YVR,2027-05-22,728.05,129,264
PA270,LAX,SIN,2027-05-22,154.24,175,262
PA271,YVR,YYZ,2027-05-22,290.2,18,210
PA275,PVG,YYZ,2027-05-22,479.83,174,234
PA277,PVG,YYZ,2027-05-22,733.39,188,249
PA283,LAX,SIN,2027-05-22,439.95,174,261
PA113,PVG,SIN,2027-05-23,187.38,224,287
PA116,YYZ,YVR,2027-05-23,562.88,46,161
PA118,YYZ,LHR,2027-05-23,294.58,31,247
PA130,LAX,NRT,2027-05-23,477.28,67,293
PA132,CDG,JFK,2027-05-23,253.52,72,242
PA136,CDG,LHR,2027-05-23,517.12,129,247
PA150,NRT,HKG,2027-05-23,159.96,121,170
PA153,HKG,YYZ,2027-05-23,215.59,211,290
PA154,HKG,SIN,2027-05-23,775.05,196,258
PA155,NRT,LAX,2027-05-23,599.06,160,201
PA165,NRT,HKG,2027-05-23,430.87,49,297
PA173,LAX,NRT,2027-05-23,410.19,69,169
PA175,NRT,LAX,2027-05-23,778.3,115,153
PA177,HKG,YYZ,2027-05-23,705.26,26,204
PA179,CDG,LHR,2027-05-23,748.56,122,217
PA183,NRT,SIN,2027-05-23,142.67,39,288
PA193,LAX,HKG,2027-05-23,568.81,160,202
PA195,YYZ,HKG,2027-05-23,420.06,16,226
PA212,NRT,YVR,2027-05-23,492.63,20,259
PA215,LHR,CDG,2027-05-23,486.77,92,299
PA219,LHR,JFK,2027-05-23,718.89,142,293
PA224,LAX,NRT,2027-05-23,211.44,94,218
PA245,PVG,YYZ,2027-05-23,574.12,171,247
PA265,PVG,NRT,2027-05-23,398.72,205,279
PA272,YVR,HKG,2027-05-23,156.4,79,288
PA280,LHR,JFK,2027-05-23,627.43,150,226
PA282,NRT,LAX,2027-05-23,441.76,145,206
PA285,CDG,JFK,2027-05-23,688.35,114,192
PA287,CDG,JFK,2027-05-23,564.1,92,294
PA298,SIN,NRT,2027-05-23,266.98,55,189
PA299,HKG,YYZ,2027-05-23,494.78,67,179
PA107,NRT,SIN,2027-05-24,666.6,18,221
PA113,PVG,SIN,2027-05-24,187.38,193,287
PA127,NRT,HKG,2027-05-24,248.84,91,230
PA129,PVG,SIN,2027-05-24,285.42,21,186
PA130,LAX,NRT,2027-05-24,477.28,127,293
PA158,LAX,JFK,2027-05-24,336.66,88,166
PA165,NRT,HKG,2027-05-24,430.87,181,297
PA172,PVG,HKG,2027-05-24,294.98,14,196
PA181,NRT,YVR,2027-05-24,208.36,194,274
PA182,YVR,YYZ,2027-05-24,778.1,139,205
PA203,NRT,YVR,2027-05-24,752.23,85,226
PA207,LAX,YYZ,2027-05-24,453.79,134,217
PA212,NRT,YVR,2027-05-24,492.63,96,259
PA223,LHR,YYZ,2027-05-24,661.56,145,255
PA229,JFK,CDG,2027-05-24,329.78,153,252
PA231,HKG,NRT,2027-05-24,575.66,47,252
PA232,NRT,LAX,2027-05-24,757.47,40,234
PA245,PVG,YYZ,2027-05-24,574.12,181,247
PA246,JFK,LHR,2027-05-24,310.66,192,295
PA256,YYZ,YVR,2027-05-24,390.11,144,266
PA257,SIN,PVG,2027-05-24,236.1,164,297
PA258,CDG,LHR,2027-05-24,379.76,49,276
PA260,YYZ,LHR,2027-05-24,253.19,84,258
PA269,HKG,SIN,2027-05-24,538.72,122,274
PA270,LAX,SIN,2027-05-24,154.24,117,262
PA273,JFK,YYZ,2027-05-24,368.12,99,209
PA299,HKG,YYZ,2027-05-24,494.78,65,179
PA101,LAX,SIN,2027-05-25,256.25,41,212
PA111,YYZ,LHR,2027-05-25,693.25,188,241
PA124,YVR,HKG,2027-05-25,260.33,13,164
PA131,NRT,SIN,2027-05-25,728.48,135,259
PA141,JFK,LAX,2027-05-25,102.27,130,266
PA147,SIN,HKG,2027-05-25,442.02,57,232
PA152,NRT,LAX,2027-05-25,189.87,100,182
PA154,HKG,SIN,2027-05-25,775.05,166,258
PA164,LAX,YYZ,2027-05-25,192.62,137,288
PA168,PVG,YYZ,2027-05-25,704.69,94,269
PA191,YYZ,LAX,2027-05-25,393.46,77,170
PA198,LAX,YYZ,2027-05-25,285.64,102,279
PA200,LHR,CDG,2027-05-25,210.42,49,222
PA208,LAX,HKG,2027-05-25,164.61,73,163
PA209,PVG,HKG,2027-05-25,130.86,138,220
PA213,YYZ,PVG,2027-05-25,761.54,133,169
PA222,JFK,LHR,2027-05-25,117.35,119,255
PA225,YYZ,LHR,2027-05-25,710.52,86,247
PA226,HKG,YYZ,2027-05-25,239.7,80,206
PA249,SIN,HKG,2027-05-25,425.49,58,232
PA253,LAX,NRT,2027-05-25,257.25,156,229
PA260,YYZ,LHR,2027-05-25,253.19,101,258
PA278,NRT,SIN,2027-05-25,699.71,13,155
PA283,LAX,SIN,2027-05-25,439.95,63,261
PA100,SIN,PVG,2027-05-26,117.51,14,178
PA109,LHR,YYZ,2027-05-26,208.84,29,221
PA115,SIN,PVG,2027-05-26,504.15,84,242
PA120,LHR,JFK,2027-05-26,569.12,161,203
PA127,NRT,HKG,2027-05-26,248.84,112,230
PA135,JFK,LAX,2027-05-26,517.49,91,258
PA136,CDG,LHR,2027-05-26,517.12,28,247
PA147,SIN,HKG,2027-05-26,442.02,109,232
PA152,NRT,LAX,2027-05-26,189.87,128,182
PA154,HKG,SIN,2027-05-26,775.05,133,258
PA158,LAX,JFK,2027-05-26,336.66,63,166
PA159,NRT,SIN,2027-05-26,261.08,213,291
PA171,JFK,CDG,2027-05-26,414.03,90,287
PA175,NRT,LAX,2027-05-26,778.3,25,153
PA177,HKG,YYZ,2027-05-26,705.26,141,204
PA181,NRT,YVR,2027-05-26,208.36,106,274
PA187,HKG,NRT,2027-05-26,695.94,50,170
PA193,LAX,HKG,2027-05-26,568.81,79,202
PA194,YVR,HKG,2027-05-26,285.93,89,211
PA198,LAX,YYZ,2027-05-26,285.64,57,279
PA199,LHR,JFK,2027-05-26,715.49,88,167
PA200,LHR,CDG,2027-05-26,210.42,49,222
PA203,NRT,YVR,2027-05-26,752.23,78,226
PA204,YYZ,LHR,2027-05-26,285.13,72,184
PA206,YVR,YYZ,2027-05-26,602.33,23,203
PA216,PVG,HKG,2027-05-26,129.28,40,182
PA218,LAX,YYZ,2027-05-26,566.85,28,213
PA222,JFK,LHR,2027-05-26,117.35,185,255
PA226,HKG,YYZ,2027-05-26,239.7,121,206
PA228,LAX,JFK,2027-05-26,116.57,147,207
PA232,NRT,LAX,2027-05-26,757.47,156,234
PA236,YVR,HKG,2027-05-26,524.35,126,261
PA241,YYZ,YVR,2027-05-26,536.21,127,234
PA243,PVG,YYZ,2027-05-26,381.68,117,233
PA245,PVG,YYZ,2027-05-26,574.12,70,247
PA252,SIN,PVG,2027-05-26,165.37,100,235
PA253,LAX,NRT,2027-05-26,257.25,93,229
PA274,JFK,YYZ,2027-05-26,144.96,151,204
PA102,YYZ,LHR,2027-05-27,160.86,36,289
PA120,LHR,JFK,2027-05-27,569.12,76,203
PA127,NRT,HKG,2027-05-27,248.84,45,230
PA134,YYZ,LAX,2027-05-27,206.99,61,178
PA137,PVG,SIN,2027-05-27,275.99,82,285
PA155,NRT,LAX,2027-05-27,599.06,55,201
PA158,LAX,JFK,2027-05-27,336.66,55,166
PA186,HKG,SIN,2027-05-27,139.82,84,190
PA190,NRT,HKG,2027-05-27,505.24,32,213
PA204,YYZ,LHR,2027-05-27,285.13,26,184
PA219,LHR,JFK,2027-05-27,718.89,33,293
PA222,JFK,LHR,2027-05-27,117.35,175,255
PA227,PVG,SIN,2027-05-27,313.63,174,239
PA232,NRT,LAX,2027-05-27,757.47,100,234
PA266,NRT,YVR,2027-05-27,728.05,92,264
PA275,PVG,YYZ,2027-05-27,479.83,96,234
PA278,NRT,SIN,2027-05-27,699.71,16,155
PA281,PVG,YYZ,2027-05-27,623.26,128,287
PA282,NRT,LAX,2027-05-27,441.76,107,206
PA104,LAX,YYZ,2027-05-28,453.75,137,209
PA117,YVR,YYZ,2027-05-28,698.72,22,170
PA120,LHR,JFK,2027-05-28,569.12,40,203
PA149,YVR,NRT,2027-05-28,140.55,163,211
PA156,CDG,JFK,2027-05-28,406.67,28,245
PA175,NRT,LAX,2027-05-28,778.3,37,153
PA186,HKG,SIN,2027-05-28,139.82,133,190
PA190,NRT,HKG,2027-05-28,505.24,90,213
PA197,NRT,HKG,2027-05-28,151.28,42,175
PA209,PVG,HKG,2027-05-28,130.86,125,220
PA215,LHR,CDG,2027-05-28,486.77,142,299
PA219,LHR,JFK,2027-05-28,718.89,93,293
PA221,LAX,NRT,2027-05-28,783.34,107,191
PA233,YYZ,PVG,2027-05-28,225.0,106,216
PA259,JFK,YYZ,2027-05-28,724.86,53,151
PA265,PVG,NRT,2027-05-28,398.72,91,279
PA266,NRT,YVR,2027-05-28,728.05,144,264
PA269,HKG,SIN,2027-05-28,538.72,164,274
PA272,YVR,HKG,2027-05-28,156.4,100,288
PA277,PVG,YYZ,2027-05-28,733.39,90,249
PA287,CDG,JFK,2027-05-28,564.1,174,294
PA293,PVG,YYZ,2027-05-28,684.44,55,214
PA109,LHR,YYZ,2027-05-29,208.84,97,221
PA110,LHR,YYZ,2027-05-29,164.92,44,176
PA112,SIN,HKG,2027-05-29,664.99,148,217
PA116,YYZ,YVR,2027-05-29,562.88,38,161
PA117,YVR,YYZ,2027-05-29,698.72,80,170
PA118,YYZ,LHR,2027-05-29,294.58,142,247
PA119,SIN,PVG,2027-05-29,213.86,52,243
PA131,NRT,SIN,2027-05-29,728.48,69,259
PA133,YYZ,HKG,2027-05-29,445.46,138,280
PA138,NRT,YVR,2027-05-29,576.2,114,152
PA144,YVR,NRT,2027-05-29,526.28,115,279
PA146,NRT,LAX,2027-05-29,742.95,69,285
PA147,SIN,HKG,2027-05-29,442.02,135,232
PA151,HKG,PVG,2027-05-29,784.59,86,167
PA176,LAX,NRT,2027-05-29,384.49,94,192
PA195,YYZ,HKG,2027-05-29,420.06,19,226
PA206,YVR,YYZ,2027-05-29,602.33,150,203
PA221,LAX,NRT,2027-05-29,783.34,24,191
PA233,YYZ,PVG,2027-05-29,225.0,33,216
PA246,JFK,LHR,2027-05-29,310.66,131,295
PA252,SIN,PVG,2027-05-29,165.37,137,235
PA282,NRT,LAX,2027-05-29,441.76,50,206
PA284,CDG,LHR,2027-05-29,568.21,54,236
PA297,LAX,NRT,2027-05-29,687.46,71,201
PA100,SIN,PVG,2027-05-30,117.51,119,178
PA101,LAX,SIN,2027-05-30,256.25,105,212
PA104,LAX,YYZ,2027-05-30,453.75,25,209
PA117,YVR,YYZ,2027-05-30,698.72,132,170
PA118,YYZ,LHR,2027-05-30,294.58,33,247
PA123,LAX,SIN,2027-05-30,253.73,45,292
PA154,HKG,SIN,2027-05-30,775.05,77,258
PA163,LAX,NRT,2027-05-30,568.28,159,221
PA164,LAX,YYZ,2027-05-30,192.62,130,288
PA167,YYZ,LHR,2027-05-30,348.01,26,260
PA171,JFK,CDG,2027-05-30,414.03,159,287
PA192,NRT,SIN,2027-05-30,465.95,59,294
PA198,LAX,YYZ,2027-05-30,285.64,75,279
PA199,LHR,JFK,2027-05-30,715.49,132,167
PA203,NRT,YVR,2027-05-30,752.23,62,226
PA224,LAX,NRT,2027-05-30,211.44,171,218
PA234,LAX,HKG,2027-05-30,175.88,127,159
PA235,PVG,HKG,2027-05-30,609.98,172,238
PA240,NRT,LAX,2027-05-30,354.96,46,200
PA244,YVR,YYZ,2027-05-30,189.1,16,291
PA253,LAX,NRT,2027-05-30,257.25,143,229
PA268,LAX,NRT,2027-05-30,636.07,69,220
PA283,LAX,SIN,2027-05-30,439.95,14,261
PA103,PVG,HKG,2027-05-31,120.86,33,158
PA114,CDG,LHR,2027-05-31,486.43,12,170
PA117,YVR,YYZ,2027-05-31,698.72,30,170
PA120,LHR,JFK,2027-05-31,569.12,34,203
PA126,YYZ,YVR,2027-05-31,739.2,159,204
PA140,LHR,YYZ,2027-05-31,305.45,92,178
PA153,HKG,YYZ,2027-05-31,215.59,147,290
PA159,NRT,SIN,2027-05-31,261.08,15,291
PA166,HKG,YYZ,2027-05-31,233.29,17,254
PA185,HKG,YYZ,2027-05-31,743.57,114,278
PA197,NRT,HKG,2027-05-31,151.28,90,175
PA205,YYZ,LHR,2027-05-31,208.81,107,291
PA207,LAX,YYZ,2027-05-31,453.79,121,217
PA214,JFK,YYZ,2027-05-31,125.22,40,289
PA227,PVG,SIN,2027-05-31,313.63,134,239
PA231,HKG,NRT,2027-05-31,575.66,106,252
PA239,PVG,HKG,2027-05-31,463.94,92,150
PA246,JFK,LHR,2027-05-31,310.66,91,295
PA252,SIN,PVG,2027-05-31,165.37,141,235
PA261,HKG,SIN,2027-05-31,135.15,98,268
PA270,LAX,SIN,2027-05-31,154.24,126,262
PA273,JFK,YYZ,2027-05-31,368.12,12,209
PA283,LAX,SIN,2027-05-31,439.95,207,261
PA285,CDG,JFK,2027-05-31,688.35,11,192
PA288,YYZ,YVR,2027-05-31,194.99,156,259
PA290,CDG,LHR,2027-05-31,248.16,63,233
PA116,YYZ,YVR,2027-06-01,562.88,115,161
PA121,YYZ,YVR,2027-06-01,473.9,72,193
PA133,YYZ,HKG,2027-06-01,445.46,179,280
PA145,JFK,YYZ,2027-06-01,633.76,138,245
PA147,SIN,HKG,2027-06-01,442.02,161,232
PA148,YYZ,PVG,2027-06-01,715.11,174,242
PA153,HKG,YYZ,2027-06-01,215.59,45,290
PA155,NRT,LAX,2027-06-01,599.06,22,201
PA165,NRT,HKG,2027-06-01,430.87,51,297
PA170,LHR,YYZ,2027-06-01,274.06,136,177
PA191,YYZ,LAX,2027-06-01,393.46,51,170
PA202,HKG,SIN,2027-06-01,567.5,74,152
PA211,LAX,HKG,2027-06-01,618.86,31,191
PA214,JFK,YYZ,2027-06-01,125.22,158,289
PA229,JFK,CDG,2027-06-01,329.78,87,252
PA235,PVG,HKG,2027-06-01,609.98,114,238
PA254,JFK,CDG,2027-06-01,117.1,79,187
PA263,PVG,SIN,2027-06-01,791.52,34,285
PA270,LAX,SIN,2027-06-01,154.24,73,262
PA273,JFK,YYZ,2027-06-01,368.12,116,209
PA289,PVG,SIN,2027-06-01,135.2,140,196
PA290,CDG,LHR,2027-06-01,248.16,25,233
PA297,LAX,NRT,2027-06-01,687.46,56,201
PA117,YVR,YYZ,2027-06-02,698.72,71,170
PA135,JFK,LAX,2027-06-02,517.49,144,258
PA136,CDG,LHR,2027-06-02,517.12,85,247
PA146,NRT,LAX,2027-06-02,742.95,183,285
PA150,NRT,HKG,2027-06-02,159.96,101,170
PA154,HKG,SIN,2027-06-02,775.05,191,258
PA160,LAX,JFK,2027-06-02,149.7,23,151
PA170,LHR,YYZ,2027-06-02,274.06,14,177
PA172,PVG,HKG,2027-06-02,294.98,58,196
PA176,LAX,NRT,2027-06-02,384.49,150,192
PA188,YYZ,YVR,2027-06-02,572.65,25,167
PA192,NRT,SIN,2027-06-02,465.95,179,294
PA200,LHR,CDG,2027-06-02,210.42,73,222
PA203,NRT,YVR,2027-06-02,752.23,80,226
PA209,PVG,HKG,2027-06-02,130.86,113,220
PA210,LHR,YYZ,2027-06-02,545.98,105,183
PA221,LAX,NRT,2027-06-02,783.34,60,191
PA225,YYZ,LHR,2027-06-02,710.52,142,247
PA234,LAX,HKG,2027-06-02,175.88,127,159
PA241,YYZ,YVR,2027-06-02,536.21,122,234
PA247,NRT,YVR,2027-06-02,312.71,46,150
PA261,HKG,SIN,2027-06-02,135.15,87,268
PA267,HKG,YYZ,2027-06-02,281.43,121,265
PA269,HKG,SIN,2027-06-02,538.72,111,274
PA271,YVR,YYZ,2027-06-02,290.2,63,210
PA276,PVG,YYZ,2027-06-02,244.78,33,165
PA281,PVG,YYZ,2027-06-02,623.26,201,287
PA293,PVG,YYZ,2027-06-02,684.44,170,214
PA101,LAX,SIN,2027-06-03,256.25,22,212
PA104,LAX,YYZ,2027-06-03,453.75,62,209
PA107,NRT,SIN,2027-06-03,666.6,105,221
PA128,HKG,PVG,2027-06-03,719.28,31,251
PA132,CDG,JFK,2027-06-03,253.52,57,242
PA135,JFK,LAX,2027-06-03,517.49,59,258
PA144,YVR,NRT,2027-06-03,526.28,110,279
PA157,HKG,SIN,2027-06-03,184.7,204,265
PA162,YYZ,LAX,2027-06-03,149.6,47,234
PA166,HKG,YYZ,2027-06-03,233.29,173,254
PA172,PVG,HKG,2027-06-03,294.98,156,196
PA175,NRT,LAX,2027-06-03,778.3,39,153
PA178,YYZ,LAX,2027-06-03,365.28,24,192
PA200,LHR,CDG,2027-06-03,210.42,43,222
PA201,NRT,LAX,2027-06-03,528.17,70,227
PA208,LAX,HKG,2027-06-03,164.61,8,163
PA221,LAX,NRT,2027-06-03,783.34,111,191
PA222,JFK,LHR,2027-06-03,117.35,164,255
PA224,LAX,NRT,2027-06-03,211.44,81,218
PA234,LAX,HKG,2027-06-03,175.88,98,159
PA240,NRT,LAX,2027-06-03,354.96,151,200
PA248,LAX,YYZ,2027-06-03,650.03,33,260
PA249,SIN,HKG,2027-06-03,425.49,156,232
PA253,LAX,NRT,2027-06-03,257.25,83,229
PA262,LAX,NRT,2027-06-03,419.52,27,181
PA278,NRT,SIN,2027-06-03,699.71,51,155
PA283,LAX,SIN,2027-06-03,439.95,106,261
PA293,PVG,YYZ,2027-06-03,684.44,24,214
PA294,HKG,YYZ,2027-06-03,624.32,84,154
PA123,LAX,SIN,2027-06-04,253.73,89,292
PA127,NRT,HKG,2027-06-04,248.84,173,230
PA129,PVG,SIN,2027-06-04,285.42,56,186
PA131,NRT,SIN,2027-06-04,728.48,77,259
PA134,YYZ,LAX,2027-06-04,206.99,68,178
PA137,PVG,SIN,2027-06-04,275.99,206,285
PA158,LAX,JFK,2027-06-04,336.66,35,166
PA161,SIN,PVG,2027-06-04,260.26,41,165
PA180,PVG,SIN,2027-06-04,396.11,54,223
PA182,YVR,YYZ,2027-06-04,778.1,149,205
PA187,HKG,NRT,2027-06-04,695.94,132,170
PA202,HKG,SIN,2027-06-04,567.5,106,152
PA207,LAX,YYZ,2027-06-04,453.79,96,217
PA208,LAX,HKG,2027-06-04,164.61,46,163
PA220,PVG,YYZ,2027-06-04,748.03,127,189
PA228,LAX,JFK,2027-06-04,116.57,12,207
PA234,LAX,HKG,2027-06-04,175.88,106,159
PA248,LAX,YYZ,2027-06-04,650.03,98,260
PA259,JFK,YYZ,2027-06-04,724.86,13,151
PA268,LAX,NRT,2027-06-04,636.07,139,220
PA270,LAX,SIN,2027-06-04,154.24,196,262
PA273,JFK,YYZ,2027-06-04,368.12,55,209
PA276,PVG,YYZ,2027-06-04,244.78,117,165
PA101,LAX,SIN,2027-06-05,256.25,129,212
PA116,YYZ,YVR,2027-06-05,562.88,125,161
PA122,LAX,NRT,2027-06-05,423.58,49,191
PA132,CDG,JFK,2027-06-05,253.52,41,242
PA138,NRT,YVR,2027-06-05,576.2,24,152
PA152,NRT,LAX,2027-06-05,189.87,50,182
PA155,NRT,LAX,2027-06-05,599.06,119,201
PA158,LAX,JFK,2027-06-05,336.66,86,166
PA162,YYZ,LAX,2027-06-05,149.6,150,234
PA167,YYZ,LHR,2027-06-05,348.01,55,260
PA168,PVG,YYZ,2027-06-05,704.69,188,269
PA177,HKG,YYZ,2027-06-05,705.26,126,204
PA178,YYZ,LAX,2027-06-05,365.28,17,192
PA187,HKG,NRT,2027-06-05,695.94,43,170
PA211,LAX,HKG,2027-06-05,618.86,114,191
PA223,LHR,YYZ,2027-06-05,661.56,181,255
PA229,JFK,CDG,2027-06-05,329.78,104,252
PA233,YYZ,PVG,2027-06-05,225.0,116,216
PA237,HKG,NRT,2027-06-05,369.64,81,179
PA242,YYZ,PVG,2027-06-05,454.99,138,226
PA244,YVR,YYZ,2027-06-05,189.1,16,291
PA251,JFK,LAX,2027-06-05,298.65,34,171
PA252,SIN,PVG,2027-06-05,165.37,168,235
PA253,LAX,NRT,2027-06-05,257.25,155,229
PA257,SIN,PVG,2027-06-05,236.1,81,297
PA265,PVG,NRT,2027-06-05,398.72,144,279
PA101,LAX,SIN,2027-06-06,256.25,70,212
PA103,PVG,HKG,2027-06-06,120.86,32,158
PA122,LAX,NRT,2027-06-06,423.58,78,191
PA134,YYZ,LAX,2027-06-06,206.99,18,178
PA169,YYZ,LAX,2027-06-06,142.43,124,175
PA181,NRT,YVR,2027-06-06,208.36,127,274
PA187,HKG,NRT,2027-06-06,695.94,112,170
PA197,NRT,HKG,2027-06-06,151.28,139,175
PA201,NRT,LAX,2027-06-06,528.17,174,227
PA202,HKG,SIN,2027-06-06,567.5,63,152
PA203,NRT,YVR,2027-06-06,752.23,94,226
PA204,YYZ,LHR,2027-06-06,285.13,42,184
PA207,LAX,YYZ,2027-06-06,453.79,43,217
PA213,YYZ,PVG,2027-06-06,761.54,19,169
PA218,LAX,YYZ,2027-06-06,566.85,97,213
PA220,PVG,YYZ,2027-06-06,748.03,125,189
PA222,JFK,LHR,2027-06-06,117.35,75,255
PA249,SIN,HKG,2027-06-06,425.49,176,232
PA250,PVG,NRT,2027-06-06,457.82,61,204
PA254,JFK,CDG,2027-06-06,117.1,120,187
PA259,JFK,YYZ,2027-06-06,724.86,89,151
PA260,YYZ,LHR,2027-06-06,253.19,124,258
PA265,PVG,NRT,2027-06-06,398.72,134,279
PA273,JFK,YYZ,2027-06-06,368.12,50,209
PA278,NRT,SIN,2027-06-06,699.71,110,155
PA281,PVG,YYZ,2027-06-06,623.26,154,287
PA133,YYZ,HKG,2027-06-07,445.46,158,280
PA136,CDG,LHR,2027-06-07,517.12,120,247
PA140,LHR,YYZ,2027-06-07,305.45,13,178
PA144,YVR,NRT,2027-06-07,526.28,50,279
PA148,YYZ,PVG,2027-06-07,715.11,148,242
PA152,NRT,LAX,2027-06-07,189.87,86,182
PA155,NRT,LAX,2027-06-07,599.06,23,201
PA164,LAX,YYZ,2027-06-07,192.62,144,288
PA166,HKG,YYZ,2027-06-07,233.29,171,254
PA172,PVG,HKG,2027-06-07,294.98,51,196
PA180,PVG,SIN,2027-06-07,396.11,145,223
PA188,YYZ,YVR,2027-06-07,572.65,34,167
PA201,NRT,LAX,2027-06-07,528.17,113,227
PA204,YYZ,LHR,2027-06-07,285.13,69,184
PA207,LAX,YYZ,2027-06-07,453.79,115,217
PA234,LAX,HKG,2027-06-07,175.88,111,159
PA245,PVG,YYZ,2027-06-07,574.12,190,247
PA247,NRT,YVR,2027-06-07,312.71,105,150
PA253,LAX,NRT,2027-06-07,257.25,132,229
PA254,JFK,CDG,2027-06-07,117.1,107,187
PA260,YYZ,LHR,2027-06-07,253.19,155,258
PA269,HKG,SIN,2027-06-07,538.72,129,274
PA280,LHR,JFK,2027-06-07,627.43,138,226
PA281,PVG,YYZ,2027-06-07,623.26,109,287
PA284,CDG,LHR,2027-06-07,568.21,72,236
PA294,HKG,YYZ,2027-06-07,624.32,22,154
PA106,NRT,LAX,2027-06-08,254.31,144,257
PA130,LAX,NRT,2027-06-08,477.28,72,293
PA131,NRT,SIN,2027-06-08,728.48,83,259
PA140,LHR,YYZ,2027-06-08,305.45,38,178
PA163,LAX,NRT,2027-06-08,568.28,83,221
PA164,LAX,YYZ,2027-06-08,192.62,123,288
PA185,HKG,YYZ,2027-06-08,743.57,198,278
PA187,HKG,NRT,2027-06-08,695.94,90,170
PA188,YYZ,YVR,2027-06-08,572.65,50,167
PA193,LAX,HKG,2027-06-08,568.81,47,202
PA204,YYZ,LHR,2027-06-08,285.13,71,184
PA207,LAX,YYZ,2027-06-08,453.79,156,217
PA213,YYZ,PVG,2027-06-08,761.54,114,169
PA227,PVG,SIN,2027-06-08,313.63,102,239
PA235,PVG,HKG,2027-06-08,609.98,69,238
PA239,PVG,HKG,2027-06-08,463.94,99,150
PA243,PVG,YYZ,2027-06-08,381.68,91,233
PA250,PVG,NRT,2027-06-08,457.82,123,204
PA260,YYZ,LHR,2027-06-08,253.19,91,258
PA271,YVR,YYZ,2027-06-08,290.2,85,210
PA278,NRT,SIN,2027-06-08,699.71,102,155
PA279,NRT,HKG,2027-06-08,433.89,51,247
PA281,PVG,YYZ,2027-06-08,623.26,131,287
PA289,PVG,SIN,2027-06-08,135.2,156,196
PA295,YYZ,LAX,2027-06-08,256.96,135,239
PA103,PVG,HKG,2027-06-09,120.86,112,158
PA116,YYZ,YVR,2027-06-09,562.88,120,161
PA117,YVR,YYZ,2027-06-09,698.72,65,170
PA119,SIN,PVG,2027-06-09,213.86,136,243
PA121,YYZ,YVR,2027-06-09,473.9,151,193
PA123,LAX,SIN,2027-06-09,253.73,75,292
PA127,NRT,HKG,2027-06-09,248.84,61,230
PA139,YYZ,PVG,2027-06-09,625.61,121,287
PA142,LAX,HKG,2027-06-09,633.37,133,278
PA143,HKG,NRT,2027-06-09,709.36,141,177
PA154,HKG,SIN,2027-06-09,775.05,69,258
PA157,HKG,SIN,2027-06-09,184.7,89,265
PA161,SIN,PVG,2027-06-09,260.26,109,165
PA164,LAX,YYZ,2027-06-09,192.62,136,288
PA177,HKG,YYZ,2027-06-09,705.26,42,204
PA178,YYZ,LAX,2027-06-09,365.28,117,192
PA194,YVR,HKG,2027-06-09,285.93,117,211
PA198,LAX,YYZ,2027-06-09,285.64,85,279
PA200,LHR,CDG,2027-06-09,210.42,101,222
PA202,HKG,SIN,2027-06-09,567.5,113,152
PA206,YVR,YYZ,2027-06-09,602.33,160,203
PA209,PVG,HKG,2027-06-09,130.86,29,220
PA227,PVG,SIN,2027-06-09,313.63,101,239
PA232,NRT,LAX,2027-06-09,757.47,157,234
PA243,PVG,YYZ,2027-06-09,381.68,125,233
PA245,PVG,YYZ,2027-06-09,574.12,112,247
PA255,LAX,NRT,2027-06-09,527.89,196,271
PA256,YYZ,YVR,2027-06-09,390.11,46,266
PA272,YVR,HKG,2027-06-09,156.4,136,288
PA275,PVG,YYZ,2027-06-09,479.83,114,234
PA278,NRT,SIN,2027-06-09,699.71,117,155
PA280,LHR,JFK,2027-06-09,627.43,108,226
PA281,PVG,YYZ,2027-06-09,623.26,127,287
PA282,NRT,LAX,2027-06-09,441.76,96,206
PA283,LAX,SIN,2027-06-09,439.95,181,261
PA287,CDG,JFK,2027-06-09,564.1,85,294
PA292,CDG,LHR,2027-06-09,626.41,160,221
PA299,HKG,YYZ,2027-06-09,494.78,80,179
PA105,YYZ,JFK,2027-06-10,239.19,62,293
PA112,SIN,HKG,2027-06-10,664.99,92,217
PA116,YYZ,YVR,2027-06-10,562.88,87,161
PA135,JFK,LAX,2027-06-10,517.49,70,258
PA140,LHR,YYZ,2027-06-10,305.45,118,178
PA142,LAX,HKG,2027-06-10,633.37,193,278
PA155,NRT,LAX,2027-06-10,599.06,99,201
PA160,LAX,JFK,2027-06-10,149.7,113,151
PA165,NRT,HKG,2027-06-10,430.87,44,297
PA171,JFK,CDG,2027-06-10,414.03,35,287
PA177,HKG,YYZ,2027-06-10,705.26,78,204
PA182,YVR,YYZ,2027-06-10,778.1,71,205
PA185,HKG,YYZ,2027-06-10,743.57,58,278
PA188,YYZ,YVR,2027-06-10,572.65,43,167
PA199,LHR,JFK,2027-06-10,715.49,18,167
PA205,YYZ,LHR,2027-06-10,208.81,40,291
PA206,YVR,YYZ,2027-06-10,602.33,116,203
PA211,LAX,HKG,2027-06-10,618.86,67,191
PA216,PVG,HKG,2027-06-10,129.28,30,182
PA222,JFK,LHR,2027-06-10,117.35,61,255
PA223,LHR,YYZ,2027-06-10,661.56,130,255
PA235,PVG,HKG,2027-06-10,609.98,76,238
PA255,LAX,NRT,2027-06-10,527.89,168,271
PA271,YVR,YYZ,2027-06-10,290.2,145,210
PA290,CDG,LHR,2027-06-10,248.16,148,233
PA104,LAX,YYZ,2027-06-11,453.75,98,209
PA106,NRT,LAX,2027-06-11,254.31,162,257
PA111,YYZ,LHR,2027-06-11,693.25,30,241
PA120,LHR,JFK,2027-06-11,569.12,34,203
PA123,LAX,SIN,2027-06-11,253.73,82,292
PA128,HKG,PVG,2027-06-11,719.28,180,251
PA129,PVG,SIN,2027-06-11,285.42,62,186
PA133,YYZ,HKG,2027-06-11,445.46,167,280
PA139,YYZ,PVG,2027-06-11,625.61,68,287
PA145,JFK,YYZ,2027-06-11,633.76,118,245
PA152,NRT,LAX,2027-06-11,189.87,117,182
PA154,HKG,SIN,2027-06-11,775.05,154,258
PA155,NRT,LAX,2027-06-11,599.06,117,201
PA161,SIN,PVG,2027-06-11,260.26,84,165
PA165,NRT,HKG,2027-06-11,430.87,136,297
PA167,YYZ,LHR,2027-06-11,348.01,93,260
PA176,LAX,NRT,2027-06-11,384.49,59,192
PA201,NRT,LAX,2027-06-11,528.17,150,227
PA206,YVR,YYZ,2027-06-11,602.33,130,203
PA208,LAX,HKG,2027-06-11,164.61,110,163
PA218,LAX,YYZ,2027-06-11,566.85,73,213
PA219,LHR,JFK,2027-06-11,718.89,114,293
PA220,PVG,YYZ,2027-06-11,748.03,28,189
PA223,LHR,YYZ,2027-06-11,661.56,113,255
PA230,YYZ,YVR,2027-06-11,345.8,97,221
PA232,NRT,LAX,2027-06-11,757.47,46,234
PA242,YYZ,PVG,2027-06-11,454.99,173,226
PA247,NRT,YVR,2027-06-11,312.71,84,150
PA257,SIN,PVG,2027-06-11,236.1,226,297
PA270,LAX,SIN,2027-06-11,154.24,45,262
PA277,PVG,YYZ,2027-06-11,733.39,145,249
PA281,PVG,YYZ,2027-06-11,623.26,133,287
PA297,LAX,NRT,2027-06-11,687.46,78,201
PA298,SIN,NRT,2027-06-11,266.98,115,189
PA299,HKG,YYZ,2027-06-11,494.78,68,179
PA102,YYZ,LHR,2027-06-12,160.86,72,289
PA105,YYZ,JFK,2027-06-12,239.19,57,293
PA117,YVR,YYZ,2027-06-12,698.72,103,170
PA126,YYZ,YVR,2027-06-12,739.2,142,204
PA127,NRT,HKG,2027-06-12,248.84,150,230
PA147,SIN,HKG,2027-06-12,442.02,136,232
PA161,SIN,PVG,2027-06-12,260.26,19,165
PA173,LAX,NRT,2027-06-12,410.19,37,169
PA177,HKG,YYZ,2027-06-12,705.26,117,204
PA191,YYZ,LAX,2027-06-12,393.46,132,170
PA193,LAX,HKG,2027-06-12,568.81,36,202
PA194,YVR,HKG,2027-06-12,285.93,119,211
PA197,NRT,HKG,2027-06-12,151.28,128,175
PA201,NRT,LAX,2027-06-12,528.17,177,227
PA203,NRT,YVR,2027-06-12,752.23,85,226
PA210,LHR,YYZ,2027-06-12,545.98,90,183
PA211,LAX,HKG,2027-06-12,618.86,95,191
PA212,NRT,YVR,2027-06-12,492.63,92,259
PA214,JFK,YYZ,2027-06-12,125.22,175,289
PA221,LAX,NRT,2027-06-12,783.34,128,191
PA228,LAX,JFK,2027-06-12,116.57,97,207
PA229,JFK,CDG,2027-06-12,329.78,66,252
PA234,LAX,HKG,2027-06-12,175.88,41,159
PA235,PVG,HKG,2027-06-12,609.98,154,238
PA240,NRT,LAX,2027-06-12,354.96,79,200
PA249,SIN,HKG,2027-06-12,425.49,42,232
PA255,LAX,NRT,2027-06-12,527.89,57,271
PA260,YYZ,LHR,2027-06-12,253.19,17,258
PA266,NRT,YVR,2027-06-12,728.05,192,264
PA267,HKG,YYZ,2027-06-12,281.43,14,265
PA102,YYZ,LHR,2027-06-13,160.86,30,289
PA103,PVG,HKG,2027-06-13,120.86,51,158
PA105,YYZ,JFK,2027-06-13,239.19,51,293
PA108,YYZ,JFK,2027-06-13,588.7,106,190
PA122,LAX,NRT,2027-06-13,423.58,139,191
PA128,HKG,PVG,2027-06-13,719.28,88,251
PA130,LAX,NRT,2027-06-13,477.28,184,293
PA135,JFK,LAX,2027-06-13,517.49,170,258
PA140,LHR,YYZ,2027-06-13,305.45,9,178
PA144,YVR,NRT,2027-06-13,526.28,44,279
PA146,NRT,LAX,2027-06-13,742.95,97,285
PA147,SIN,HKG,2027-06-13,442.02,96,232
PA148,YYZ,PVG,2027-06-13,715.11,60,242
PA155,NRT,LAX,2027-06-13,599.06,85,201
PA161,SIN,PVG,2027-06-13,260.26,53,165
PA162,YYZ,LAX,2027-06-13,149.6,91,234
PA163,LAX,NRT,2027-06-13,568.28,65,221
PA164,LAX,YYZ,2027-06-13,192.62,211,288
PA175,NRT,LAX,2027-06-13,778.3,75,153
PA179,CDG,LHR,2027-06-13,748.56,11,217
PA182,YVR,YYZ,2027-06-13,778.1,66,205
PA191,YYZ,LAX,2027-06-13,393.46,77,170
PA195,YYZ,HKG,2027-06-13,420.06,131,226
PA208,LAX,HKG,2027-06-13,164.61,96,163
PA217,LHR,CDG,2027-06-13,729.25,25,160
PA219,LHR,JFK,2027-06-13,718.89,41,293
PA221,LAX,NRT,2027-06-13,783.34,27,191
PA229,JFK,CDG,2027-06-13,329.78,63,252
PA232,NRT,LAX,2027-06-13,757.47,98,234
PA237,HKG,NRT,2027-06-13,369.64,10,179
PA247,NRT,YVR,2027-06-13,312.71,25,150
PA249,SIN,HKG,2027-06-13,425.49,75,232
PA258,CDG,LHR,2027-06-13,379.76,183,276
PA263,PVG,SIN,2027-06-13,791.52,164,285
PA285,CDG,JFK,2027-06-13,688.35,91,192
PA289,PVG,SIN,2027-06-13,135.2,59,196
PA290,CDG,LHR,2027-06-13,248.16,150,233
PA298,SIN,NRT,2027-06-13,266.98,65,189
PA103,PVG,HKG,2027-06-14,120.86,120,158
PA141,JFK,LAX,2027-06-14,102.27,110,266
PA149,YVR,NRT,2027-06-14,140.55,145,211
PA150,NRT,HKG,2027-06-14,159.96,13,170
PA152,NRT,LAX,2027-06-14,189.87,62,182
PA188,YYZ,YVR,2027-06-14,572.65,132,167
PA221,LAX,NRT,2027-06-14,783.34,102,191
PA222,JFK,LHR,2027-06-14,117.35,153,255
PA223,LHR,YYZ,2027-06-14,661.56,175,255
PA224,LAX,NRT,2027-06-14,211.44,88,218
PA228,LAX,JFK,2027-06-14,116.57,101,207
PA231,HKG,NRT,2027-06-14,575.66,102,252
PA246,JFK,LHR,2027-06-14,310.66,30,295
PA250,PVG,NRT,2027-06-14,457.82,115,204
PA282,NRT,LAX,2027-06-14,441.76,46,206
PA294,HKG,YYZ,2027-06-14,624.32,89,154
PA297,LAX,NRT,2027-06-14,687.46,27,201
PA100,SIN,PVG,2027-06-15,117.51,13,178
PA104,LAX,YYZ,2027-06-15,453.75,40,209
PA117,YVR,YYZ,2027-06-15,698.72,113,170
PA118,YYZ,LHR,2027-06-15,294.58,143,247
PA125,YYZ,LAX,2027-06-15,380.82,60,230
PA134,YYZ,LAX,2027-06-15,206.99,29,178
PA155,NRT,LAX,2027-06-15,599.06,46,201
PA168,PVG,YYZ,2027-06-15,704.69,78,269
PA172,PVG,HKG,2027-06-15,294.98,59,196
PA179,CDG,LHR,2027-06-15,748.56,12,217
PA181,NRT,YVR,2027-06-15,208.36,109,274
PA198,LAX,YYZ,2027-06-15,285.64,100,279
PA201,NRT,LAX,2027-06-15,528.17,108,227
PA204,YYZ,LHR,2027-06-15,285.13,133,184
PA213,YYZ,PVG,2027-06-15,761.54,62,169
PA215,LHR,CDG,2027-06-15,486.77,156,299
PA221,LAX,NRT,2027-06-15,783.34,24,191
PA236,YVR,HKG,2027-06-15,524.35,62,261
PA237,HKG,NRT,2027-06-15,369.64,59,179
PA238,NRT,HKG,2027-06-15,278.31,143,198
PA258,CDG,LHR,2027-06-15,379.76,130,276
PA259,JFK,YYZ,2027-06-15,724.86,31,151
PA279,NRT,HKG,2027-06-15,433.89,95,247
PA296,YYZ,YVR,2027-06-15,627.96,126,160
PA108,YYZ,JFK,2027-06-16,588.7,28,190
PA110,LHR,YYZ,2027-06-16,164.92,120,176
PA130,LAX,NRT,2027-06-16,477.28,57,293
PA134,YYZ,LAX,2027-06-16,206.99,80,178
PA135,JFK,LAX,2027-06-16,517.49,83,258
PA136,CDG,LHR,2027-06-16,517.12,174,247
PA144,YVR,NRT,2027-06-16,526.28,111,279
PA161,SIN,PVG,2027-06-16,260.26,61,165
PA174,NRT,YVR,2027-06-16,135.41,132,175
PA177,HKG,YYZ,2027-06-16,705.26,40,204
PA182,YVR,YYZ,2027-06-16,778.1,28,205
PA193,LAX,HKG,2027-06-16,568.81,117,202
PA200,LHR,CDG,2027-06-16,210.42,101,222
PA216,PVG,HKG,2027-06-16,129.28,63,182
PA235,PVG,HKG,2027-06-16,609.98,27,238
PA240,NRT,LAX,2027-06-16,354.96,130,200
PA243,PVG,YYZ,2027-06-16,381.68,160,233
PA255,LAX,NRT,2027-06-16,527.89,45,271
PA264,SIN,HKG,2027-06-16,765.03,118,231
PA276,PVG,YYZ,2027-06-16,244.78,81,165
PA281,PVG,YYZ,2027-06-16,623.26,31,287
PA283,LAX,SIN,2027-06-16,439.95,203,261
PA290,CDG,LHR,2027-06-16,248.16,139,233
PA110,LHR,YYZ,2027-06-17,164.92,83,176
PA125,YYZ,LAX,2027-06-17,380.82,51,230
PA131,NRT,SIN,2027-06-17,728.48,149,259
PA140,LHR,YYZ,2027-06-17,305.45,135,178
PA147,SIN,HKG,2027-06-17,442.02,185,232
PA149,YVR,NRT,2027-06-17,140.55,41,211
PA157,HKG,SIN,2027-06-17,184.7,156,265
PA159,NRT,SIN,2027-06-17,261.08,209,291
PA160,LAX,JFK,2027-06-17,149.7,28,151
PA164,LAX,YYZ,2027-06-17,192.62,21,288
PA165,NRT,HKG,2027-06-17,430.87,76,297
PA173,LAX,NRT,2027-06-17,410.19,72,169
PA187,HKG,NRT,2027-06-17,695.94,19,170
PA190,NRT,HKG,2027-06-17,505.24,159,213
PA196,YYZ,YVR,2027-06-17,420.8,44,152
PA201,NRT,LAX,2027-06-17,528.17,133,227
PA202,HKG,SIN,2027-06-17,567.5,17,152
PA204,YYZ,LHR,2027-06-17,285.13,133,184
PA205,YYZ,LHR,2027-06-17,208.81,135,291
PA206,YVR,YYZ,2027-06-17,602.33,56,203
PA213,YYZ,PVG,2027-06-17,761.54,132,169
PA218,LAX,YYZ,2027-06-17,566.85,20,213
PA227,PVG,SIN,2027-06-17,313.63,81,239
PA228,LAX,JFK,2027-06-17,116.57,26,207
PA232,NRT,LAX,2027-06-17,757.47,71,234
PA236,YVR,HKG,2027-06-17,524.35,28,261
PA239,PVG,HKG,2027-06-17,463.94,32,150
PA244,YVR,YYZ,2027-06-17,189.1,218,291
PA247,NRT,YVR,2027-06-17,312.71,96,150
PA265,PVG,NRT,2027-06-17,398.72,133,279
PA275,PVG,YYZ,2027-06-17,479.83,116,234
PA276,PVG,YYZ,2027-06-17,244.78,113,165
PA280,LHR,JFK,2027-06-17,627.43,108,226
PA105,YYZ,JFK,2027-06-18,239.19,198,293
PA107,NRT,SIN,2027-06-18,666.6,37,221
PA132,CDG,JFK,2027-06-18,253.52,18,242
PA134,YYZ,LAX,2027-06-18,206.99,21,178
PA142,LAX,HKG,2027-06-18,633.37,141,278
PA148,YYZ,PVG,2027-06-18,715.11,73,242
PA150,NRT,HKG,2027-06-18,159.96,131,170
PA181,NRT,YVR,2027-06-18,208.36,123,274
PA189,LAX,NRT,2027-06-18,183.92,66,253
PA194,YVR,HKG,2027-06-18,285.93,84,211
PA196,YYZ,YVR,2027-06-18,420.8,48,152
PA197,NRT,HKG,2027-06-18,151.28,12,175
PA210,LHR,YYZ,2027-06-18,545.98,71,183
PA223,LHR,YYZ,2027-06-18,661.56,55,255
PA226,HKG,YYZ,2027-06-18,239.7,49,206
PA229,JFK,CDG,2027-06-18,329.78,101,252
PA230,YYZ,YVR,2027-06-18,345.8,47,221
PA240,NRT,LAX,2027-06-18,354.96,18,200
PA245,PVG,YYZ,2027-06-18,574.12,22,247
PA251,JFK,LAX,2027-06-18,298.65,105,171
PA253,LAX,NRT,2027-06-18,257.25,55,229
PA255,LAX,NRT,2027-06-18,527.89,178,271
PA263,PVG,SIN,2027-06-18,791.52,158,285
PA265,PVG,NRT,2027-06-18,398.72,145,279
PA284,CDG,LHR,2027-06-18,568.21,57,236
PA287,CDG,JFK,2027-06-18,564.1,108,294
PA290,CDG,LHR,2027-06-18,248.16,104,233
PA101,LAX,SIN,2027-06-19,256.25,11,212
PA106,NRT,LAX,2027-06-19,254.31,61,257
PA108,YYZ,JFK,2027-06-19,588.7,116,190
PA110,LHR,YYZ,2027-06-19,164.92,133,176
PA111,YYZ,LHR,2027-06-19,693.25,159,241
PA119,SIN,PVG,2027-06-19,213.86,79,243
PA120,LHR,JFK,2027-06-19,569.12,22,203
PA123,LAX,SIN,2027-06-19,253.73,217,292
PA126,YYZ,YVR,2027-06-19,739.2,53,204
PA127,NRT,HKG,2027-06-19,248.84,132,230
PA136,CDG,LHR,2027-06-19,517.12,126,247
PA139,YYZ,PVG,2027-06-19,625.61,189,287
PA140,LHR,YYZ,2027-06-19,305.45,23,178
PA160,LAX,JFK,2027-06-19,149.7,32,151
PA169,YYZ,LAX,2027-06-19,142.43,68,175
PA175,NRT,LAX,2027-06-19,778.3,46,153
PA215,LHR,CDG,2027-06-19,486.77,169,299
PA220,PVG,YYZ,2027-06-19,748.03,82,189
PA235,PVG,HKG,2027-06-19,609.98,156,238
PA237,HKG,NRT,2027-06-19,369.64,115,179
PA265,PVG,NRT,2027-06-19,398.72,97,279
PA267,HKG,YYZ,2027-06-19,281.43,193,265
PA272,YVR,HKG,2027-06-19,156.4,125,288
PA286,YYZ,HKG,2027-06-19,118.88,98,286
PA288,YYZ,YVR,2027-06-19,194.99,170,259
PA295,YYZ,LAX,2027-06-19,256.96,141,239
PA102,YYZ,LHR,2027-06-20,160.86,132,289
PA106,NRT,LAX,2027-06-20,254.31,54,257
PA115,SIN,PVG,2027-06-20,504.15,126,242
PA125,YYZ,LAX,2027-06-20,380.82,87,230
PA129,PVG,SIN,2027-06-20,285.42,15,186
PA193,LAX,HKG,2027-06-20,568.81,34,202
PA194,YVR,HKG,2027-06-20,285.93,137,211
PA199,LHR,JFK,2027-06-20,715.49,126,167
PA208,LAX,HKG,2027-06-20,164.61,40,163
PA209,PVG,HKG,2027-06-20,130.86,128,220
PA211,LAX,HKG,2027-06-20,618.86,15,191
PA228,LAX,JFK,2027-06-20,116.57,81,207
PA240,NRT,LAX,2027-06-20,354.96,94,200
PA246,JFK,LHR,2027-06-20,310.66,104,295
PA248,LAX,YYZ,2027-06-20,650.03,135,260
PA249,SIN,HKG,2027-06-20,425.49,111,232
PA261,HKG,SIN,2027-06-20,135.15,207,268
PA265,PVG,NRT,2027-06-20,398.72,193,279
PA267,HKG,YYZ,2027-06-20,281.43,15,265
PA272,YVR,HKG,2027-06-20,156.4,52,288
PA279,NRT,HKG,2027-06-20,433.89,142,247
PA280,LHR,JFK,2027-06-20,627.43,34,226
PA297,LAX,NRT,2027-06-20,687.46,93,201
PA119,SIN,PVG,2027-06-21,213.86,77,243
PA124,YVR,HKG,2027-06-21,260.33,107,164
PA129,PVG,SIN,2027-06-21,285.42,124,186
PA130,LAX,NRT,2027-06-21,477.28,92,293
PA134,YYZ,LAX,2027-06-21,206.99,95,178
PA144,YVR,NRT,2027-06-21,526.28,198,279
PA167,YYZ,LHR,2027-06-21,348.01,174,260
PA168,PVG,YYZ,2027-06-21,704.69,16,269
PA173,LAX,NRT,2027-06-21,410.19,20,169
PA177,HKG,YYZ,2027-06-21,705.26,11,204
PA190,NRT,HKG,2027-06-21,505.24,139,213
PA194,YVR,HKG,2027-06-21,285.93,80,211
PA210,LHR,YYZ,2027-06-21,545.98,141,183
PA221,LAX,NRT,2027-06-21,783.34,94,191
PA223,LHR,YYZ,2027-06-21,661.56,98,255
PA224,LAX,NRT,2027-06-21,211.44,155,218
PA243,PVG,YYZ,2027-06-21,381.68,169,233
PA244,YVR,YYZ,2027-06-21,189.1,84,291
PA250,PVG,NRT,2027-06-21,457.82,121,204
PA259,JFK,YYZ,2027-06-21,724.86,69,151
PA270,LAX,SIN,2027-06-21,154.24,139,262
PA276,PVG,YYZ,2027-06-21,244.78,57,165
PA278,NRT,SIN,2027-06-21,699.71,43,155
PA284,CDG,LHR,2027-06-21,568.21,25,236
PA100,SIN,PVG,2027-06-22,117.51,73,178
PA102,YYZ,LHR,2027-06-22,160.86,27,289
PA103,PVG,HKG,2027-06-22,120.86,115,158
PA119,SIN,PVG,2027-06-22,213.86,149,243
PA129,PVG,SIN,2027-06-22,285.42,57,186
PA132,CDG,JFK,2027-06-22,253.52,139,242
PA156,CDG,JFK,2027-06-22,406.67,146,245
PA157,HKG,SIN,2027-06-22,184.7,131,265
PA163,LAX,NRT,2027-06-22,568.28,59,221
PA167,YYZ,LHR,2027-06-22,348.01,29,260
PA174,NRT,YVR,2027-06-22,135.41,112,175
PA183,NRT,SIN,2027-06-22,142.67,18,288
PA193,LAX,HKG,2027-06-22,568.81,159,202
PA199,LHR,JFK,2027-06-22,715.49,83,167
PA203,NRT,YVR,2027-06-22,752.23,23,226
PA205,YYZ,LHR,2027-06-22,208.81,48,291
PA208,LAX,HKG,2027-06-22,164.61,125,163
PA216,PVG,HKG,2027-06-22,129.28,101,182
PA231,HKG,NRT,2027-06-22,575.66,145,252
PA235,PVG,HKG,2027-06-22,609.98,141,238
PA250,PVG,NRT,2027-06-22,457.82,13,204
PA272,YVR,HKG,2027-06-22,156.4,114,288
PA274,JFK,YYZ,2027-06-22,144.96,110,204
PA282,NRT,LAX,2027-06-22,441.76,33,206
PA105,YYZ,JFK,2027-06-23,239.19,122,293
PA111,YYZ,LHR,2027-06-23,693.25,29,241
PA114,CDG,LHR,2027-06-23,486.43,113,170
PA120,LHR,JFK,2027-06-23,569.12,24,203
PA137,PVG,SIN,2027-06-23,275.99,198,285
PA147,SIN,HKG,2027-06-23,442.02,85,232
PA177,HKG,YYZ,2027-06-23,705.26,110,204
PA185,HKG,YYZ,2027-06-23,743.57,81,278
PA187,HKG,NRT,2027-06-23,695.94,102,170
PA194,YVR,HKG,2027-06-23,285.93,167,211
PA203,NRT,YVR,2027-06-23,752.23,61,226
PA225,YYZ,LHR,2027-06-23,710.52,149,247
PA228,LAX,JFK,2027-06-23,116.57,138,207
PA242,YYZ,PVG,2027-06-23,454.99,140,226
PA266,NRT,YVR,2027-06-23,728.05,81,264
PA268,LAX,NRT,2027-06-23,636.07,129,220
PA275,PVG,YYZ,2027-06-23,479.83,59,234
PA289,PVG,SIN,2027-06-23,135.2,136,196
PA121,YYZ,YVR,2027-06-24,473.9,31,193
PA128,HKG,PVG,2027-06-24,719.28,175,251
PA132,CDG,JFK,2027-06-24,253.52,73,242
PA134,YYZ,LAX,2027-06-24,206.99,10,178
PA139,YYZ,PVG,2027-06-24,625.61,99,287
PA147,SIN,HKG,2027-06-24,442.02,174,232
PA159,NRT,SIN,2027-06-24,261.08,92,291
PA170,LHR,YYZ,2027-06-24,274.06,81,177
PA171,JFK,CDG,2027-06-24,414.03,35,287
PA180,PVG,SIN,2027-06-24,396.11,124,223
PA240,NRT,LAX,2027-06-24,354.96,142,200
PA248,LAX,YYZ,2027-06-24,650.03,71,260
PA264,SIN,HKG,2027-06-24,765.03,26,231
PA265,PVG,NRT,2027-06-24,398.72,149,279
PA268,LAX,NRT,2027-06-24,636.07,126,220
PA269,HKG,SIN,2027-06-24,538.72,61,274
PA280,LHR,JFK,2027-06-24,627.43,127,226
PA286,YYZ,HKG,2027-06-24,118.88,88,286
PA298,SIN,NRT,2027-06-24,266.98,137,189
PA118,YYZ,LHR,2027-06-25,294.58,77,247
PA120,LHR,JFK,2027-06-25,569.12,27,203
PA126,YYZ,YVR,2027-06-25,739.2,22,204
PA131,NRT,SIN,2027-06-25,728.48,105,259
PA145,JFK,YYZ,2027-06-25,633.76,19,245
PA146,NRT,LAX,2027-06-25,742.95,25,285
PA148,YYZ,PVG,2027-06-25,715.11,84,242
PA150,NRT,HKG,2027-06-25,159.96,30,170
PA162,YYZ,LAX,2027-06-25,149.6,162,234
PA163,LAX,NRT,2027-06-25,568.28,106,221
PA174,NRT,YVR,2027-06-25,135.41,50,175
PA179,CDG,LHR,2027-06-25,748.56,122,217
PA185,HKG,YYZ,2027-06-25,743.57,81,278
PA188,YYZ,YVR,2027-06-25,572.65,69,167
PA191,YYZ,LAX,2027-06-25,393.46,71,170
PA194,YVR,HKG,2027-06-25,285.93,128,211
PA200,LHR,CDG,2027-06-25,210.42,160,222
PA201,NRT,LAX,2027-06-25,528.17,70,227
PA209,PVG,HKG,2027-06-25,130.86,15,220
PA212,NRT,YVR,2027-06-25,492.63,79,259
PA213,YYZ,PVG,2027-06-25,761.54,41,169
PA221,LAX,NRT,2027-06-25,783.34,49,191
PA225,YYZ,LHR,2027-06-25,710.52,29,247
PA228,LAX,JFK,2027-06-25,116.57,48,207
PA229,JFK,CDG,2027-06-25,329.78,152,252
PA236,YVR,HKG,2027-06-25,524.35,132,261
PA237,HKG,NRT,2027-06-25,369.64,130,179
PA238,NRT,HKG,2027-06-25,278.31,63,198
PA245,PVG,YYZ,2027-06-25,574.12,163,247
PA252,SIN,PVG,2027-06-25,165.37,53,235
PA261,HKG,SIN,2027-06-25,135.15,98,268
PA264,SIN,HKG,2027-06-25,765.03,107,231
PA266,NRT,YVR,2027-06-25,728.05,59,264
PA275,PVG,YYZ,2027-06-25,479.83,61,234
PA282,NRT,LAX,2027-06-25,441.76,147,206
PA121,YYZ,YVR,2027-06-26,473.9,52,193
PA123,LAX,SIN,2027-06-26,253.73,129,292
PA125,YYZ,LAX,2027-06-26,380.82,166,230
PA146,NRT,LAX,2027-06-26,742.95,144,285
PA148,YYZ,PVG,2027-06-26,715.11,70,242
PA149,YVR,NRT,2027-06-26,140.55,42,211
PA152,NRT,LAX,2027-06-26,189.87,142,182
PA186,HKG,SIN,2027-06-26,139.82,75,190
PA190,NRT,HKG,2027-06-26,505.24,45,213
PA198,LAX,YYZ,2027-06-26,285.64,130,279
PA202,HKG,SIN,2027-06-26,567.5,113,152
PA203,NRT,YVR,2027-06-26,752.23,102,226
PA207,LAX,YYZ,2027-06-26,453.79,22,217
PA211,LAX,HKG,2027-06-26,618.86,61,191
PA232,NRT,LAX,2027-06-26,757.47,85,234
PA233,YYZ,PVG,2027-06-26,225.0,73,216
PA235,PVG,HKG,2027-06-26,609.98,182,238
PA239,PVG,HKG,2027-06-26,463.94,66,150
PA250,PVG,NRT,2027-06-26,457.82,72,204
PA261,HKG,SIN,2027-06-26,135.15,150,268
PA268,LAX,NRT,2027-06-26,636.07,90,220
PA272,YVR,HKG,2027-06-26,156.4,35,288
PA273,JFK,YYZ,2027-06-26,368.12,47,209
PA280,LHR,JFK,2027-06-26,627.43,27,226
PA281,PVG,YYZ,2027-06-26,623.26,174,287
PA287,CDG,JFK,2027-06-26,564.1,110,294
PA288,YYZ,YVR,2027-06-26,194.99,159,259
PA291,YVR,HKG,2027-06-26,632.86,56,236
PA298,SIN,NRT,2027-06-26,266.98,116,189
PA101,LAX,SIN,2027-06-27,256.25,48,212
PA117,YVR,YYZ,2027-06-27,698.72,108,170
PA120,LHR,JFK,2027-06-27,569.12,94,203
PA138,NRT,YVR,2027-06-27,576.2,71,152
PA139,YYZ,PVG,2027-06-27,625.61,188,287
PA144,YVR,NRT,2027-06-27,526.28,89,279
PA154,HKG,SIN,2027-06-27,775.05,41,258
PA178,YYZ,LAX,2027-06-27,365.28,92,192
PA183,NRT,SIN,2027-06-27,142.67,197,288
PA188,YYZ,YVR,2027-06-27,572.65,78,167
PA191,YYZ,LAX,2027-06-27,393.46,68,170
PA192,NRT,SIN,2027-06-27,465.95,192,294
PA197,NRT,HKG,2027-06-27,151.28,83,175
PA215,LHR,CDG,2027-06-27,486.77,200,299
PA216,PVG,HKG,2027-06-27,129.28,82,182
PA217,LHR,CDG,2027-06-27,729.25,66,160
PA224,LAX,NRT,2027-06-27,211.44,65,218
PA226,HKG,YYZ,2027-06-27,239.7,68,206
PA231,HKG,NRT,2027-06-27,575.66,96,252
PA255,LAX,NRT,2027-06-27,527.89,76,271
PA257,SIN,PVG,2027-06-27,236.1,164,297
PA258,CDG,LHR,2027-06-27,379.76,169,276
PA269,HKG,SIN,2027-06-27,538.72,210,274
PA286,YYZ,HKG,2027-06-27,118.88,18,286
PA288,YYZ,YVR,2027-06-27,194.99,133,259
PA289,PVG,SIN,2027-06-27,135.2,151,196
PA293,PVG,YYZ,2027-06-27,684.44,155,214
PA105,YYZ,JFK,2027-06-28,239.19,203,293
PA113,PVG,SIN,2027-06-28,187.38,46,287
PA118,YYZ,LHR,2027-06-28,294.58,33,247
PA129,PVG,SIN,2027-06-28,285.42,43,186
PA138,NRT,YVR,2027-06-28,576.2,103,152
PA153,HKG,YYZ,2027-06-28,215.59,123,290
PA155,NRT,LAX,2027-06-28,599.06,96,201
PA176,LAX,NRT,2027-06-28,384.49,76,192
PA196,YYZ,YVR,2027-06-28,420.8,115,152
PA200,LHR,CDG,2027-06-28,210.42,12,222
PA220,PVG,YYZ,2027-06-28,748.03,10,189
PA236,YVR,HKG,2027-06-28,524.35,76,261
PA240,NRT,LAX,2027-06-28,354.96,140,200
PA250,PVG,NRT,2027-06-28,457.82,71,204
PA254,JFK,CDG,2027-06-28,117.1,109,187
PA255,LAX,NRT,2027-06-28,527.89,131,271
PA256,YYZ,YVR,2027-06-28,390.11,128,266
PA259,JFK,YYZ,2027-06-28,724.86,75,151
PA265,PVG,NRT,2027-06-28,398.72,102,279
PA271,YVR,YYZ,2027-06-28,290.2,89,210
PA278,NRT,SIN,2027-06-28,699.71,30,155
PA285,CDG,JFK,2027-06-28,688.35,92,192
PA288,YYZ,YVR,2027-06-28,194.99,26,259
PA291,YVR,HKG,2027-06-28,632.86,65,236
PA294,HKG,YYZ,2027-06-28,624.32,64,154
PA101,LAX,SIN,2027-06-29,256.25,53,212
PA123,LAX,SIN,2027-06-29,253.73,31,292
PA131,NRT,SIN,2027-06-29,728.48,153,259
PA133,YYZ,HKG,2027-06-29,445.46,165,280
PA158,LAX,JFK,2027-06-29,336.66,131,166
PA163,LAX,NRT,2027-06-29,568.28,126,221
PA170,LHR,YYZ,2027-06-29,274.06,61,177
PA174,NRT,YVR,2027-06-29,135.41,56,175
PA176,LAX,NRT,2027-06-29,384.49,14,192
PA185,HKG,YYZ,2027-06-29,743.57,216,278
PA186,HKG,SIN,2027-06-29,139.82,128,190
PA189,LAX,NRT,2027-06-29,183.92,162,253
PA197,NRT,HKG,2027-06-29,151.28,101,175
PA201,NRT,LAX,2027-06-29,528.17,100,227
PA220,PVG,YYZ,2027-06-29,748.03,101,189
PA237,HKG,NRT,2027-06-29,369.64,78,179
PA241,YYZ,YVR,2027-06-29,536.21,127,234
PA242,YYZ,PVG,2027-06-29,454.99,158,226
PA247,NRT,YVR,2027-06-29,312.71,16,150
PA251,JFK,LAX,2027-06-29,298.65,47,171
PA253,LAX,NRT,2027-06-29,257.25,44,229
PA260,YYZ,LHR,2027-06-29,253.19,169,258
PA265,PVG,NRT,2027-06-29,398.72,149,279
PA277,PVG,YYZ,2027-06-29,733.39,168,249
PA285,CDG,JFK,2027-06-29,688.35,124,192
PA291,YVR,HKG,2027-06-29,632.86,123,236
PA292,CDG,LHR,2027-06-29,626.41,107,221
PA293,PVG,YYZ,2027-06-29,684.44,141,214
PA101,LAX,SIN,2027-06-30,256.25,82,212
PA102,YYZ,LHR,2027-06-30,160.86,170,289
PA108,YYZ,JFK,2027-06-30,588.7,127,190
PA114,CDG,LHR,2027-06-30,486.43,49,170
PA116,YYZ,YVR,2027-06-30,562.88,117,161
PA124,YVR,HKG,2027-06-30,260.33,53,164
PA129,PVG,SIN,2027-06-30,285.42,141,186
PA161,SIN,PVG,2027-06-30,260.26,91,165
PA163,LAX,NRT,2027-06-30,568.28,156,221
PA164,LAX,YYZ,2027-06-30,192.62,184,288
PA167,YYZ,LHR,2027-06-30,348.01,69,260
PA177,HKG,YYZ,2027-06-30,705.26,44,204
PA179,CDG,LHR,2027-06-30,748.56,16,217
PA183,NRT,SIN,2027-06-30,142.67,132,288
PA187,HKG,NRT,2027-06-30,695.94,70,170
PA193,LAX,HKG,2027-06-30,568.81,126,202
PA202,HKG,SIN,2027-06-30,567.5,42,152
PA207,LAX,YYZ,2027-06-30,453.79,101,217
PA215,LHR,CDG,2027-06-30,486.77,174,299
PA221,LAX,NRT,2027-06-30,783.34,119,191
PA223,LHR,YYZ,2027-06-30,661.56,14,255
PA226,HKG,YYZ,2027-06-30,239.7,82,206
PA234,LAX,HKG,2027-06-30,175.88,42,159
PA252,SIN,PVG,2027-06-30,165.37,172,235
PA263,PVG,SIN,2027-06-30,791.52,55,285
PA271,YVR,YYZ,2027-06-30,290.2,67,210
PA273,JFK,YYZ,2027-06-30,368.12,26,209
PA275,PVG,YYZ,2027-06-30,479.83,34,234
PA289,PVG,SIN,2027-06-30,135.2,24,196
PA290,CDG,LHR,2027-06-30,248.16,45,233
PA109,LHR,YYZ,2027-07-01,208.84,144,221
PA110,LHR,YYZ,2027-07-01,164.92,44,176
PA111,YYZ,LHR,2027-07-01,693.25,150,241
PA112,SIN,HKG,2027-07-01,664.99,170,217
PA118,YYZ,LHR,2027-07-01,294.58,142,247
PA119,SIN,PVG,2027-07-01,213.86,90,243
PA127,NRT,HKG,2027-07-01,248.84,41,230
PA141,JFK,LAX,2027-07-01,102.27,153,266
PA145,JFK,YYZ,2027-07-01,633.76,173,245
PA151,HKG,PVG,2027-07-01,784.59,43,167
PA153,HKG,YYZ,2027-07-01,215.59,41,290
PA157,HKG,SIN,2027-07-01,184.7,40,265
PA165,NRT,HKG,2027-07-01,430.87,99,297
PA168,PVG,YYZ,2027-07-01,704.69,51,269
PA170,LHR,YYZ,2027-07-01,274.06,36,177
PA187,HKG,NRT,2027-07-01,695.94,37,170
PA200,LHR,CDG,2027-07-01,210.42,131,222
PA202,HKG,SIN,2027-07-01,567.5,78,152
PA204,YYZ,LHR,2027-07-01,285.13,124,184
PA211,LAX,HKG,2027-07-01,618.86,150,191
PA220,PVG,YYZ,2027-07-01,748.03,150,189
PA222,JFK,LHR,2027-07-01,117.35,58,255
PA223,LHR,YYZ,2027-07-01,661.56,125,255
PA228,LAX,JFK,2027-07-01,116.57,93,207
PA246,JFK,LHR,2027-07-01,310.66,48,295
PA276,PVG,YYZ,2027-07-01,244.78,108,165
PA279,NRT,HKG,2027-07-01,433.89,59,247
PA281,PVG,YYZ,2027-07-01,623.26,202,287
PA288,YYZ,YVR,2027-07-01,194.99,164,259
PA289,PVG,SIN,2027-07-01,135.2,74,196
PA298,SIN,NRT,2027-07-01,266.98,66,189
PA132,CDG,JFK,2027-07-02,253.52,120,242
PA138,NRT,YVR,2027-07-02,576.2,121,152
PA139,YYZ,PVG,2027-07-02,625.61,159,287
PA146,NRT,LAX,2027-07-02,742.95,55,285
PA166,HKG,YYZ,2027-07-02,233.29,123,254
PA170,LHR,YYZ,2027-07-02,274.06,12,177
PA173,LAX,NRT,2027-07-02,410.19,134,169
PA175,NRT,LAX,2027-07-02,778.3,80,153
PA185,HKG,YYZ,2027-07-02,743.57,41,278
PA207,LAX,YYZ,2027-07-02,453.79,62,217
PA221,LAX,NRT,2027-07-02,783.34,108,191
PA232,NRT,LAX,2027-07-02,757.47,185,234
PA236,YVR,HKG,2027-07-02,524.35,164,261
PA244,YVR,YYZ,2027-07-02,189.1,210,291
PA245,PVG,YYZ,2027-07-02,574.12,25,247
PA250,PVG,NRT,2027-07-02,457.82,37,204
PA251,JFK,LAX,2027-07-02,298.65,112,171
PA263,PVG,SIN,2027-07-02,791.52,113,285
PA273,JFK,YYZ,2027-07-02,368.12,144,209
PA279,NRT,HKG,2027-07-02,433.89,89,247
PA292,CDG,LHR,2027-07-02,626.41,83,221
PA102,YYZ,LHR,2027-07-03,160.86,46,289
PA104,LAX,YYZ,2027-07-03,453.75,64,209
PA116,YYZ,YVR,2027-07-03,562.88,106,161
PA121,YYZ,YVR,2027-07-03,473.9,31,193
PA132,CDG,JFK,2027-07-03,253.52,149,242
PA135,JFK,LAX,2027-07-03,517.49,168,258
PA142,LAX,HKG,2027-07-03,633.37,99,278
PA147,SIN,HKG,2027-07-03,442.02,103,232
PA157,HKG,SIN,2027-07-03,184.7,155,265
PA161,SIN,PVG,2027-07-03,260.26,64,165
PA166,HKG,YYZ,2027-07-03,233.29,180,254
PA170,LHR,YYZ,2027-07-03,274.06,93,177
PA183,NRT,SIN,2027-07-03,142.67,124,288
PA187,HKG,NRT,2027-07-03,695.94,22,170
PA190,NRT,HKG,2027-07-03,505.24,162,213
PA198,LAX,YYZ,2027-07-03,285.64,62,279
PA200,LHR,CDG,2027-07-03,210.42,122,222
PA207,LAX,YYZ,2027-07-03,453.79,54,217
PA217,LHR,CDG,2027-07-03,729.25,87,160
PA236,YVR,HKG,2027-07-03,524.35,38,261
PA242,YYZ,PVG,2027-07-03,454.99,116,226
PA248,LAX,YYZ,2027-07-03,650.03,117,260
PA250,PVG,NRT,2027-07-03,457.82,70,204
PA252,SIN,PVG,2027-07-03,165.37,158,235
PA257,SIN,PVG,2027-07-03,236.1,73,297
PA260,YYZ,LHR,2027-07-03,253.19,169,258
PA268,LAX,NRT,2027-07-03,636.07,41,220
PA282,NRT,LAX,2027-07-03,441.76,15,206
PA289,PVG,SIN,2027-07-03,135.2,10,196
PA297,LAX,NRT,2027-07-03,687.46,80,201
PA101,LAX,SIN,2027-07-04,256.25,134,212
PA102,YYZ,LHR,2027-07-04,160.86,194,289
PA107,NRT,SIN,2027-07-04,666.6,79,221
PA110,LHR,YYZ,2027-07-04,164.92,70,176
PA120,LHR,JFK,2027-07-04,569.12,159,203
PA131,NRT,SIN,2027-07-04,728.48,138,259
PA135,JFK,LAX,2027-07-04,517.49,197,258
PA136,CDG,LHR,2027-07-04,517.12,16,247
PA138,NRT,YVR,2027-07-04,576.2,73,152
PA152,NRT,LAX,2027-07-04,189.87,138,182
PA159,NRT,SIN,2027-07-04,261.08,180,291
PA161,SIN,PVG,2027-07-04,260.26,118,165
PA163,LAX,NRT,2027-07-04,568.28,36,221
PA184,YVR,HKG,2027-07-04,135.1,31,164
PA186,HKG,SIN,2027-07-04,139.82,89,190
PA190,NRT,HKG,2027-07-04,505.24,56,213
PA196,YYZ,YVR,2027-07-04,420.8,105,152
PA219,LHR,JFK,2027-07-04,718.89,29,293
PA223,LHR,YYZ,2027-07-04,661.56,161,255
PA236,YVR,HKG,2027-07-04,524.35,206,261
PA239,PVG,HKG,2027-07-04,463.94,67,150
PA247,NRT,YVR,2027-07-04,312.71,66,150
PA253,LAX,NRT,2027-07-04,257.25,126,229
PA254,JFK,CDG,2027-07-04,117.1,34,187
PA269,HKG,SIN,2027-07-04,538.72,192,274
PA272,YVR,HKG,2027-07-04,156.4,47,288
PA276,PVG,YYZ,2027-07-04,244.78,57,165
PA278,NRT,SIN,2027-07-04,699.71,75,155
PA280,LHR,JFK,2027-07-04,627.43,27,226
PA286,YYZ,HKG,2027-07-04,118.88,172,286
PA294,HKG,YYZ,2027-07-04,624.32,65,154
PA102,YYZ,LHR,2027-07-05,160.86,59,289
PA116,YYZ,YVR,2027-07-05,562.88,9,161
PA119,SIN,PVG,2027-07-05,213.86,62,243
PA125,YYZ,LAX,2027-07-05,380.82,82,230
PA152,NRT,LAX,2027-07-05,189.87,141,182
PA153,HKG,YYZ,2027-07-05,215.59,93,290
PA166,HKG,YYZ,2027-07-05,233.29,94,254
PA167,YYZ,LHR,2027-07-05,348.01,136,260
PA169,YYZ,LAX,2027-07-05,142.43,58,175
PA171,JFK,CDG,2027-07-05,414.03,182,287
PA173,LAX,NRT,2027-07-05,410.19,27,169
PA177,HKG,YYZ,2027-07-05,705.26,119,204
PA193,LAX,HKG,2027-07-05,568.81,37,202
PA219,LHR,JFK,2027-07-05,718.89,88,293
PA226,HKG,YYZ,2027-07-05,239.7,117,206
PA240,NRT,LAX,2027-07-05,354.96,23,200
PA246,JFK,LHR,2027-07-05,310.66,198,295
PA256,YYZ,YVR,2027-07-05,390.11,98,266
PA269,HKG,SIN,2027-07-05,538.72,130,274
PA273,JFK,YYZ,2027-07-05,368.12,129,209
PA274,JFK,YYZ,2027-07-05,144.96,21,204
PA289,PVG,SIN,2027-07-05,135.2,36,196
PA290,CDG,LHR,2027-07-05,248.16,81,233
PA297,LAX,NRT,2027-07-05,687.46,116,201
PA101,LAX,SIN,2027-07-06,256.25,95,212
PA119,SIN,PVG,2027-07-06,213.86,96,243
PA131,NRT,SIN,2027-07-06,728.48,198,259
PA135,JFK,LAX,2027-07-06,517.49,30,258
PA147,SIN,HKG,2027-07-06,442.02,125,232
PA160,LAX,JFK,2027-07-06,149.7,34,151
PA164,LAX,YYZ,2027-07-06,192.62,186,288
PA171,JFK,CDG,2027-07-06,414.03,108,287
PA179,CDG,LHR,2027-07-06,748.56,65,217
PA185,HKG,YYZ,2027-07-06,743.57,155,278
PA191,YYZ,LAX,2027-07-06,393.46,75,170
PA195,YYZ,HKG,2027-07-06,420.06,87,226
PA210,LHR,YYZ,2027-07-06,545.98,74,183
PA220,PVG,YYZ,2027-07-06,748.03,128,189
PA227,PVG,SIN,2027-07-06,313.63,46,239
PA250,PVG,NRT,2027-07-06,457.82,53,204
PA255,LAX,NRT,2027-07-06,527.89,37,271
PA258,CDG,LHR,2027-07-06,379.76,35,276
PA262,LAX,NRT,2027-07-06,419.52,81,181
PA264,SIN,HKG,2027-07-06,765.03,94,231
PA284,CDG,LHR,2027-07-06,568.21,114,236
PA298,SIN,NRT,2027-07-06,266.98,34,189
PA109,LHR,YYZ,2027-07-07,208.84,144,221
PA118,YYZ,LHR,2027-07-07,294.58,26,247
PA125,YYZ,LAX,2027-07-07,380.82,130,230
PA144,YVR,NRT,2027-07-07,526.28,148,279
PA145,JFK,YYZ,2027-07-07,633.76,75,245
PA147,SIN,HKG,2027-07-07,442.02,163,232
PA148,YYZ,PVG,2027-07-07,715.11,22,242
PA150,NRT,HKG,2027-07-07,159.96,66,170
PA173,LAX,NRT,2027-07-07,410.19,25,169
PA189,LAX,NRT,2027-07-07,183.92,131,253
PA200,LHR,CDG,2027-07-07,210.42,128,222
PA204,YYZ,LHR,2027-07-07,285.13,86,184
PA205,YYZ,LHR,2027-07-07,208.81,107,291
PA228,LAX,JFK,2027-07-07,116.57,129,207
PA229,JFK,CDG,2027-07-07,329.78,119,252
PA238,NRT,HKG,2027-07-07,278.31,156,198
PA240,NRT,LAX,2027-07-07,354.96,145,200
PA243,PVG,YYZ,2027-07-07,381.68,186,233
PA245,PVG,YYZ,2027-07-07,574.12,27,247
PA255,LAX,NRT,2027-07-07,527.89,57,271
PA259,JFK,YYZ,2027-07-07,724.86,54,151
PA260,YYZ,LHR,2027-07-07,253.19,150,258
PA264,SIN,HKG,2027-07-07,765.03,72,231
PA270,LAX,SIN,2027-07-07,154.24,151,262
PA273,JFK,YYZ,2027-07-07,368.12,142,209
PA282,NRT,LAX,2027-07-07,441.76,142,206
PA289,PVG,SIN,2027-07-07,135.2,13,196
PA295,YYZ,LAX,2027-07-07,256.96,63,239
PA112,SIN,HKG,2027-07-08,664.99,109,217
PA117,YVR,YYZ,2027-07-08,698.72,11,170
PA119,SIN,PVG,2027-07-08,213.86,111,243
PA121,YYZ,YVR,2027-07-08,473.9,59,193
PA130,LAX,NRT,2027-07-08,477.28,29,293
PA131,NRT,SIN,2027-07-08,728.48,158,259
PA138,NRT,YVR,2027-07-08,576.2,14,152
PA142,LAX,HKG,2027-07-08,633.37,54,278
PA152,NRT,LAX,2027-07-08,189.87,81,182
PA155,NRT,LAX,2027-07-08,599.06,112,201
PA174,NRT,YVR,2027-07-08,135.41,71,175
PA180,PVG,SIN,2027-07-08,396.11,177,223
PA192,NRT,SIN,2027-07-08,465.95,152,294
PA201,NRT,LAX,2027-07-08,528.17,19,227
PA215,LHR,CDG,2027-07-08,486.77,128,299
PA221,LAX,NRT,2027-07-08,783.34,145,191
PA222,JFK,LHR,2027-07-08,117.35,193,255
PA249,SIN,HKG,2027-07-08,425.49,62,232
PA250,PVG,NRT,2027-07-08,457.82,47,204
PA254,JFK,CDG,2027-07-08,117.1,46,187
PA259,JFK,YYZ,2027-07-08,724.86,54,151
PA272,YVR,HKG,2027-07-08,156.4,17,288
PA277,PVG,YYZ,2027-07-08,733.39,80,249
PA279,NRT,HKG,2027-07-08,433.89,38,247
PA294,HKG,YYZ,2027-07-08,624.32,118,154
PA295,YYZ,LAX,2027-07-08,256.96,159,239
PA299,HKG,YYZ,2027-07-08,494.78,45,179
PA123,LAX,SIN,2027-07-09,253.73,171,292
PA128,HKG,PVG,2027-07-09,719.28,129,251
PA131,NRT,SIN,2027-07-09,728.48,106,259
PA146,NRT,LAX,2027-07-09,742.95,142,285
PA157,HKG,SIN,2027-07-09,184.7,84,265
PA162,YYZ,LAX,2027-07-09,149.6,70,234
PA165,NRT,HKG,2027-07-09,430.87,90,297
PA180,PVG,SIN,2027-07-09,396.11,13,223
PA186,HKG,SIN,2027-07-09,139.82,65,190
PA196,YYZ,YVR,2027-07-09,420.8,16,152
PA201,NRT,LAX,2027-07-09,528.17,89,227
PA202,HKG,SIN,2027-07-09,567.5,117,152
PA206,YVR,YYZ,2027-07-09,602.33,136,203
PA209,PVG,HKG,2027-07-09,130.86,15,220
PA214,JFK,YYZ,2027-07-09,125.22,52,289
PA215,LHR,CDG,2027-07-09,486.77,180,299
PA224,LAX,NRT,2027-07-09,211.44,100,218
PA238,NRT,HKG,2027-07-09,278.31,103,198
PA245,PVG,YYZ,2027-07-09,574.12,195,247
PA246,JFK,LHR,2027-07-09,310.66,50,295
PA256,YYZ,YVR,2027-07-09,390.11,148,266
PA280,LHR,JFK,2027-07-09,627.43,136,226
PA282,NRT,LAX,2027-07-09,441.76,12,206
PA283,LAX,SIN,2027-07-09,439.95,137,261
PA286,YYZ,HKG,2027-07-09,118.88,133,286
PA290,CDG,LHR,2027-07-09,248.16,129,233
PA292,CDG,LHR,2027-07-09,626.41,100,221
PA297,LAX,NRT,2027-07-09,687.46,49,201
PA103,PVG,HKG,2027-07-10,120.86,78,158
PA104,LAX,YYZ,2027-07-10,453.75,92,209
PA112,SIN,HKG,2027-07-10,664.99,15,217
PA136,CDG,LHR,2027-07-10,517.12,18,247
PA143,HKG,NRT,2027-07-10,709.36,116,177
PA144,YVR,NRT,2027-07-10,526.28,207,279
PA156,CDG,JFK,2027-07-10,406.67,102,245
PA179,CDG,LHR,2027-07-10,748.56,47,217
PA193,LAX,HKG,2027-07-10,568.81,117,202
PA201,NRT,LAX,2027-07-10,528.17,126,227
PA204,YYZ,LHR,2027-07-10,285.13,48,184
PA205,YYZ,LHR,2027-07-10,208.81,62,291
PA218,LAX,YYZ,2027-07-10,566.85,147,213
PA230,YYZ,YVR,2027-07-10,345.8,125,221
PA231,HKG,NRT,2027-07-10,575.66,111,252
PA236,YVR,HKG,2027-07-10,524.35,92,261
PA241,YYZ,YVR,2027-07-10,536.21,60,234
PA243,PVG,YYZ,2027-07-10,381.68,77,233
PA254,JFK,CDG,2027-07-10,117.1,119,187
PA256,YYZ,YVR,2027-07-10,390.11,150,266
PA265,PVG,NRT,2027-07-10,398.72,193,279
PA269,HKG,SIN,2027-07-10,538.72,160,274
PA285,CDG,JFK,2027-07-10,688.35,76,192
PA296,YYZ,YVR,2027-07-10,627.96,110,160
PA299,HKG,YYZ,2027-07-10,494.78,57,179
PA102,YYZ,LHR,2027-07-11,160.86,42,289
PA109,LHR,YYZ,2027-07-11,208.84,132,221
PA110,LHR,YYZ,2027-07-11,164.92,46,176
PA116,YYZ,YVR,2027-07-11,562.88,75,161
PA120,LHR,JFK,2027-07-11,569.12,32,203
PA126,YYZ,YVR,2027-07-11,739.2,110,204
PA131,NRT,SIN,2027-07-11,728.48,162,259
PA145,JFK,YYZ,2027-07-11,633.76,189,245
PA155,NRT,LAX,2027-07-11,599.06,50,201
PA167,YYZ,LHR,2027-07-11,348.01,113,260
PA174,NRT,YVR,2027-07-11,135.41,61,175
PA180,PVG,SIN,2027-07-11,396.11,168,223
PA194,YVR,HKG,2027-07-11,285.93,143,211
PA195,YYZ,HKG,2027-07-11,420.06,22,226
PA199,LHR,JFK,2027-07-11,715.49,58,167
PA203,NRT,YVR,2027-07-11,752.23,24,226
PA206,YVR,YYZ,2027-07-11,602.33,132,203
PA208,LAX,HKG,2027-07-11,164.61,13,163
PA216,PVG,HKG,2027-07-11,129.28,48,182
PA218,LAX,YYZ,2027-07-11,566.85,49,213
PA229,JFK,CDG,2027-07-11,329.78,198,252
PA238,NRT,HKG,2027-07-11,278.31,111,198
PA247,NRT,YVR,2027-07-11,312.71,24,150
PA253,LAX,NRT,2027-07-11,257.25,156,229
PA268,LAX,NRT,2027-07-11,636.07,63,220
PA272,YVR,HKG,2027-07-11,156.4,192,288
PA276,PVG,YYZ,2027-07-11,244.78,63,165
PA282,NRT,LAX,2027-07-11,441.76,67,206
PA294,HKG,YYZ,2027-07-11,624.32,22,154
PA295,YYZ,LAX,2027-07-11,256.96,169,239
PA100,SIN,PVG,2027-07-12,117.51,17,178
PA107,NRT,SIN,2027-07-12,666.6,19,221
PA144,YVR,NRT,2027-07-12,526.28,188,279
PA147,SIN,HKG,2027-07-12,442.02,96,232
PA148,YYZ,PVG,2027-07-12,715.11,124,242
PA161,SIN,PVG,2027-07-12,260.26,12,165
PA167,YYZ,LHR,2027-07-12,348.01,103,260
PA172,PVG,HKG,2027-07-12,294.98,47,196
PA180,PVG,SIN,2027-07-12,396.11,89,223
PA182,YVR,YYZ,2027-07-12,778.1,85,205
PA183,NRT,SIN,2027-07-12,142.67,209,288
PA188,YYZ,YVR,2027-07-12,572.65,93,167
PA197,NRT,HKG,2027-07-12,151.28,119,175
PA202,HKG,SIN,2027-07-12,567.5,63,152
PA208,LAX,HKG,2027-07-12,164.61,75,163
PA215,LHR,CDG,2027-07-12,486.77,71,299
PA230,YYZ,YVR,2027-07-12,345.8,82,221
PA233,YYZ,PVG,2027-07-12,225.0,30,216
PA238,NRT,HKG,2027-07-12,278.31,23,198
PA242,YYZ,PVG,2027-07-12,454.99,94,226
PA244,YVR,YYZ,2027-07-12,189.1,60,291
PA246,JFK,LHR,2027-07-12,310.66,192,295
PA271,YVR,YYZ,2027-07-12,290.2,33,210
PA272,YVR,HKG,2027-07-12,156.4,30,288
PA295,YYZ,LAX,2027-07-12,256.96,74,239
PA297,LAX,NRT,2027-07-12,687.46,39,201
PA103,PVG,HKG,2027-07-13,120.86,122,158
PA105,YYZ,JFK,2027-07-13,239.19,92,293
PA118,YYZ,LHR,2027-07-13,294.58,50,247
PA124,YVR,HKG,2027-07-13,260.33,124,164
PA131,NRT,SIN,2027-07-13,728.48,204,259
PA142,LAX,HKG,2027-07-13,633.37,112,278
PA144,YVR,NRT,2027-07-13,526.28,209,279
PA148,YYZ,PVG,2027-07-13,715.11,127,242
PA152,NRT,LAX,2027-07-13,189.87,57,182
PA153,HKG,YYZ,2027-07-13,215.59,222,290
PA159,NRT,SIN,2027-07-13,261.08,125,291
PA173,LAX,NRT,2027-07-13,410.19,13,169
PA176,LAX,NRT,2027-07-13,384.49,150,192
PA186,HKG,SIN,2027-07-13,139.82,18,190
PA190,NRT,HKG,2027-07-13,505.24,37,213
PA201,NRT,LAX,2027-07-13,528.17,119,227
PA203,NRT,YVR,2027-07-13,752.23,31,226
PA215,LHR,CDG,2027-07-13,486.77,232,299
PA221,LAX,NRT,2027-07-13,783.34,151,191
PA232,NRT,LAX,2027-07-13,757.47,85,234
PA257,SIN,PVG,2027-07-13,236.1,135,297
PA264,SIN,HKG,2027-07-13,765.03,180,231
PA288,YYZ,YVR,2027-07-13,194.99,115,259
PA289,PVG,SIN,2027-07-13,135.2,67,196
PA129,PVG,SIN,2027-07-14,285.42,143,186
PA137,PVG,SIN,2027-07-14,275.99,44,285
PA141,JFK,LAX,2027-07-14,102.27,86,266
PA164,LAX,YYZ,2027-07-14,192.62,20,288
PA173,LAX,NRT,2027-07-14,410.19,107,169
PA175,NRT,LAX,2027-07-14,778.3,61,153
PA184,YVR,HKG,2027-07-14,135.1,86,164
PA185,HKG,YYZ,2027-07-14,743.57,15,278
PA189,LAX,NRT,2027-07-14,183.92,49,253
PA190,NRT,HKG,2027-07-14,505.24,90,213
PA192,NRT,SIN,2027-07-14,465.95,112,294
PA198,LAX,YYZ,2027-07-14,285.64,155,279
PA211,LAX,HKG,2027-07-14,618.86,90,191
PA212,NRT,YVR,2027-07-14,492.63,150,259
PA214,JFK,YYZ,2027-07-14,125.22,90,289
PA241,YYZ,YVR,2027-07-14,536.21,137,234
PA258,CDG,LHR,2027-07-14,379.76,44,276
PA262,LAX,NRT,2027-07-14,419.52,25,181
PA285,CDG,JFK,2027-07-14,688.35,23,192
PA290,CDG,LHR,2027-07-14,248.16,81,233
PA297,LAX,NRT,2027-07-14,687.46,18,201
PA108,YYZ,JFK,2027-07-15,588.7,12,190
PA116,YYZ,YVR,2027-07-15,562.88,119,161
PA117,YVR,YYZ,2027-07-15,698.72,46,170
PA124,YVR,HKG,2027-07-15,260.33,110,164
PA126,YYZ,YVR,2027-07-15,739.2,157,204
PA143,HKG,NRT,2027-07-15,709.36,21,177
PA150,NRT,HKG,2027-07-15,159.96,57,170
PA151,HKG,PVG,2027-07-15,784.59,123,167
PA152,NRT,LAX,2027-07-15,189.87,49,182
PA163,LAX,NRT,2027-07-15,568.28,148,221
PA165,NRT,HKG,2027-07-15,430.87,117,297
PA175,NRT,LAX,2027-07-15,778.3,37,153
PA195,YYZ,HKG,2027-07-15,420.06,71,226
PA196,YYZ,YVR,2027-07-15,420.8,53,152
PA199,LHR,JFK,2027-07-15,715.49,43,167
PA204,YYZ,LHR,2027-07-15,285.13,109,184
PA221,LAX,NRT,2027-07-15,783.34,144,191
PA222,JFK,LHR,2027-07-15,117.35,90,255
PA230,YYZ,YVR,2027-07-15,345.8,143,221
PA233,YYZ,PVG,2027-07-15,225.0,49,216
PA243,PVG,YYZ,2027-07-15,381.68,129,233
PA245,PVG,YYZ,2027-07-15,574.12,162,247
PA256,YYZ,YVR,2027-07-15,390.11,169,266
PA262,LAX,NRT,2027-07-15,419.52,143,181
PA265,PVG,NRT,2027-07-15,398.72,135,279
PA267,HKG,YYZ,2027-07-15,281.43,148,265
PA272,YVR,HKG,2027-07-15,156.4,44,288
PA273,JFK,YYZ,2027-07-15,368.12,88,209
PA279,NRT,HKG,2027-07-15,433.89,166,247
PA281,PVG,YYZ,2027-07-15,623.26,80,287
PA296,YYZ,YVR,2027-07-15,627.96,109,160
PA298,SIN,NRT,2027-07-15,266.98,57,189
PA109,LHR,YYZ,2027-07-16,208.84,86,221
PA111,YYZ,LHR,2027-07-16,693.25,42,241
PA124,YVR,HKG,2027-07-16,260.33,40,164
PA125,YYZ,LAX,2027-07-16,380.82,152,230
PA138,NRT,YVR,2027-07-16,576.2,13,152
PA161,SIN,PVG,2027-07-16,260.26,64,165
PA166,HKG,YYZ,2027-07-16,233.29,34,254
PA169,YYZ,LAX,2027-07-16,142.43,23,175
PA172,PVG,HKG,2027-07-16,294.98,63,196
PA174,NRT,YVR,2027-07-16,135.41,37,175
PA187,HKG,NRT,2027-07-16,695.94,96,170
PA194,YVR,HKG,2027-07-16,285.93,111,211
PA216,PVG,HKG,2027-07-16,129.28,138,182
PA234,LAX,HKG,2027-07-16,175.88,59,159
PA245,PVG,YYZ,2027-07-16,574.12,128,247
PA281,PVG,YYZ,2027-07-16,623.26,165,287
PA284,CDG,LHR,2027-07-16,568.21,129,236
PA286,YYZ,HKG,2027-07-16,118.88,173,286
PA293,PVG,YYZ,2027-07-16,684.44,49,214
PA295,YYZ,LAX,2027-07-16,256.96,102,239
PA297,LAX,NRT,2027-07-16,687.46,38,201
PA109,LHR,YYZ,2027-07-17,208.84,19,221
PA118,YYZ,LHR,2027-07-17,294.58,167,247
PA122,LAX,NRT,2027-07-17,423.58,20,191
PA126,YYZ,YVR,2027-07-17,739.2,16,204
PA133,YYZ,HKG,2027-07-17,445.46,45,280
PA134,YYZ,LAX,2027-07-17,206.99,32,178
PA141,JFK,LAX,2027-07-17,102.27,73,266
PA145,JFK,YYZ,2027-07-17,633.76,22,245
PA157,HKG,SIN,2027-07-17,184.7,112,265
PA169,YYZ,LAX,2027-07-17,142.43,84,175
PA176,LAX,NRT,2027-07-17,384.49,49,192
PA179,CDG,LHR,2027-07-17,748.56,100,217
PA182,YVR,YYZ,2027-07-17,778.1,48,205
PA186,HKG,SIN,2027-07-17,139.82,126,190
PA205,YYZ,LHR,2027-07-17,208.81,84,291
PA237,HKG,NRT,2027-07-17,369.64,21,179
PA245,PVG,YYZ,2027-07-17,574.12,189,247
PA247,NRT,YVR,2027-07-17,312.71,95,150
PA248,LAX,YYZ,2027-07-17,650.03,20,260
PA250,PVG,NRT,2027-07-17,457.82,142,204
PA254,JFK,CDG,2027-07-17,117.1,125,187
PA265,PVG,NRT,2027-07-17,398.72,55,279
PA267,HKG,YYZ,2027-07-17,281.43,30,265
PA271,YVR,YYZ,2027-07-17,290.2,144,210
PA289,PVG,SIN,2027-07-17,135.2,58,196
PA298,SIN,NRT,2027-07-17,266.98,65,189
PA104,LAX,YYZ,2027-07-18,453.75,61,209
PA107,NRT,SIN,2027-07-18,666.6,108,221
PA117,YVR,YYZ,2027-07-18,698.72,61,170
PA132,CDG,JFK,2027-07-18,253.52,60,242
PA139,YYZ,PVG,2027-07-18,625.61,94,287
PA140,LHR,YYZ,2027-07-18,305.45,58,178
PA150,NRT,HKG,2027-07-18,159.96,40,170
PA171,JFK,CDG,2027-07-18,414.03,136,287
PA180,PVG,SIN,2027-07-18,396.11,33,223
PA181,NRT,YVR,2027-07-18,208.36,213,274
PA184,YVR,HKG,2027-07-18,135.1,54,164
PA190,NRT,HKG,2027-07-18,505.24,80,213
PA197,NRT,HKG,2027-07-18,151.28,99,175
PA202,HKG,SIN,2027-07-18,567.5,94,152
PA207,LAX,YYZ,2027-07-18,453.79,118,217
PA211,LAX,HKG,2027-07-18,618.86,40,191
PA213,YYZ,PVG,2027-07-18,761.54,102,169
PA216,PVG,HKG,2027-07-18,129.28,13,182
PA219,LHR,JFK,2027-07-18,718.89,51,293
PA224,LAX,NRT,2027-07-18,211.44,144,218
PA230,YYZ,YVR,2027-07-18,345.8,107,221
PA236,YVR,HKG,2027-07-18,524.35,98,261
PA241,YYZ,YVR,2027-07-18,536.21,153,234
PA271,YVR,YYZ,2027-07-18,290.2,34,210
PA275,PVG,YYZ,2027-07-18,479.83,127,234
PA277,PVG,YYZ,2027-07-18,733.39,110,249
PA281,PVG,YYZ,2027-07-18,623.26,67,287
PA284,CDG,LHR,2027-07-18,568.21,53,236
PA296,YYZ,YVR,2027-07-18,627.96,8,160
PA297,LAX,NRT,2027-07-18,687.46,156,201
PA102,YYZ,LHR,2027-07-19,160.86,80,289
PA104,LAX,YYZ,2027-07-19,453.75,21,209
PA119,SIN,PVG,2027-07-19,213.86,112,243
PA123,LAX,SIN,2027-07-19,253.73,179,292
PA128,HKG,PVG,2027-07-19,719.28,74,251
PA136,CDG,LHR,2027-07-19,517.12,38,247
PA158,LAX,JFK,2027-07-19,336.66,30,166
PA163,LAX,NRT,2027-07-19,568.28,106,221
PA168,PVG,YYZ,2027-07-19,704.69,124,269
PA171,JFK,CDG,2027-07-19,414.03,122,287
PA175,NRT,LAX,2027-07-19,778.3,27,153
PA176,LAX,NRT,2027-07-19,384.49,39,192
PA178,YYZ,LAX,2027-07-19,365.28,64,192
PA183,NRT,SIN,2027-07-19,142.67,202,288
PA187,HKG,NRT,2027-07-19,695.94,127,170
PA195,YYZ,HKG,2027-07-19,420.06,24,226
PA201,NRT,LAX,2027-07-19,528.17,77,227
PA203,NRT,YVR,2027-07-19,752.23,155,226
PA216,PVG,HKG,2027-07-19,129.28,66,182
PA229,JFK,CDG,2027-07-19,329.78,119,252
PA234,LAX,HKG,2027-07-19,175.88,124,159
PA284,CDG,LHR,2027-07-19,568.21,45,236
PA102,YYZ,LHR,2027-07-20,160.86,127,289
PA105,YYZ,JFK,2027-07-20,239.19,161,293
PA108,YYZ,JFK,2027-07-20,588.7,146,190
PA114,CDG,LHR,2027-07-20,486.43,31,170
PA119,SIN,PVG,2027-07-20,213.86,126,243
PA120,LHR,JFK,2027-07-20,569.12,39,203
PA121,YYZ,YVR,2027-07-20,473.9,80,193
PA122,LAX,NRT,2027-07-20,423.58,126,191
PA128,HKG,PVG,2027-07-20,719.28,195,251
PA139,YYZ,PVG,2027-07-20,625.61,27,287
PA142,LAX,HKG,2027-07-20,633.37,96,278
PA143,HKG,NRT,2027-07-20,709.36,10,177
PA149,YVR,NRT,2027-07-20,140.55,128,211
PA151,HKG,PVG,2027-07-20,784.59,103,167
PA153,HKG,YYZ,2027-07-20,215.59,141,290
PA159,NRT,SIN,2027-07-20,261.08,18,291
PA161,SIN,PVG,2027-07-20,260.26,85,165
PA162,YYZ,LAX,2027-07-20,149.6,96,234
PA166,HKG,YYZ,2027-07-20,233.29,108,254
PA172,PVG,HKG,2027-07-20,294.98,98,196
PA175,NRT,LAX,2027-07-20,778.3,100,153
PA196,YYZ,YVR,2027-07-20,420.8,96,152
PA201,NRT,LAX,2027-07-20,528.17,109,227
PA210,LHR,YYZ,2027-07-20,545.98,101,183
PA211,LAX,HKG,2027-07-20,618.86,137,191
PA221,LAX,NRT,2027-07-20,783.34,60,191
PA232,NRT,LAX,2027-07-20,757.47,68,234
PA233,YYZ,PVG,2027-07-20,225.0,46,216
PA245,PVG,YYZ,2027-07-20,574.12,111,247
PA249,SIN,HKG,2027-07-20,425.49,22,232
PA254,JFK,CDG,2027-07-20,117.1,44,187
PA255,LAX,NRT,2027-07-20,527.89,170,271
PA256,YYZ,YVR,2027-07-20,390.11,132,266
PA260,YYZ,LHR,2027-07-20,253.19,202,258
PA275,PVG,YYZ,2027-07-20,479.83,29,234
PA279,NRT,HKG,2027-07-20,433.89,37,247
PA281,PVG,YYZ,2027-07-20,623.26,155,287
PA286,YYZ,HKG,2027-07-20,118.88,36,286
PA294,HKG,YYZ,2027-07-20,624.32,81,154
PA297,LAX,NRT,2027-07-20,687.46,157,201
PA103,PVG,HKG,2027-07-21,120.86,93,158
PA115,SIN,PVG,2027-07-21,504.15,34,242
PA120,LHR,JFK,2027-07-21,569.12,70,203
PA128,HKG,PVG,2027-07-21,719.28,179,251
PA140,LHR,YYZ,2027-07-21,305.45,124,178
PA149,YVR,NRT,2027-07-21,140.55,149,211
PA152,NRT,LAX,2027-07-21,189.87,89,182
PA155,NRT,LAX,2027-07-21,599.06,120,201
PA156,CDG,JFK,2027-07-21,406.67,35,245
PA157,HKG,SIN,2027-07-21,184.7,20,265
PA169,YYZ,LAX,2027-07-21,142.43,140,175
PA172,PVG,HKG,2027-07-21,294.98,121,196
PA173,LAX,NRT,2027-07-21,410.19,104,169
PA182,YVR,YYZ,2027-07-21,778.1,149,205
PA194,YVR,HKG,2027-07-21,285.93,45,211
PA195,YYZ,HKG,2027-07-21,420.06,101,226
PA197,NRT,HKG,2027-07-21,151.28,90,175
PA199,LHR,JFK,2027-07-21,715.49,102,167
PA201,NRT,LAX,2027-07-21,528.17,137,227
PA212,NRT,YVR,2027-07-21,492.63,87,259
PA213,YYZ,PVG,2027-07-21,761.54,78,169
PA220,PVG,YYZ,2027-07-21,748.03,47,189
PA221,LAX,NRT,2027-07-21,783.34,27,191
PA229,JFK,CDG,2027-07-21,329.78,53,252
PA233,YYZ,PVG,2027-07-21,225.0,25,216
PA237,HKG,NRT,2027-07-21,369.64,42,179
PA238,NRT,HKG,2027-07-21,278.31,76,198
PA242,YYZ,PVG,2027-07-21,454.99,145,226
PA246,JFK,LHR,2027-07-21,310.66,130,295
PA252,SIN,PVG,2027-07-21,165.37,49,235
PA261,HKG,SIN,2027-07-21,135.15,143,268
PA269,HKG,SIN,2027-07-21,538.72,191,274
PA280,LHR,JFK,2027-07-21,627.43,100,226
PA282,NRT,LAX,2027-07-21,441.76,36,206
PA283,LAX,SIN,2027-07-21,439.95,77,261
PA284,CDG,LHR,2027-07-21,568.21,77,236
PA293,PVG,YYZ,2027-07-21,684.44,64,214
PA106,NRT,LAX,2027-07-22,254.31,175,257
PA109,LHR,YYZ,2027-07-22,208.84,133,221
PA122,LAX,NRT,2027-07-22,423.58,44,191
PA128,HKG,PVG,2027-07-22,719.28,200,251
PA132,CDG,JFK,2027-07-22,253.52,156,242
PA137,PVG,SIN,2027-07-22,275.99,122,285
PA142,LAX,HKG,2027-07-22,633.37,210,278
PA147,SIN,HKG,2027-07-22,442.02,59,232
PA156,CDG,JFK,2027-07-22,406.67,40,245
PA157,HKG,SIN,2027-07-22,184.7,60,265
PA165,NRT,HKG,2027-07-22,430.87,63,297
PA171,JFK,CDG,2027-07-22,414.03,40,287
PA184,YVR,HKG,2027-07-22,135.1,36,164
PA195,YYZ,HKG,2027-07-22,420.06,116,226
PA197,NRT,HKG,2027-07-22,151.28,114,175
PA200,LHR,CDG,2027-07-22,210.42,177,222
PA211,LAX,HKG,2027-07-22,618.86,79,191
PA221,LAX,NRT,2027-07-22,783.34,61,191
PA237,HKG,NRT,2027-07-22,369.64,110,179
PA238,NRT,HKG,2027-07-22,278.31,14,198
PA254,JFK,CDG,2027-07-22,117.1,132,187
PA259,JFK,YYZ,2027-07-22,724.86,17,151
PA260,YYZ,LHR,2027-07-22,253.19,34,258
PA263,PVG,SIN,2027-07-22,791.52,167,285
PA265,PVG,NRT,2027-07-22,398.72,152,279
PA281,PVG,YYZ,2027-07-22,623.26,226,287
PA287,CDG,JFK,2027-07-22,564.1,165,294
PA101,LAX,SIN,2027-07-23,256.25,87,212
PA102,YYZ,LHR,2027-07-23,160.86,87,289
PA103,PVG,HKG,2027-07-23,120.86,20,158
PA105,YYZ,JFK,2027-07-23,239.19,45,293
PA109,LHR,YYZ,2027-07-23,208.84,114,221
PA113,PVG,SIN,2027-07-23,187.38,137,287
PA116,YYZ,YVR,2027-07-23,562.88,117,161
PA123,LAX,SIN,2027-07-23,253.73,76,292
PA131,NRT,SIN,2027-07-23,728.48,13,259
PA135,JFK,LAX,2027-07-23,517.49,37,258
PA139,YYZ,PVG,2027-07-23,625.61,24,287
PA141,JFK,LAX,2027-07-23,102.27,27,266
PA146,NRT,LAX,2027-07-23,742.95,101,285
PA147,SIN,HKG,2027-07-23,442.02,99,232
PA152,NRT,LAX,2027-07-23,189.87,83,182
PA153,HKG,YYZ,2027-07-23,215.59,83,290
PA156,CDG,JFK,2027-07-23,406.67,172,245
PA160,LAX,JFK,2027-07-23,149.7,118,151
PA162,YYZ,LAX,2027-07-23,149.6,37,234
PA164,LAX,YYZ,2027-07-23,192.62,55,288
PA166,HKG,YYZ,2027-07-23,233.29,97,254
PA169,YYZ,LAX,2027-07-23,142.43,36,175
PA171,JFK,CDG,2027-07-23,414.03,168,287
PA173,LAX,NRT,2027-07-23,410.19,78,169
PA178,YYZ,LAX,2027-07-23,365.28,104,192
PA186,HKG,SIN,2027-07-23,139.82,150,190
PA192,NRT,SIN,2027-07-23,465.95,102,294
PA222,JFK,LHR,2027-07-23,117.35,80,255
PA238,NRT,HKG,2027-07-23,278.31,46,198
PA255,LAX,NRT,2027-07-23,527.89,71,271
PA257,SIN,PVG,2027-07-23,236.1,138,297
PA264,SIN,HKG,2027-07-23,765.03,139,231
PA267,HKG,YYZ,2027-07-23,281.43,118,265
PA278,NRT,SIN,2027-07-23,699.71,12,155
PA283,LAX,SIN,2027-07-23,439.95,179,261
PA294,HKG,YYZ,2027-07-23,624.32,80,154
PA296,YYZ,YVR,2027-07-23,627.96,62,160
PA297,LAX,NRT,2027-07-23,687.46,51,201
PA105,YYZ,JFK,2027-07-24,239.19,25,293
PA123,LAX,SIN,2027-07-24,253.73,213,292
PA125,YYZ,LAX,2027-07-24,380.82,52,230
PA136,CDG,LHR,2027-07-24,517.12,14,247
PA143,HKG,NRT,2027-07-24,709.36,99,177
PA167,YYZ,LHR,2027-07-24,348.01,61,260
PA182,YVR,YYZ,2027-07-24,778.1,143,205
PA191,YYZ,LAX,2027-07-24,393.46,39,170
PA193,LAX,HKG,2027-07-24,568.81,103,202
PA205,YYZ,LHR,2027-07-24,208.81,158,291
PA211,LAX,HKG,2027-07-24,618.86,121,191
PA229,JFK,CDG,2027-07-24,329.78,65,252
PA236,YVR,HKG,2027-07-24,524.35,140,261
PA237,HKG,NRT,2027-07-24,369.64,126,179
PA245,PVG,YYZ,2027-07-24,574.12,119,247
PA254,JFK,CDG,2027-07-24,117.1,16,187
PA267,HKG,YYZ,2027-07-24,281.43,97,265
PA272,YVR,HKG,2027-07-24,156.4,93,288
PA273,JFK,YYZ,2027-07-24,368.12,76,209
PA282,NRT,LAX,2027-07-24,441.76,101,206
PA288,YYZ,YVR,2027-07-24,194.99,91,259
PA102,YYZ,LHR,2027-07-25,160.86,138,289
PA108,YYZ,JFK,2027-07-25,588.7,41,190
PA120,LHR,JFK,2027-07-25,569.12,28,203
PA121,YYZ,YVR,2027-07-25,473.9,141,193
PA135,JFK,LAX,2027-07-25,517.49,102,258
PA144,YVR,NRT,2027-07-25,526.28,139,279
PA148,YYZ,PVG,2027-07-25,715.11,137,242
PA152,NRT,LAX,2027-07-25,189.87,60,182
PA159,NRT,SIN,2027-07-25,261.08,111,291
PA160,LAX,JFK,2027-07-25,149.7,57,151
PA162,YYZ,LAX,2027-07-25,149.6,180,234
PA172,PVG,HKG,2027-07-25,294.98,26,196
PA174,NRT,YVR,2027-07-25,135.41,31,175
PA177,HKG,YYZ,2027-07-25,705.26,119,204
PA183,NRT,SIN,2027-07-25,142.67,230,288
PA184,YVR,HKG,2027-07-25,135.1,66,164
PA185,HKG,YYZ,2027-07-25,743.57,173,278
PA214,JFK,YYZ,2027-07-25,125.22,161,289
PA218,LAX,YYZ,2027-07-25,566.85,87,213
PA222,JFK,LHR,2027-07-25,117.35,37,255
PA227,PVG,SIN,2027-07-25,313.63,153,239
PA237,HKG,NRT,2027-07-25,369.64,19,179
PA242,YYZ,PVG,2027-07-25,454.99,130,226
PA243,PVG,YYZ,2027-07-25,381.68,64,233
PA244,YVR,YYZ,2027-07-25,189.1,78,291
PA248,LAX,YYZ,2027-07-25,650.03,173,260
PA249,SIN,HKG,2027-07-25,425.49,21,232
PA265,PVG,NRT,2027-07-25,398.72,38,279
PA269,HKG,SIN,2027-07-25,538.72,143,274
PA279,NRT,HKG,2027-07-25,433.89,123,247
PA281,PVG,YYZ,2027-07-25,623.26,90,287
PA282,NRT,LAX,2027-07-25,441.76,73,206
PA285,CDG,JFK,2027-07-25,688.35,83,192
PA287,CDG,JFK,2027-07-25,564.1,117,294
PA292,CDG,LHR,2027-07-25,626.41,33,221
PA297,LAX,NRT,2027-07-25,687.46,50,201
PA103,PVG,HKG,2027-07-26,120.86,35,158
PA113,PVG,SIN,2027-07-26,187.38,25,287
PA126,YYZ,YVR,2027-07-26,739.2,42,204
PA135,JFK,LAX,2027-07-26,517.49,117,258
PA140,LHR,YYZ,2027-07-26,305.45,42,178
PA147,SIN,HKG,2027-07-26,442.02,175,232
PA149,YVR,NRT,2027-07-26,140.55,85,211
PA152,NRT,LAX,2027-07-26,189.87,79,182
PA154,HKG,SIN,2027-07-26,775.05,148,258
PA158,LAX,JFK,2027-07-26,336.66,128,166
PA180,PVG,SIN,2027-07-26,396.11,27,223
PA183,NRT,SIN,2027-07-26,142.67,121,288
PA191,YYZ,LAX,2027-07-26,393.46,39,170
PA196,YYZ,YVR,2027-07-26,420.8,118,152
PA197,NRT,HKG,2027-07-26,151.28,14,175
PA217,LHR,CDG,2027-07-26,729.25,84,160
PA221,LAX,NRT,2027-07-26,783.34,153,191
PA228,LAX,JFK,2027-07-26,116.57,130,207
PA233,YYZ,PVG,2027-07-26,225.0,34,216
PA239,PVG,HKG,2027-07-26,463.94,116,150
PA240,NRT,LAX,2027-07-26,354.96,37,200
PA241,YYZ,YVR,2027-07-26,536.21,154,234
PA243,PVG,YYZ,2027-07-26,381.68,126,233
PA246,JFK,LHR,2027-07-26,310.66,231,295
PA267,HKG,YYZ,2027-07-26,281.43,20,265
PA274,JFK,YYZ,2027-07-26,144.96,34,204
PA299,HKG,YYZ,2027-07-26,494.78,129,179
PA108,YYZ,JFK,2027-07-27,588.7,120,190
PA116,YYZ,YVR,2027-07-27,562.88,123,161
PA131,NRT,SIN,2027-07-27,728.48,76,259
PA135,JFK,LAX,2027-07-27,517.49,40,258
PA156,CDG,JFK,2027-07-27,406.67,77,245
PA157,HKG,SIN,2027-07-27,184.7,78,265
PA161,SIN,PVG,2027-07-27,260.26,122,165
PA164,LAX,YYZ,2027-07-27,192.62,205,288
PA168,PVG,YYZ,2027-07-27,704.69,108,269
PA169,YYZ,LAX,2027-07-27,142.43,136,175
PA170,LHR,YYZ,2027-07-27,274.06,126,177
PA172,PVG,HKG,2027-07-27,294.98,20,196
PA174,NRT,YVR,2027-07-27,135.41,70,175
PA186,HKG,SIN,2027-07-27,139.82,34,190
PA201,NRT,LAX,2027-07-27,528.17,165,227
PA208,LAX,HKG,2027-07-27,164.61,105,163
PA209,PVG,HKG,2027-07-27,130.86,56,220
PA210,LHR,YYZ,2027-07-27,545.98,139,183
PA215,LHR,CDG,2027-07-27,486.77,185,299
PA232,NRT,LAX,2027-07-27,757.47,93,234
PA241,YYZ,YVR,2027-07-27,536.21,86,234
PA247,NRT,YVR,2027-07-27,312.71,31,150
PA265,PVG,NRT,2027-07-27,398.72,143,279
PA268,LAX,NRT,2027-07-27,636.07,47,220
PA274,JFK,YYZ,2027-07-27,144.96,146,204
PA292,CDG,LHR,2027-07-27,626.41,30,221
PA299,HKG,YYZ,2027-07-27,494.78,83,179
PA102,YYZ,LHR,2027-07-28,160.86,178,289
PA106,NRT,LAX,2027-07-28,254.31,52,257
PA107,NRT,SIN,2027-07-28,666.6,159,221
PA115,SIN,PVG,2027-07-28,504.15,35,242
PA125,YYZ,LAX,2027-07-28,380.82,161,230
PA126,YYZ,YVR,2027-07-28,739.2,15,204
PA128,HKG,PVG,2027-07-28,719.28,32,251
PA134,YYZ,LAX,2027-07-28,206.99,62,178
PA142,LAX,HKG,2027-07-28,633.37,66,278
PA143,HKG,NRT,2027-07-28,709.36,46,177
PA152,NRT,LAX,2027-07-28,189.87,23,182
PA165,NRT,HKG,2027-07-28,430.87,167,297
PA169,YYZ,LAX,2027-07-28,142.43,114,175
PA178,YYZ,LAX,2027-07-28,365.28,46,192
PA179,CDG,LHR,2027-07-28,748.56,141,217
PA183,NRT,SIN,2027-07-28,142.67,225,288
PA191,YYZ,LAX,2027-07-28,393.46,121,170
PA198,LAX,YYZ,2027-07-28,285.64,93,279
PA203,NRT,YVR,2027-07-28,752.23,131,226
PA221,LAX,NRT,2027-07-28,783.34,74,191
PA222,JFK,LHR,2027-07-28,117.35,38,255
PA228,LAX,JFK,2027-07-28,116.57,56,207
PA232,NRT,LAX,2027-07-28,757.47,49,234
PA241,YYZ,YVR,2027-07-28,536.21,134,234
PA247,NRT,YVR,2027-07-28,312.71,13,150
PA249,SIN,HKG,2027-07-28,425.49,141,232
PA255,LAX,NRT,2027-07-28,527.89,141,271
PA257,SIN,PVG,2027-07-28,236.1,184,297
PA298,SIN,NRT,2027-07-28,266.98,45,189
PA103,PVG,HKG,2027-07-29,120.86,53,158
PA105,YYZ,JFK,2027-07-29,239.19,124,293
PA109,LHR,YYZ,2027-07-29,208.84,54,221
PA117,YVR,YYZ,2027-07-29,698.72,92,170
PA120,LHR,JFK,2027-07-29,569.12,28,203
PA125,YYZ,LAX,2027-07-29,380.82,42,230
PA136,CDG,LHR,2027-07-29,517.12,119,247
PA137,PVG,SIN,2027-07-29,275.99,109,285
PA138,NRT,YVR,2027-07-29,576.2,88,152
PA139,YYZ,PVG,2027-07-29,625.61,33,287
PA148,YYZ,PVG,2027-07-29,715.11,56,242
PA149,YVR,NRT,2027-07-29,140.55,41,211
PA153,HKG,YYZ,2027-07-29,215.59,149,290
PA157,HKG,SIN,2027-07-29,184.7,66,265
PA160,LAX,JFK,2027-07-29,149.7,84,151
PA165,NRT,HKG,2027-07-29,430.87,225,297
PA176,LAX,NRT,2027-07-29,384.49,11,192
PA178,YYZ,LAX,2027-07-29,365.28,35,192
PA186,HKG,SIN,2027-07-29,139.82,92,190
PA200,LHR,CDG,2027-07-29,210.42,108,222
PA203,NRT,YVR,2027-07-29,752.23,86,226
PA204,YYZ,LHR,2027-07-29,285.13,63,184
PA205,YYZ,LHR,2027-07-29,208.81,183,291
PA217,LHR,CDG,2027-07-29,729.25,78,160
PA220,PVG,YYZ,2027-07-29,748.03,148,189
PA231,HKG,NRT,2027-07-29,575.66,86,252
PA250,PVG,NRT,2027-07-29,457.82,12,204
PA260,YYZ,LHR,2027-07-29,253.19,202,258
PA272,YVR,HKG,2027-07-29,156.4,204,288
PA274,JFK,YYZ,2027-07-29,144.96,84,204
PA278,NRT,SIN,2027-07-29,699.71,102,155
PA284,CDG,LHR,2027-07-29,568.21,139,236
PA285,CDG,JFK,2027-07-29,688.35,22,192
PA288,YYZ,YVR,2027-07-29,194.99,73,259
PA293,PVG,YYZ,2027-07-29,684.44,83,214
PA294,HKG,YYZ,2027-07-29,624.32,50,154
PA298,SIN,NRT,2027-07-29,266.98,11,189
PA107,NRT,SIN,2027-07-30,666.6,169,221
PA108,YYZ,JFK,2027-07-30,588.7,65,190
PA127,NRT,HKG,2027-07-30,248.84,39,230
PA128,HKG,PVG,2027-07-30,719.28,167,251
PA132,CDG,JFK,2027-07-30,253.52,47,242
PA138,NRT,YVR,2027-07-30,576.2,119,152
PA145,JFK,YYZ,2027-07-30,633.76,86,245
PA153,HKG,YYZ,2027-07-30,215.59,122,290
PA156,CDG,JFK,2027-07-30,406.67,116,245
PA162,YYZ,LAX,2027-07-30,149.6,130,234
PA166,HKG,YYZ,2027-07-30,233.29,36,254
PA167,YYZ,LHR,2027-07-30,348.01,166,260
PA174,NRT,YVR,2027-07-30,135.41,137,175
PA180,PVG,SIN,2027-07-30,396.11,141,223
PA186,HKG,SIN,2027-07-30,139.82,65,190
PA194,YVR,HKG,2027-07-30,285.93,15,211
PA202,HKG,SIN,2027-07-30,567.5,74,152
PA235,PVG,HKG,2027-07-30,609.98,30,238
PA242,YYZ,PVG,2027-07-30,454.99,32,226
PA252,SIN,PVG,2027-07-30,165.37,176,235
PA254,JFK,CDG,2027-07-30,117.1,76,187
PA255,LAX,NRT,2027-07-30,527.89,96,271
PA271,YVR,YYZ,2027-07-30,290.2,86,210
PA272,YVR,HKG,2027-07-30,156.4,172,288
PA276,PVG,YYZ,2027-07-30,244.78,28,165
PA279,NRT,HKG,2027-07-30,433.89,125,247
PA280,LHR,JFK,2027-07-30,627.43,138,226
PA281,PVG,YYZ,2027-07-30,623.26,174,287
PA284,CDG,LHR,2027-07-30,568.21,92,236
PA299,HKG,YYZ,2027-07-30,494.78,62,179
PA101,LAX,SIN,2027-07-31,256.25,75,212
PA106,NRT,LAX,2027-07-31,254.31,160,257
PA119,SIN,PVG,2027-07-31,213.86,91,243
PA129,PVG,SIN,2027-07-31,285.42,66,186
PA138,NRT,YVR,2027-07-31,576.2,14,152
PA141,JFK,LAX,2027-07-31,102.27,51,266
PA144,YVR,NRT,2027-07-31,526.28,108,279
PA150,NRT,HKG,2027-07-31,159.96,38,170
PA158,LAX,JFK,2027-07-31,336.66,93,166
PA167,YYZ,LHR,2027-07-31,348.01,198,260
PA168,PVG,YYZ,2027-07-31,704.69,156,269
PA172,PVG,HKG,2027-07-31,294.98,139,196
PA179,CDG,LHR,2027-07-31,748.56,160,217
PA183,NRT,SIN,2027-07-31,142.67,149,288
PA187,HKG,NRT,2027-07-31,695.94,17,170
PA199,LHR,JFK,2027-07-31,715.49,70,167
PA202,HKG,SIN,2027-07-31,567.5,118,152
PA215,LHR,CDG,2027-07-31,486.77,143,299
PA216,PVG,HKG,2027-07-31,129.28,67,182
PA225,YYZ,LHR,2027-07-31,710.52,151,247
PA229,JFK,CDG,2027-07-31,329.78,95,252
PA230,YYZ,YVR,2027-07-31,345.8,60,221
PA231,HKG,NRT,2027-07-31,575.66,190,252
PA246,JFK,LHR,2027-07-31,310.66,200,295
PA251,JFK,LAX,2027-07-31,298.65,38,171
PA262,LAX,NRT,2027-07-31,419.52,105,181
PA273,JFK,YYZ,2027-07-31,368.12,32,209
PA275,PVG,YYZ,2027-07-31,479.83,42,234
PA284,CDG,LHR,2027-07-31,568.21,106,236
PA287,CDG,JFK,2027-07-31,564.1,176,294
PA297,LAX,NRT,2027-07-31,687.46,138,201
PA100,SIN,PVG,2027-08-01,117.51,97,178
PA106,NRT,LAX,2027-08-01,254.31,79,257
PA124,YVR,HKG,2027-08-01,260.33,52,164
PA125,YYZ,LAX,2027-08-01,380.82,178,230
PA133,YYZ,HKG,2027-08-01,445.46,75,280
PA140,LHR,YYZ,2027-08-01,305.45,71,178
PA143,HKG,NRT,2027-08-01,709.36,135,177
PA147,SIN,HKG,2027-08-01,442.02,165,232
PA169,YYZ,LAX,2027-08-01,142.43,48,175
PA171,JFK,CDG,2027-08-01,414.03,62,287
PA176,LAX,NRT,2027-08-01,384.49,76,192
PA183,NRT,SIN,2027-08-01,142.67,148,288
PA218,LAX,YYZ,2027-08-01,566.85,82,213
PA222,JFK,LHR,2027-08-01,117.35,38,255
PA234,LAX,HKG,2027-08-01,175.88,57,159
PA236,YVR,HKG,2027-08-01,524.35,100,261
PA237,HKG,NRT,2027-08-01,369.64,58,179
PA241,YYZ,YVR,2027-08-01,536.21,159,234
PA246,JFK,LHR,2027-08-01,310.66,117,295
PA256,YYZ,YVR,2027-08-01,390.11,21,266
PA267,HKG,YYZ,2027-08-01,281.43,55,265
PA280,LHR,JFK,2027-08-01,627.43,162,226
PA286,YYZ,HKG,2027-08-01,118.88,62,286
PA292,CDG,LHR,2027-08-01,626.41,81,221
PA293,PVG,YYZ,2027-08-01,684.44,18,214
PA105,YYZ,JFK,2027-08-02,239.19,55,293
PA110,LHR,YYZ,2027-08-02,164.92,119,176
PA132,CDG,JFK,2027-08-02,253.52,99,242
PA158,LAX,JFK,2027-08-02,336.66,66,166
PA177,HKG,YYZ,2027-08-02,705.26,116,204
PA182,YVR,YYZ,2027-08-02,778.1,156,205
PA183,NRT,SIN,2027-08-02,142.67,46,288
PA197,NRT,HKG,2027-08-02,151.28,70,175
PA214,JFK,YYZ,2027-08-02,125.22,31,289
PA221,LAX,NRT,2027-08-02,783.34,83,191
PA233,YYZ,PVG,2027-08-02,225.0,88,216
PA238,NRT,HKG,2027-08-02,278.31,54,198
PA243,PVG,YYZ,2027-08-02,381.68,152,233
PA245,PVG,YYZ,2027-08-02,574.12,182,247
PA246,JFK,LHR,2027-08-02,310.66,149,295
PA249,SIN,HKG,2027-08-02,425.49,60,232
PA251,JFK,LAX,2027-08-02,298.65,91,171
PA264,SIN,HKG,2027-08-02,765.03,163,231
PA269,HKG,SIN,2027-08-02,538.72,144,274
PA270,LAX,SIN,2027-08-02,154.24,118,262
PA274,JFK,YYZ,2027-08-02,144.96,30,204
PA275,PVG,YYZ,2027-08-02,479.83,52,234
PA277,PVG,YYZ,2027-08-02,733.39,59,249
PA278,NRT,SIN,2027-08-02,699.71,81,155
PA288,YYZ,YVR,2027-08-02,194.99,157,259
PA292,CDG,LHR,2027-08-02,626.41,80,221
PA294,HKG,YYZ,2027-08-02,624.32,119,154
PA108,YYZ,JFK,2027-08-03,588.7,79,190
PA113,PVG,SIN,2027-08-03,187.38,19,287
PA117,YVR,YYZ,2027-08-03,698.72,41,170
PA119,SIN,PVG,2027-08-03,213.86,141,243
PA120,LHR,JFK,2027-08-03,569.12,76,203
PA122,LAX,NRT,2027-08-03,423.58,100,191
PA124,YVR,HKG,2027-08-03,260.33,39,164
PA134,YYZ,LAX,2027-08-03,206.99,52,178
PA141,JFK,LAX,2027-08-03,102.27,195,266
PA148,YYZ,PVG,2027-08-03,715.11,174,242
PA152,NRT,LAX,2027-08-03,189.87,38,182
PA157,HKG,SIN,2027-08-03,184.7,182,265
PA164,LAX,YYZ,2027-08-03,192.62,114,288
PA181,NRT,YVR,2027-08-03,208.36,211,274
PA185,HKG,YYZ,2027-08-03,743.57,140,278
PA186,HKG,SIN,2027-08-03,139.82,87,190
PA196,YYZ,YVR,2027-08-03,420.8,39,152
PA197,NRT,HKG,2027-08-03,151.28,116,175
PA203,NRT,YVR,2027-08-03,752.23,17,226
PA230,YYZ,YVR,2027-08-03,345.8,114,221
PA238,NRT,HKG,2027-08-03,278.31,150,198
PA247,NRT,YVR,2027-08-03,312.71,60,150
PA250,PVG,NRT,2027-08-03,457.82,150,204
PA273,JFK,YYZ,2027-08-03,368.12,40,209
PA284,CDG,LHR,2027-08-03,568.21,62,236
PA296,YYZ,YVR,2027-08-03,627.96,68,160
PA122,LAX,NRT,2027-08-04,423.58,126,191
PA124,YVR,HKG,2027-08-04,260.33,91,164
PA141,JFK,LAX,2027-08-04,102.27,31,266
PA142,LAX,HKG,2027-08-04,633.37,83,278
PA152,NRT,LAX,2027-08-04,189.87,116,182
PA157,HKG,SIN,2027-08-04,184.7,32,265
PA163,LAX,NRT,2027-08-04,568.28,49,221
PA196,YYZ,YVR,2027-08-04,420.8,81,152
PA197,NRT,HKG,2027-08-04,151.28,25,175
PA201,NRT,LAX,2027-08-04,528.17,163,227
PA205,YYZ,LHR,2027-08-04,208.81,202,291
PA209,PVG,HKG,2027-08-04,130.86,133,220
PA210,LHR,YYZ,2027-08-04,545.98,142,183
PA216,PVG,HKG,2027-08-04,129.28,45,182
PA219,LHR,JFK,2027-08-04,718.89,82,293
PA225,YYZ,LHR,2027-08-04,710.52,121,247
PA232,NRT,LAX,2027-08-04,757.47,131,234
PA244,YVR,YYZ,2027-08-04,189.1,140,291
PA251,JFK,LAX,2027-08-04,298.65,53,171
PA253,LAX,NRT,2027-08-04,257.25,59,229
PA256,YYZ,YVR,2027-08-04,390.11,90,266
PA257,SIN,PVG,2027-08-04,236.1,229,297
PA258,CDG,LHR,2027-08-04,379.76,123,276
PA260,YYZ,LHR,2027-08-04,253.19,204,258
PA268,LAX,NRT,2027-08-04,636.07,76,220
PA272,YVR,HKG,2027-08-04,156.4,168,288
PA281,PVG,YYZ,2027-08-04,623.26,185,287
PA293,PVG,YYZ,2027-08-04,684.44,68,214
PA296,YYZ,YVR,2027-08-04,627.96,48,160
PA298,SIN,NRT,2027-08-04,266.98,63,189
PA103,PVG,HKG,2027-08-05,120.86,115,158
PA106,NRT,LAX,2027-08-05,254.31,136,257
PA121,YYZ,YVR,2027-08-05,473.9,34,193
PA129,PVG,SIN,2027-08-05,285.42,136,186
PA130,LAX,NRT,2027-08-05,477.28,47,293
PA150,NRT,HKG,2027-08-05,159.96,45,170
PA159,NRT,SIN,2027-08-05,261.08,185,291
PA163,LAX,NRT,2027-08-05,568.28,66,221
PA174,NRT,YVR,2027-08-05,135.41,113,175
PA179,CDG,LHR,2027-08-05,748.56,118,217
PA181,NRT,YVR,2027-08-05,208.36,95,274
PA182,YVR,YYZ,2027-08-05,778.1,35,205
PA189,LAX,NRT,2027-08-05,183.92,78,253
PA192,NRT,SIN,2027-08-05,465.95,77,294
PA198,LAX,YYZ,2027-08-05,285.64,185,279
PA205,YYZ,LHR,2027-08-05,208.81,60,291
PA221,LAX,NRT,2027-08-05,783.34,64,191
PA234,LAX,HKG,2027-08-05,175.88,56,159
PA245,PVG,YYZ,2027-08-05,574.12,88,247
PA255,LAX,NRT,2027-08-05,527.89,114,271
PA264,SIN,HKG,2027-08-05,765.03,68,231
PA268,LAX,NRT,2027-08-05,636.07,32,220
PA274,JFK,YYZ,2027-08-05,144.96,22,204
PA276,PVG,YYZ,2027-08-05,244.78,72,165
PA283,LAX,SIN,2027-08-05,439.95,173,261
PA287,CDG,JFK,2027-08-05,564.1,24,294
PA294,HKG,YYZ,2027-08-05,624.32,36,154
PA102,YYZ,LHR,2027-08-06,160.86,229,289
PA108,YYZ,JFK,2027-08-06,588.7,45,190
PA110,LHR,YYZ,2027-08-06,164.92,32,176
PA120,LHR,JFK,2027-08-06,569.12,123,203
PA121,YYZ,YVR,2027-08-06,473.9,145,193
PA128,HKG,PVG,2027-08-06,719.28,43,251
PA132,CDG,JFK,2027-08-06,253.52,62,242
PA133,YYZ,HKG,2027-08-06,445.46,111,280
PA135,JFK,LAX,2027-08-06,517.49,122,258
PA139,YYZ,PVG,2027-08-06,625.61,40,287
PA140,LHR,YYZ,2027-08-06,305.45,66,178
PA147,SIN,HKG,2027-08-06,442.02,94,232
PA148,YYZ,PVG,2027-08-06,715.11,15,242
PA156,CDG,JFK,2027-08-06,406.67,155,245
PA161,SIN,PVG,2027-08-06,260.26,10,165
PA163,LAX,NRT,2027-08-06,568.28,24,221
PA166,HKG,YYZ,2027-08-06,233.29,116,254
PA175,NRT,LAX,2027-08-06,778.3,104,153
PA179,CDG,LHR,2027-08-06,748.56,120,217
PA214,JFK,YYZ,2027-08-06,125.22,52,289
PA219,LHR,JFK,2027-08-06,718.89,20,293
PA229,JFK,CDG,2027-08-06,329.78,96,252
PA234,LAX,HKG,2027-08-06,175.88,35,159
PA251,JFK,LAX,2027-08-06,298.65,101,171
PA252,SIN,PVG,2027-08-06,165.37,167,235
PA256,YYZ,YVR,2027-08-06,390.11,40,266
PA259,JFK,YYZ,2027-08-06,724.86,83,151
PA261,HKG,SIN,2027-08-06,135.15,209,268
PA262,LAX,NRT,2027-08-06,419.52,70,181
PA264,SIN,HKG,2027-08-06,765.03,53,231
PA265,PVG,NRT,2027-08-06,398.72,119,279
PA269,HKG,SIN,2027-08-06,538.72,105,274
PA272,YVR,HKG,2027-08-06,156.4,100,288
PA278,NRT,SIN,2027-08-06,699.71,42,155
PA279,NRT,HKG,2027-08-06,433.89,39,247
PA103,PVG,HKG,2027-08-07,120.86,94,158
PA104,LAX,YYZ,2027-08-07,453.75,151,209
PA110,LHR,YYZ,2027-08-07,164.92,60,176
PA112,SIN,HKG,2027-08-07,664.99,52,217
PA133,YYZ,HKG,2027-08-07,445.46,157,280
PA135,JFK,LAX,2027-08-07,517.49,156,258
PA138,NRT,YVR,2027-08-07,576.2,20,152
PA145,JFK,YYZ,2027-08-07,633.76,150,245
PA149,YVR,NRT,2027-08-07,140.55,164,211
PA159,NRT,SIN,2027-08-07,261.08,127,291
PA165,NRT,HKG,2027-08-07,430.87,222,297
PA166,HKG,YYZ,2027-08-07,233.29,60,254
PA171,JFK,CDG,2027-08-07,414.03,208,287
PA177,HKG,YYZ,2027-08-07,705.26,150,204
PA182,YVR,YYZ,2027-08-07,778.1,88,205
PA190,NRT,HKG,2027-08-07,505.24,20,213
PA195,YYZ,HKG,2027-08-07,420.06,74,226
PA209,PVG,HKG,2027-08-07,130.86,156,220
PA213,YYZ,PVG,2027-08-07,761.54,109,169
PA220,PVG,YYZ,2027-08-07,748.03,58,189
PA224,LAX,NRT,2027-08-07,211.44,102,218
PA227,PVG,SIN,2027-08-07,313.63,151,239
PA236,YVR,HKG,2027-08-07,524.35,146,261
PA247,NRT,YVR,2027-08-07,312.71,53,150
PA261,HKG,SIN,2027-08-07,135.15,200,268
PA268,LAX,NRT,2027-08-07,636.07,73,220
PA280,LHR,JFK,2027-08-07,627.43,145,226
PA284,CDG,LHR,2027-08-07,568.21,165,236
PA298,SIN,NRT,2027-08-07,266.98,59,189
PA100,SIN,PVG,2027-08-08,117.51,79,178
PA104,LAX,YYZ,2027-08-08,453.75,24,209
PA119,SIN,PVG,2027-08-08,213.86,156,243
PA123,LAX,SIN,2027-08-08,253.73,78,292
PA157,HKG,SIN,2027-08-08,184.7,182,265
PA164,LAX,YYZ,2027-08-08,192.62,55,288
PA171,JFK,CDG,2027-08-08,414.03,26,287
PA176,LAX,NRT,2027-08-08,384.49,147,192
PA182,YVR,YYZ,2027-08-08,778.1,141,205
PA207,LAX,YYZ,2027-08-08,453.79,25,217
PA230,YYZ,YVR,2027-08-08,345.8,50,221
PA235,PVG,HKG,2027-08-08,609.98,51,238
PA246,JFK,LHR,2027-08-08,310.66,131,295
PA248,LAX,YYZ,2027-08-08,650.03,204,260
PA254,JFK,CDG,2027-08-08,117.1,69,187
PA258,CDG,LHR,2027-08-08,379.76,80,276
PA261,HKG,SIN,2027-08-08,135.15,54,268
PA263,PVG,SIN,2027-08-08,791.52,34,285
PA286,YYZ,HKG,2027-08-08,118.88,89,286
PA291,YVR,HKG,2027-08-08,632.86,88,236
PA292,CDG,LHR,2027-08-08,626.41,137,221
PA293,PVG,YYZ,2027-08-08,684.44,124,214
PA299,HKG,YYZ,2027-08-08,494.78,134,179
PA100,SIN,PVG,2027-08-09,117.51,62,178
PA121,YYZ,YVR,2027-08-09,473.9,61,193
PA128,HKG,PVG,2027-08-09,719.28,174,251
PA129,PVG,SIN,2027-08-09,285.42,87,186
PA135,JFK,LAX,2027-08-09,517.49,86,258
PA137,PVG,SIN,2027-08-09,275.99,180,285
PA140,LHR,YYZ,2027-08-09,305.45,54,178
PA146,NRT,LAX,2027-08-09,742.95,147,285
PA153,HKG,YYZ,2027-08-09,215.59,100,290
PA171,JFK,CDG,2027-08-09,414.03,48,287
PA172,PVG,HKG,2027-08-09,294.98,101,196
PA176,LAX,NRT,2027-08-09,384.49,123,192
PA178,YYZ,LAX,2027-08-09,365.28,116,192
PA188,YYZ,YVR,2027-08-09,572.65,59,167
PA194,YVR,HKG,2027-08-09,285.93,28,211
PA210,LHR,YYZ,2027-08-09,545.98,20,183
PA213,YYZ,PVG,2027-08-09,761.54,99,169
PA217,LHR,CDG,2027-08-09,729.25,108,160
PA219,LHR,JFK,2027-08-09,718.89,92,293
PA232,NRT,LAX,2027-08-09,757.47,99,234
PA238,NRT,HKG,2027-08-09,278.31,95,198
PA243,PVG,YYZ,2027-08-09,381.68,129,233
PA244,YVR,YYZ,2027-08-09,189.1,79,291
PA245,PVG,YYZ,2027-08-09,574.12,74,247
PA256,YYZ,YVR,2027-08-09,390.11,57,266
PA281,PVG,YYZ,2027-08-09,623.26,93,287
PA288,YYZ,YVR,2027-08-09,194.99,108,259
PA102,YYZ,LHR,2027-08-10,160.86,57,289
PA118,YYZ,LHR,2027-08-10,294.58,56,247
PA119,SIN,PVG,2027-08-10,213.86,134,243
PA121,YYZ,YVR,2027-08-10,473.9,44,193
PA134,YYZ,LAX,2027-08-10,206.99,100,178
PA143,HKG,NRT,2027-08-10,709.36,26,177
PA148,YYZ,PVG,2027-08-10,715.11,32,242
PA160,LAX,JFK,2027-08-10,149.7,107,151
PA178,YYZ,LAX,2027-08-10,365.28,136,192
PA180,PVG,SIN,2027-08-10,396.11,167,223
PA190,NRT,HKG,2027-08-10,505.24,123,213
PA191,YYZ,LAX,2027-08-10,393.46,132,170
PA193,LAX,HKG,2027-08-10,568.81,120,202
PA200,LHR,CDG,2027-08-10,210.42,21,222
PA209,PVG,HKG,2027-08-10,130.86,156,220
PA228,LAX,JFK,2027-08-10,116.57,23,207
PA242,YYZ,PVG,2027-08-10,454.99,172,226
PA244,YVR,YYZ,2027-08-10,189.1,219,291
PA256,YYZ,YVR,2027-08-10,390.11,174,266
PA263,PVG,SIN,2027-08-10,791.52,34,285
PA265,PVG,NRT,2027-08-10,398.72,214,279
PA273,JFK,YYZ,2027-08-10,368.12,30,209
PA276,PVG,YYZ,2027-08-10,244.78,34,165
PA281,PVG,YYZ,2027-08-10,623.26,123,287
PA285,CDG,JFK,2027-08-10,688.35,19,192
PA289,PVG,SIN,2027-08-10,135.2,40,196
PA295,YYZ,LAX,2027-08-10,256.96,46,239
PA100,SIN,PVG,2027-08-11,117.51,95,178
PA107,NRT,SIN,2027-08-11,666.6,30,221
PA111,YYZ,LHR,2027-08-11,693.25,71,241
PA118,YYZ,LHR,2027-08-11,294.58,186,247
PA123,LAX,SIN,2027-08-11,253.73,103,292
PA128,HKG,PVG,2027-08-11,719.28,86,251
PA133,YYZ,HKG,2027-08-11,445.46,106,280
PA155,NRT,LAX,2027-08-11,599.06,64,201
PA158,LAX,JFK,2027-08-11,336.66,128,166
PA171,JFK,CDG,2027-08-11,414.03,120,287
PA172,PVG,HKG,2027-08-11,294.98,141,196
PA177,HKG,YYZ,2027-08-11,705.26,82,204
PA182,YVR,YYZ,2027-08-11,778.1,27,205
PA185,HKG,YYZ,2027-08-11,743.57,157,278
PA192,NRT,SIN,2027-08-11,465.95,199,294
PA195,YYZ,HKG,2027-08-11,420.06,58,226
PA197,NRT,HKG,2027-08-11,151.28,102,175
PA202,HKG,SIN,2027-08-11,567.5,47,152
PA211,LAX,HKG,2027-08-11,618.86,99,191
PA215,LHR,CDG,2027-08-11,486.77,223,299
PA226,HKG,YYZ,2027-08-11,239.7,164,206
PA230,YYZ,YVR,2027-08-11,345.8,27,221
PA231,HKG,NRT,2027-08-11,575.66,64,252
PA237,HKG,NRT,2027-08-11,369.64,40,179
PA243,PVG,YYZ,2027-08-11,381.68,66,233
PA264,SIN,HKG,2027-08-11,765.03,26,231
PA269,HKG,SIN,2027-08-11,538.72,64,274
PA273,JFK,YYZ,2027-08-11,368.12,161,209
PA289,PVG,SIN,2027-08-11,135.2,13,196
PA290,CDG,LHR,2027-08-11,248.16,178,233
PA296,YYZ,YVR,2027-08-11,627.96,13,160
PA103,PVG,HKG,2027-08-12,120.86,104,158
PA106,NRT,LAX,2027-08-12,254.31,174,257
PA114,CDG,LHR,2027-08-12,486.43,102,170
PA119,SIN,PVG,2027-08-12,213.86,175,243
PA134,YYZ,LAX,2027-08-12,206.99,19,178
PA136,CDG,LHR,2027-08-12,517.12,124,247
PA137,PVG,SIN,2027-08-12,275.99,73,285
PA140,LHR,YYZ,2027-08-12,305.45,25,178
PA142,LAX,HKG,2027-08-12,633.37,193,278
PA149,YVR,NRT,2027-08-12,140.55,67,211
PA169,YYZ,LAX,2027-08-12,142.43,34,175
PA177,HKG,YYZ,2027-08-12,705.26,85,204
PA186,HKG,SIN,2027-08-12,139.82,64,190
PA187,HKG,NRT,2027-08-12,695.94,43,170
PA189,LAX,NRT,2027-08-12,183.92,47,253
PA196,YYZ,YVR,2027-08-12,420.8,44,152
PA198,LAX,YYZ,2027-08-12,285.64,136,279
PA202,HKG,SIN,2027-08-12,567.5,52,152
PA205,YYZ,LHR,2027-08-12,208.81,83,291
PA212,NRT,YVR,2027-08-12,492.63,112,259
PA223,LHR,YYZ,2027-08-12,661.56,145,255
PA230,YYZ,YVR,2027-08-12,345.8,164,221
PA258,CDG,LHR,2027-08-12,379.76,170,276
PA260,YYZ,LHR,2027-08-12,253.19,43,258
PA283,LAX,SIN,2027-08-12,439.95,160,261
PA284,CDG,LHR,2027-08-12,568.21,43,236
PA288,YYZ,YVR,2027-08-12,194.99,77,259
PA299,HKG,YYZ,2027-08-12,494.78,80,179
PA104,LAX,YYZ,2027-08-13,453.75,54,209
PA105,YYZ,JFK,2027-08-13,239.19,90,293
PA109,LHR,YYZ,2027-08-13,208.84,165,221
PA118,YYZ,LHR,2027-08-13,294.58,92,247
PA157,HKG,SIN,2027-08-13,184.7,185,265
PA160,LAX,JFK,2027-08-13,149.7,70,151
PA163,LAX,NRT,2027-08-13,568.28,118,221
PA186,HKG,SIN,2027-08-13,139.82,133,190
PA195,YYZ,HKG,2027-08-13,420.06,143,226
PA201,NRT,LAX,2027-08-13,528.17,63,227
PA202,HKG,SIN,2027-08-13,567.5,115,152
PA236,YVR,HKG,2027-08-13,524.35,129,261
PA237,HKG,NRT,2027-08-13,369.64,35,179
PA239,PVG,HKG,2027-08-13,463.94,81,150
PA245,PVG,YYZ,2027-08-13,574.12,51,247
PA249,SIN,HKG,2027-08-13,425.49,41,232
PA254,JFK,CDG,2027-08-13,117.1,60,187
PA264,SIN,HKG,2027-08-13,765.03,140,231
PA269,HKG,SIN,2027-08-13,538.72,154,274
PA275,PVG,YYZ,2027-08-13,479.83,38,234
PA276,PVG,YYZ,2027-08-13,244.78,102,165
PA278,NRT,SIN,2027-08-13,699.71,92,155
PA289,PVG,SIN,2027-08-13,135.2,150,196
PA292,CDG,LHR,2027-08-13,626.41,89,221
PA295,YYZ,LAX,2027-08-13,256.96,117,239
PA297,LAX,NRT,2027-08-13,687.46,116,201
PA100,SIN,PVG,2027-08-14,117.51,28,178
PA106,NRT,LAX,2027-08-14,254.31,35,257
PA117,YVR,YYZ,2027-08-14,698.72,87,170
PA140,LHR,YYZ,2027-08-14,305.45,130,178
PA148,YYZ,PVG,2027-08-14,715.11,78,242
PA151,HKG,PVG,2027-08-14,784.59,25,167
PA157,HKG,SIN,2027-08-14,184.7,73,265
PA160,LAX,JFK,2027-08-14,149.7,117,151
PA162,YYZ,LAX,2027-08-14,149.6,25,234
PA174,NRT,YVR,2027-08-14,135.41,29,175
PA184,YVR,HKG,2027-08-14,135.1,12,164
PA191,YYZ,LAX,2027-08-14,393.46,74,170
PA195,YYZ,HKG,2027-08-14,420.06,127,226
PA214,JFK,YYZ,2027-08-14,125.22,158,289
PA215,LHR,CDG,2027-08-14,486.77,227,299
PA223,LHR,YYZ,2027-08-14,661.56,119,255
PA226,HKG,YYZ,2027-08-14,239.7,70,206
PA234,LAX,HKG,2027-08-14,175.88,26,159
PA237,HKG,NRT,2027-08-14,369.64,119,179
PA243,PVG,YYZ,2027-08-14,381.68,116,233
PA244,YVR,YYZ,2027-08-14,189.1,205,291
PA250,PVG,NRT,2027-08-14,457.82,27,204
PA258,CDG,LHR,2027-08-14,379.76,200,276
PA261,HKG,SIN,2027-08-14,135.15,59,268
PA268,LAX,NRT,2027-08-14,636.07,103,220
PA269,HKG,SIN,2027-08-14,538.72,70,274
PA283,LAX,SIN,2027-08-14,439.95,136,261
PA104,LAX,YYZ,2027-08-15,453.75,43,209
PA119,SIN,PVG,2027-08-15,213.86,171,243
PA126,YYZ,YVR,2027-08-15,739.2,19,204
PA141,JFK,LAX,2027-08-15,102.27,171,266
PA144,YVR,NRT,2027-08-15,526.28,72,279
PA145,JFK,YYZ,2027-08-15,633.76,109,245
PA150,NRT,HKG,2027-08-15,159.96,41,170
PA166,HKG,YYZ,2027-08-15,233.29,119,254
PA175,NRT,LAX,2027-08-15,778.3,119,153
PA180,PVG,SIN,2027-08-15,396.11,95,223
PA185,HKG,YYZ,2027-08-15,743.57,67,278
PA187,HKG,NRT,2027-08-15,695.94,10,170
PA231,HKG,NRT,2027-08-15,575.66,138,252
PA233,YYZ,PVG,2027-08-15,225.0,13,216
PA236,YVR,HKG,2027-08-15,524.35,116,261
PA243,PVG,YYZ,2027-08-15,381.68,79,233
PA248,LAX,YYZ,2027-08-15,650.03,50,260
PA260,YYZ,LHR,2027-08-15,253.19,152,258
PA263,PVG,SIN,2027-08-15,791.52,130,285
PA267,HKG,YYZ,2027-08-15,281.43,23,265
PA279,NRT,HKG,2027-08-15,433.89,109,247
PA289,PVG,SIN,2027-08-15,135.2,121,196
PA298,SIN,NRT,2027-08-15,266.98,145,189
PA133,YYZ,HKG,2027-08-16,445.46,222,280
PA148,YYZ,PVG,2027-08-16,715.11,156,242
PA153,HKG,YYZ,2027-08-16,215.59,190,290
PA162,YYZ,LAX,2027-08-16,149.6,64,234
PA166,HKG,YYZ,2027-08-16,233.29,105,254
PA169,YYZ,LAX,2027-08-16,142.43,101,175
PA171,JFK,CDG,2027-08-16,414.03,83,287
PA174,NRT,YVR,2027-08-16,135.41,136,175
PA178,YYZ,LAX,2027-08-16,365.28,140,192
PA194,YVR,HKG,2027-08-16,285.93,47,211
PA208,LAX,HKG,2027-08-16,164.61,108,163
PA210,LHR,YYZ,2027-08-16,545.98,63,183
PA213,YYZ,PVG,2027-08-16,761.54,117,169
PA215,LHR,CDG,2027-08-16,486.77,58,299
PA220,PVG,YYZ,2027-08-16,748.03,123,189
PA234,LAX,HKG,2027-08-16,175.88,22,159
PA239,PVG,HKG,2027-08-16,463.94,31,150
PA247,NRT,YVR,2027-08-16,312.71,80,150
PA266,NRT,YVR,2027-08-16,728.05,138,264
PA268,LAX,NRT,2027-08-16,636.07,174,220
PA277,PVG,YYZ,2027-08-16,733.39,48,249
PA291,YVR,HKG,2027-08-16,632.86,25,236
PA298,SIN,NRT,2027-08-16,266.98,93,189
PA102,YYZ,LHR,2027-08-17,160.86,81,289
PA116,YYZ,YVR,2027-08-17,562.88,53,161
PA144,YVR,NRT,2027-08-17,526.28,81,279
PA153,HKG,YYZ,2027-08-17,215.59,186,290
PA163,LAX,NRT,2027-08-17,568.28,95,221
PA167,YYZ,LHR,2027-08-17,348.01,93,260
PA169,YYZ,LAX,2027-08-17,142.43,22,175
PA170,LHR,YYZ,2027-08-17,274.06,51,177
PA176,LAX,NRT,2027-08-17,384.49,65,192
PA188,YYZ,YVR,2027-08-17,572.65,41,167
PA190,NRT,HKG,2027-08-17,505.24,122,213
PA194,YVR,HKG,2027-08-17,285.93,95,211
PA196,YYZ,YVR,2027-08-17,420.8,61,152
PA204,YYZ,LHR,2027-08-17,285.13,128,184
PA208,LAX,HKG,2027-08-17,164.61,101,163
PA218,LAX,YYZ,2027-08-17,566.85,65,213
PA219,LHR,JFK,2027-08-17,718.89,59,293
PA224,LAX,NRT,2027-08-17,211.44,162,218
PA227,PVG,SIN,2027-08-17,313.63,112,239
PA251,JFK,LAX,2027-08-17,298.65,13,171
PA256,YYZ,YVR,2027-08-17,390.11,127,266
PA265,PVG,NRT,2027-08-17,398.72,175,279
PA269,HKG,SIN,2027-08-17,538.72,96,274
PA274,JFK,YYZ,2027-08-17,144.96,42,204
PA281,PVG,YYZ,2027-08-17,623.26,163,287
PA286,YYZ,HKG,2027-08-17,118.88,216,286
PA287,CDG,JFK,2027-08-17,564.1,218,294
PA290,CDG,LHR,2027-08-17,248.16,15,233
PA291,YVR,HKG,2027-08-17,632.86,85,236
PA294,HKG,YYZ,2027-08-17,624.32,116,154
PA102,YYZ,LHR,2027-08-18,160.86,205,289
PA104,LAX,YYZ,2027-08-18,453.75,57,209
PA116,YYZ,YVR,2027-08-18,562.88,49,161
PA117,YVR,YYZ,2027-08-18,698.72,113,170
PA122,LAX,NRT,2027-08-18,423.58,34,191
PA126,YYZ,YVR,2027-08-18,739.2,134,204
PA132,CDG,JFK,2027-08-18,253.52,60,242
PA135,JFK,LAX,2027-08-18,517.49,188,258
PA136,CDG,LHR,2027-08-18,517.12,193,247
PA147,SIN,HKG,2027-08-18,442.02,152,232
PA149,YVR,NRT,2027-08-18,140.55,140,211
PA151,HKG,PVG,2027-08-18,784.59,95,167
PA154,HKG,SIN,2027-08-18,775.05,62,258
PA165,NRT,HKG,2027-08-18,430.87,60,297
PA166,HKG,YYZ,2027-08-18,233.29,73,254
PA168,PVG,YYZ,2027-08-18,704.69,119,269
PA173,LAX,NRT,2027-08-18,410.19,102,169
PA177,HKG,YYZ,2027-08-18,705.26,116,204
PA178,YYZ,LAX,2027-08-18,365.28,64,192
PA188,YYZ,YVR,2027-08-18,572.65,132,167
PA200,LHR,CDG,2027-08-18,210.42,25,222
PA235,PVG,HKG,2027-08-18,609.98,34,238
PA262,LAX,NRT,2027-08-18,419.52,71,181
PA289,PVG,SIN,2027-08-18,135.2,134,196
PA297,LAX,NRT,2027-08-18,687.46,86,201
PA299,HKG,YYZ,2027-08-18,494.78,107,179
PA106,NRT,LAX,2027-08-19,254.31,21,257
PA107,NRT,SIN,2027-08-19,666.6,44,221
PA113,PVG,SIN,2027-08-19,187.38,58,287
PA117,YVR,YYZ,2027-08-19,698.72,42,170
PA118,YYZ,LHR,2027-08-19,294.58,62,247
PA126,YYZ,YVR,2027-08-19,739.2,34,204
PA134,YYZ,LAX,2027-08-19,206.99,73,178
PA136,CDG,LHR,2027-08-19,517.12,17,247
PA164,LAX,YYZ,2027-08-19,192.62,172,288
PA173,LAX,NRT,2027-08-19,410.19,45,169
PA192,NRT,SIN,2027-08-19,465.95,212,294
PA203,NRT,YVR,2027-08-19,752.23,150,226
PA204,YYZ,LHR,2027-08-19,285.13,137,184
PA205,YYZ,LHR,2027-08-19,208.81,168,291
PA209,PVG,HKG,2027-08-19,130.86,150,220
PA215,LHR,CDG,2027-08-19,486.77,149,299
PA220,PVG,YYZ,2027-08-19,748.03,130,189
PA225,YYZ,LHR,2027-08-19,710.52,125,247
PA230,YYZ,YVR,2027-08-19,345.8,69,221
PA231,HKG,NRT,2027-08-19,575.66,100,252
PA232,NRT,LAX,2027-08-19,757.47,18,234
PA247,NRT,YVR,2027-08-19,312.71,58,150
PA250,PVG,NRT,2027-08-19,457.82,26,204
PA251,JFK,LAX,2027-08-19,298.65,30,171
PA275,PVG,YYZ,2027-08-19,479.83,186,234
PA286,YYZ,HKG,2027-08-19,118.88,115,286
PA104,LAX,YYZ,2027-08-20,453.75,86,209
PA114,CDG,LHR,2027-08-20,486.43,11,170
PA121,YYZ,YVR,2027-08-20,473.9,91,193
PA125,YYZ,LAX,2027-08-20,380.82,78,230
PA149,YVR,NRT,2027-08-20,140.55,112,211
PA154,HKG,SIN,2027-08-20,775.05,51,258
PA166,HKG,YYZ,2027-08-20,233.29,59,254
PA174,NRT,YVR,2027-08-20,135.41,89,175
PA178,YYZ,LAX,2027-08-20,365.28,131,192
PA197,NRT,HKG,2027-08-20,151.28,63,175
PA217,LHR,CDG,2027-08-20,729.25,92,160
PA222,JFK,LHR,2027-08-20,117.35,38,255
PA226,HKG,YYZ,2027-08-20,239.7,138,206
PA233,YYZ,PVG,2027-08-20,225.0,92,216
PA238,NRT,HKG,2027-08-20,278.31,35,198
PA247,NRT,YVR,2027-08-20,312.71,90,150
PA262,LAX,NRT,2027-08-20,419.52,39,181
PA285,CDG,JFK,2027-08-20,688.35,21,192
PA293,PVG,YYZ,2027-08-20,684.44,115,214
PA116,YYZ,YVR,2027-08-21,562.88,104,161
PA125,YYZ,LAX,2027-08-21,380.82,63,230
PA132,CDG,JFK,2027-08-21,253.52,112,242
PA137,PVG,SIN,2027-08-21,275.99,123,285
PA152,NRT,LAX,2027-08-21,189.87,59,182
PA156,CDG,JFK,2027-08-21,406.67,141,245
PA157,HKG,SIN,2027-08-21,184.7,211,265
PA180,PVG,SIN,2027-08-21,396.11,26,223
PA182,YVR,YYZ,2027-08-21,778.1,27,205
PA191,YYZ,LAX,2027-08-21,393.46,28,170
PA208,LAX,HKG,2027-08-21,164.61,88,163
PA211,LAX,HKG,2027-08-21,618.86,91,191
PA233,YYZ,PVG,2027-08-21,225.0,38,216
PA236,YVR,HKG,2027-08-21,524.35,67,261
PA250,PVG,NRT,2027-08-21,457.82,46,204
PA262,LAX,NRT,2027-08-21,419.52,28,181
PA275,PVG,YYZ,2027-08-21,479.83,54,234
PA279,NRT,HKG,2027-08-21,433.89,60,247
PA112,SIN,HKG,2027-08-22,664.99,42,217
PA128,HKG,PVG,2027-08-22,719.28,94,251
PA138,NRT,YVR,2027-08-22,576.2,87,152
PA144,YVR,NRT,2027-08-22,526.28,64,279
PA148,YYZ,PVG,2027-08-22,715.11,146,242
PA150,NRT,HKG,2027-08-22,159.96,24,170
PA156,CDG,JFK,2027-08-22,406.67,192,245
PA164,LAX,YYZ,2027-08-22,192.62,192,288
PA172,PVG,HKG,2027-08-22,294.98,88,196
PA179,CDG,LHR,2027-08-22,748.56,152,217
PA187,HKG,NRT,2027-08-22,695.94,116,170
PA188,YYZ,YVR,2027-08-22,572.65,28,167
PA189,LAX,NRT,2027-08-22,183.92,170,253
PA192,NRT,SIN,2027-08-22,465.95,39,294
PA196,YYZ,YVR,2027-08-22,420.8,63,152
PA199,LHR,JFK,2027-08-22,715.49,133,167
PA217,LHR,CDG,2027-08-22,729.25,48,160
PA220,PVG,YYZ,2027-08-22,748.03,110,189
PA222,JFK,LHR,2027-08-22,117.35,86,255
PA225,YYZ,LHR,2027-08-22,710.52,70,247
PA231,HKG,NRT,2027-08-22,575.66,34,252
PA233,YYZ,PVG,2027-08-22,225.0,81,216
PA260,YYZ,LHR,2027-08-22,253.19,205,258
PA261,HKG,SIN,2027-08-22,135.15,38,268
PA263,PVG,SIN,2027-08-22,791.52,127,285
PA265,PVG,NRT,2027-08-22,398.72,137,279
PA268,LAX,NRT,2027-08-22,636.07,44,220
PA269,HKG,SIN,2027-08-22,538.72,136,274
PA272,YVR,HKG,2027-08-22,156.4,138,288
PA293,PVG,YYZ,2027-08-22,684.44,41,214
PA299,HKG,YYZ,2027-08-22,494.78,15,179
PA100,SIN,PVG,2027-08-23,117.51,75,178
PA114,CDG,LHR,2027-08-23,486.43,135,170
PA117,YVR,YYZ,2027-08-23,698.72,89,170
PA118,YYZ,LHR,2027-08-23,294.58,176,247
PA134,YYZ,LAX,2027-08-23,206.99,33,178
PA142,LAX,HKG,2027-08-23,633.37,100,278
PA143,HKG,NRT,2027-08-23,709.36,103,177
PA150,NRT,HKG,2027-08-23,159.96,85,170
PA151,HKG,PVG,2027-08-23,784.59,17,167
PA155,NRT,LAX,2027-08-23,599.06,104,201
PA156,CDG,JFK,2027-08-23,406.67,145,245
PA157,HKG,SIN,2027-08-23,184.7,166,265
PA160,LAX,JFK,2027-08-23,149.7,60,151
PA165,NRT,HKG,2027-08-23,430.87,187,297
PA179,CDG,LHR,2027-08-23,748.56,117,217
PA188,YYZ,YVR,2027-08-23,572.65,98,167
PA191,YYZ,LAX,2027-08-23,393.46,12,170
PA197,NRT,HKG,2027-08-23,151.28,17,175
PA205,YYZ,LHR,2027-08-23,208.81,135,291
PA212,NRT,YVR,2027-08-23,492.63,175,259
PA218,LAX,YYZ,2027-08-23,566.85,148,213
PA223,LHR,YYZ,2027-08-23,661.56,147,255
PA227,PVG,SIN,2027-08-23,313.63,176,239
PA234,LAX,HKG,2027-08-23,175.88,59,159
PA240,NRT,LAX,2027-08-23,354.96,66,200
PA254,JFK,CDG,2027-08-23,117.1,149,187
PA270,LAX,SIN,2027-08-23,154.24,14,262
PA271,YVR,YYZ,2027-08-23,290.2,120,210
PA273,JFK,YYZ,2027-08-23,368.12,107,209
PA277,PVG,YYZ,2027-08-23,733.39,139,249
PA285,CDG,JFK,2027-08-23,688.35,37,192
PA290,CDG,LHR,2027-08-23,248.16,23,233
PA296,YYZ,YVR,2027-08-23,627.96,59,160
PA299,HKG,YYZ,2027-08-23,494.78,26,179
PA100,SIN,PVG,2027-08-24,117.51,113,178
PA109,LHR,YYZ,2027-08-24,208.84,98,221
PA110,LHR,YYZ,2027-08-24,164.92,121,176
PA119,SIN,PVG,2027-08-24,213.86,112,243
PA130,LAX,NRT,2027-08-24,477.28,81,293
PA141,JFK,LAX,2027-08-24,102.27,92,266
PA160,LAX,JFK,2027-08-24,149.7,105,151
PA163,LAX,NRT,2027-08-24,568.28,92,221
PA170,LHR,YYZ,2027-08-24,274.06,98,177
PA176,LAX,NRT,2027-08-24,384.49,15,192
PA182,YVR,YYZ,2027-08-24,778.1,111,205
PA185,HKG,YYZ,2027-08-24,743.57,81,278
PA204,YYZ,LHR,2027-08-24,285.13,21,184
PA230,YYZ,YVR,2027-08-24,345.8,54,221
PA232,NRT,LAX,2027-08-24,757.47,119,234
PA251,JFK,LAX,2027-08-24,298.65,106,171
PA259,JFK,YYZ,2027-08-24,724.86,119,151
PA264,SIN,HKG,2027-08-24,765.03,81,231
PA272,YVR,HKG,2027-08-24,156.4,46,288
PA275,PVG,YYZ,2027-08-24,479.83,82,234
PA287,CDG,JFK,2027-08-24,564.1,61,294
PA296,YYZ,YVR,2027-08-24,627.96,74,160
PA298,SIN,NRT,2027-08-24,266.98,128,189
PA101,LAX,SIN,2027-08-25,256.25,55,212
PA107,NRT,SIN,2027-08-25,666.6,104,221
PA113,PVG,SIN,2027-08-25,187.38,126,287
PA116,YYZ,YVR,2027-08-25,562.88,119,161
PA139,YYZ,PVG,2027-08-25,625.61,143,287
PA178,YYZ,LAX,2027-08-25,365.28,11,192
PA182,YVR,YYZ,2027-08-25,778.1,121,205
PA196,YYZ,YVR,2027-08-25,420.8,91,152
PA207,LAX,YYZ,2027-08-25,453.79,72,217
PA213,YYZ,PVG,2027-08-25,761.54,83,169
PA221,LAX,NRT,2027-08-25,783.34,62,191
PA225,YYZ,LHR,2027-08-25,710.52,61,247
PA228,LAX,JFK,2027-08-25,116.57,139,207
PA237,HKG,NRT,2027-08-25,369.64,70,179
PA238,NRT,HKG,2027-08-25,278.31,16,198
PA243,PVG,YYZ,2027-08-25,381.68,64,233
PA269,HKG,SIN,2027-08-25,538.72,119,274
PA274,JFK,YYZ,2027-08-25,144.96,19,204
PA286,YYZ,HKG,2027-08-25,118.88,116,286
PA296,YYZ,YVR,2027-08-25,627.96,11,160
PA103,PVG,HKG,2027-08-26,120.86,16,158
PA104,LAX,YYZ,2027-08-26,453.75,44,209
PA112,SIN,HKG,2027-08-26,664.99,128,217
PA113,PVG,SIN,2027-08-26,187.38,48,287
PA116,YYZ,YVR,2027-08-26,562.88,68,161
PA123,LAX,SIN,2027-08-26,253.73,78,292
PA127,NRT,HKG,2027-08-26,248.84,130,230
PA142,LAX,HKG,2027-08-26,633.37,112,278
PA149,YVR,NRT,2027-08-26,140.55,16,211
PA151,HKG,PVG,2027-08-26,784.59,23,167
PA161,SIN,PVG,2027-08-26,260.26,102,165
PA171,JFK,CDG,2027-08-26,414.03,103,287
PA174,NRT,YVR,2027-08-26,135.41,86,175
PA178,YYZ,LAX,2027-08-26,365.28,79,192
PA188,YYZ,YVR,2027-08-26,572.65,50,167
PA211,LAX,HKG,2027-08-26,618.86,106,191
PA214,JFK,YYZ,2027-08-26,125.22,187,289
PA231,HKG,NRT,2027-08-26,575.66,124,252
PA236,YVR,HKG,2027-08-26,524.35,160,261
PA239,PVG,HKG,2027-08-26,463.94,97,150
PA243,PVG,YYZ,2027-08-26,381.68,29,233
PA244,YVR,YYZ,2027-08-26,189.1,94,291
PA293,PVG,YYZ,2027-08-26,684.44,20,214
PA296,YYZ,YVR,2027-08-26,627.96,79,160
PA104,LAX,YYZ,2027-08-27,453.75,115,209
PA105,YYZ,JFK,2027-08-27,239.19,22,293
PA112,SIN,HKG,2027-08-27,664.99,133,217
PA114,CDG,LHR,2027-08-27,486.43,133,170
PA118,YYZ,LHR,2027-08-27,294.58,43,247
PA123,LAX,SIN,2027-08-27,253.73,87,292
PA130,LAX,NRT,2027-08-27,477.28,131,293
PA136,CDG,LHR,2027-08-27,517.12,196,247
PA141,JFK,LAX,2027-08-27,102.27,135,266
PA146,NRT,LAX,2027-08-27,742.95,225,285
PA150,NRT,HKG,2027-08-27,159.96,79,170
PA160,LAX,JFK,2027-08-27,149.7,66,151
PA162,YYZ,LAX,2027-08-27,149.6,65,234
PA191,YYZ,LAX,2027-08-27,393.46,116,170
PA199,LHR,JFK,2027-08-27,715.49,123,167
PA211,LAX,HKG,2027-08-27,618.86,40,191
PA217,LHR,CDG,2027-08-27,729.25,44,160
PA224,LAX,NRT,2027-08-27,211.44,79,218
PA225,YYZ,LHR,2027-08-27,710.52,112,247
PA229,JFK,CDG,2027-08-27,329.78,147,252
PA231,HKG,NRT,2027-08-27,575.66,161,252
PA250,PVG,NRT,2027-08-27,457.82,46,204
PA254,JFK,CDG,2027-08-27,117.1,137,187
PA260,YYZ,LHR,2027-08-27,253.19,199,258
PA276,PVG,YYZ,2027-08-27,244.78,102,165
PA288,YYZ,YVR,2027-08-27,194.99,203,259
PA118,YYZ,LHR,2027-08-28,294.58,195,247
PA123,LAX,SIN,2027-08-28,253.73,87,292
PA125,YYZ,LAX,2027-08-28,380.82,47,230
PA130,LAX,NRT,2027-08-28,477.28,52,293
PA133,YYZ,HKG,2027-08-28,445.46,188,280
PA141,JFK,LAX,2027-08-28,102.27,47,266
PA144,YVR,NRT,2027-08-28,526.28,106,279
PA151,HKG,PVG,2027-08-28,784.59,96,167
PA156,CDG,JFK,2027-08-28,406.67,184,245
PA157,HKG,SIN,2027-08-28,184.7,182,265
PA161,SIN,PVG,2027-08-28,260.26,8,165
PA170,LHR,YYZ,2027-08-28,274.06,22,177
PA172,PVG,HKG,2027-08-28,294.98,151,196
PA176,LAX,NRT,2027-08-28,384.49,34,192
PA184,YVR,HKG,2027-08-28,135.1,44,164
PA187,HKG,NRT,2027-08-28,695.94,122,170
PA189,LAX,NRT,2027-08-28,183.92,82,253
PA195,YYZ,HKG,2027-08-28,420.06,109,226
PA206,YVR,YYZ,2027-08-28,602.33,39,203
PA208,LAX,HKG,2027-08-28,164.61,20,163
PA221,LAX,NRT,2027-08-28,783.34,45,191
PA224,LAX,NRT,2027-08-28,211.44,147,218
PA229,JFK,CDG,2027-08-28,329.78,137,252
PA237,HKG,NRT,2027-08-28,369.64,93,179
PA240,NRT,LAX,2027-08-28,354.96,112,200
PA245,PVG,YYZ,2027-08-28,574.12,114,247
PA250,PVG,NRT,2027-08-28,457.82,29,204
PA261,HKG,SIN,2027-08-28,135.15,147,268
PA262,LAX,NRT,2027-08-28,419.52,55,181
PA272,YVR,HKG,2027-08-28,156.4,43,288
PA285,CDG,JFK,2027-08-28,688.35,40,192
PA286,YYZ,HKG,2027-08-28,118.88,149,286
PA290,CDG,LHR,2027-08-28,248.16,88,233
PA292,CDG,LHR,2027-08-28,626.41,145,221
PA100,SIN,PVG,2027-08-29,117.51,96,178
PA105,YYZ,JFK,2027-08-29,239.19,53,293
PA106,NRT,LAX,2027-08-29,254.31,46,257
PA108,YYZ,JFK,2027-08-29,588.7,11,190
PA125,YYZ,LAX,2027-08-29,380.82,48,230
PA133,YYZ,HKG,2027-08-29,445.46,161,280
PA137,PVG,SIN,2027-08-29,275.99,176,285
PA158,LAX,JFK,2027-08-29,336.66,57,166
PA160,LAX,JFK,2027-08-29,149.7,90,151
PA172,PVG,HKG,2027-08-29,294.98,145,196
PA196,YYZ,YVR,2027-08-29,420.8,35,152
PA201,NRT,LAX,2027-08-29,528.17,168,227
PA207,LAX,YYZ,2027-08-29,453.79,112,217
PA216,PVG,HKG,2027-08-29,129.28,31,182
PA218,LAX,YYZ,2027-08-29,566.85,109,213
PA224,LAX,NRT,2027-08-29,211.44,123,218
PA235,PVG,HKG,2027-08-29,609.98,22,238
PA236,YVR,HKG,2027-08-29,524.35,138,261
PA243,PVG,YYZ,2027-08-29,381.68,185,233
PA244,YVR,YYZ,2027-08-29,189.1,197,291
PA249,SIN,HKG,2027-08-29,425.49,179,232
PA266,NRT,YVR,2027-08-29,728.05,105,264
PA272,YVR,HKG,2027-08-29,156.4,132,288
PA296,YYZ,YVR,2027-08-29,627.96,36,160
PA114,CDG,LHR,2027-08-30,486.43,90,170
PA122,LAX,NRT,2027-08-30,423.58,71,191
PA137,PVG,SIN,2027-08-30,275.99,42,285
PA167,YYZ,LHR,2027-08-30,348.01,102,260
PA168,PVG,YYZ,2027-08-30,704.69,133,269
PA180,PVG,SIN,2027-08-30,396.11,139,223
PA194,YVR,HKG,2027-08-30,285.93,28,211
PA209,PVG,HKG,2027-08-30,130.86,79,220
PA210,LHR,YYZ,2027-08-30,545.98,13,183
PA226,HKG,YYZ,2027-08-30,239.7,98,206
PA236,YVR,HKG,2027-08-30,524.35,194,261
PA240,NRT,LAX,2027-08-30,354.96,34,200
PA246,JFK,LHR,2027-08-30,310.66,194,295
PA254,JFK,CDG,2027-08-30,117.1,55,187
PA266,NRT,YVR,2027-08-30,728.05,196,264
PA267,HKG,YYZ,2027-08-30,281.43,38,265
PA274,JFK,YYZ,2027-08-30,144.96,27,204
PA293,PVG,YYZ,2027-08-30,684.44,24,214
PA295,YYZ,LAX,2027-08-30,256.96,92,239
PA112,SIN,HKG,2027-08-31,664.99,14,217
PA120,LHR,JFK,2027-08-31,569.12,11,203
PA135,JFK,LAX,2027-08-31,517.49,163,258
PA139,YYZ,PVG,2027-08-31,625.61,210,287
PA144,YVR,NRT,2027-08-31,526.28,67,279
PA164,LAX,YYZ,2027-08-31,192.62,55,288
PA165,NRT,HKG,2027-08-31,430.87,72,297
PA167,YYZ,LHR,2027-08-31,348.01,202,260
PA171,JFK,CDG,2027-08-31,414.03,94,287
PA180,PVG,SIN,2027-08-31,396.11,71,223
PA183,NRT,SIN,2027-08-31,142.67,152,288
PA192,NRT,SIN,2027-08-31,465.95,128,294
PA198,LAX,YYZ,2027-08-31,285.64,41,279
PA202,HKG,SIN,2027-08-31,567.5,86,152
PA210,LHR,YYZ,2027-08-31,545.98,124,183
PA214,JFK,YYZ,2027-08-31,125.22,38,289
PA223,LHR,YYZ,2027-08-31,661.56,108,255
PA224,LAX,NRT,2027-08-31,211.44,17,218
PA227,PVG,SIN,2027-08-31,313.63,188,239
PA229,JFK,CDG,2027-08-31,329.78,108,252
PA237,HKG,NRT,2027-08-31,369.64,46,179
PA251,JFK,LAX,2027-08-31,298.65,113,171
PA252,SIN,PVG,2027-08-31,165.37,69,235
PA261,HKG,SIN,2027-08-31,135.15,125,268
PA279,NRT,HKG,2027-08-31,433.89,182,247
PA285,CDG,JFK,2027-08-31,688.35,102,192
PA290,CDG,LHR,2027-08-31,248.16,28,233
PA108,YYZ,JFK,2027-09-01,588.7,88,190
PA116,YYZ,YVR,2027-09-01,562.88,129,161
PA117,YVR,YYZ,2027-09-01,698.72,28,170
PA119,SIN,PVG,2027-09-01,213.86,123,243
PA122,LAX,NRT,2027-09-01,423.58,96,191
PA135,JFK,LAX,2027-09-01,517.49,201,258
PA138,NRT,YVR,2027-09-01,576.2,105,152
PA149,YVR,NRT,2027-09-01,140.55,72,211
PA153,HKG,YYZ,2027-09-01,215.59,125,290
PA170,LHR,YYZ,2027-09-01,274.06,125,177
PA171,JFK,CDG,2027-09-01,414.03,64,287
PA176,LAX,NRT,2027-09-01,384.49,148,192
PA178,YYZ,LAX,2027-09-01,365.28,128,192
PA179,CDG,LHR,2027-09-01,748.56,27,217
PA185,HKG,YYZ,2027-09-01,743.57,204,278
PA188,YYZ,YVR,2027-09-01,572.65,48,167
PA190,NRT,HKG,2027-09-01,505.24,83,213
PA204,YYZ,LHR,2027-09-01,285.13,13,184
PA206,YVR,YYZ,2027-09-01,602.33,119,203
PA213,YYZ,PVG,2027-09-01,761.54,103,169
PA219,LHR,JFK,2027-09-01,718.89,27,293
PA231,HKG,NRT,2027-09-01,575.66,164,252
PA241,YYZ,YVR,2027-09-01,536.21,114,234
PA246,JFK,LHR,2027-09-01,310.66,63,295
PA248,LAX,YYZ,2027-09-01,650.03,206,260
PA262,LAX,NRT,2027-09-01,419.52,131,181
PA277,PVG,YYZ,2027-09-01,733.39,117,249
PA291,YVR,HKG,2027-09-01,632.86,142,236
PA100,SIN,PVG,2027-09-02,117.51,26,178
PA105,YYZ,JFK,2027-09-02,239.19,194,293
PA116,YYZ,YVR,2027-09-02,562.88,30,161
PA118,YYZ,LHR,2027-09-02,294.58,162,247
PA123,LAX,SIN,2027-09-02,253.73,170,292
PA128,HKG,PVG,2027-09-02,719.28,15,251
PA129,PVG,SIN,2027-09-02,285.42,106,186
PA132,CDG,JFK,2027-09-02,253.52,97,242
PA143,HKG,NRT,2027-09-02,709.36,25,177
PA161,SIN,PVG,2027-09-02,260.26,88,165
PA183,NRT,SIN,2027-09-02,142.67,46,288
PA186,HKG,SIN,2027-09-02,139.82,129,190
PA197,NRT,HKG,2027-09-02,151.28,67,175
PA199,LHR,JFK,2027-09-02,715.49,72,167
PA200,LHR,CDG,2027-09-02,210.42,155,222
PA203,NRT,YVR,2027-09-02,752.23,17,226
PA206,YVR,YYZ,2027-09-02,602.33,143,203
PA212,NRT,YVR,2027-09-02,492.63,99,259
PA234,LAX,HKG,2027-09-02,175.88,98,159
PA237,HKG,NRT,2027-09-02,369.64,70,179
PA241,YYZ,YVR,2027-09-02,536.21,135,234
PA248,LAX,YYZ,2027-09-02,650.03,180,260
PA262,LAX,NRT,2027-09-02,419.52,116,181
PA263,PVG,SIN,2027-09-02,791.52,136,285
PA269,HKG,SIN,2027-09-02,538.72,202,274
PA271,YVR,YYZ,2027-09-02,290.2,28,210
PA283,LAX,SIN,2027-09-02,439.95,117,261
PA287,CDG,JFK,2027-09-02,564.1,97,294
PA289,PVG,SIN,2027-09-02,135.2,48,196
PA290,CDG,LHR,2027-09-02,248.16,144,233
PA291,YVR,HKG,2027-09-02,632.86,108,236
PA100,SIN,PVG,2027-09-03,117.51,123,178
PA103,PVG,HKG,2027-09-03,120.86,118,158
PA111,YYZ,LHR,2027-09-03,693.25,122,241
PA130,LAX,NRT,2027-09-03,477.28,29,293
PA140,LHR,YYZ,2027-09-03,305.45,91,178
PA145,JFK,YYZ,2027-09-03,633.76,92,245
PA149,YVR,NRT,2027-09-03,140.55,45,211
PA154,HKG,SIN,2027-09-03,775.05,151,258
PA156,CDG,JFK,2027-09-03,406.67,13,245
PA161,SIN,PVG,2027-09-03,260.26,31,165
PA162,YYZ,LAX,2027-09-03,149.6,74,234
PA171,JFK,CDG,2027-09-03,414.03,111,287
PA175,NRT,LAX,2027-09-03,778.3,61,153
PA189,LAX,NRT,2027-09-03,183.92,111,253
PA190,NRT,HKG,2027-09-03,505.24,61,213
PA196,YYZ,YVR,2027-09-03,420.8,55,152
PA202,HKG,SIN,2027-09-03,567.5,105,152
PA208,LAX,HKG,2027-09-03,164.61,112,163
PA218,LAX,YYZ,2027-09-03,566.85,16,213
PA221,LAX,NRT,2027-09-03,783.34,30,191
PA222,JFK,LHR,2027-09-03,117.35,69,255
PA223,LHR,YYZ,2027-09-03,661.56,111,255
PA224,LAX,NRT,2027-09-03,211.44,168,218
PA236,YVR,HKG,2027-09-03,524.35,35,261
PA244,YVR,YYZ,2027-09-03,189.1,45,291
PA248,LAX,YYZ,2027-09-03,650.03,113,260
PA250,PVG,NRT,2027-09-03,457.82,90,204
PA253,LAX,NRT,2027-09-03,257.25,76,229
PA257,SIN,PVG,2027-09-03,236.1,170,297
PA265,PVG,NRT,2027-09-03,398.72,108,279
PA269,HKG,SIN,2027-09-03,538.72,145,274
PA271,YVR,YYZ,2027-09-03,290.2,154,210
PA273,JFK,YYZ,2027-09-03,368.12,110,209
PA274,JFK,YYZ,2027-09-03,144.96,32,204
PA281,PVG,YYZ,2027-09-03,623.26,126,287
PA284,CDG,LHR,2027-09-03,568.21,68,236
PA292,CDG,LHR,2027-09-03,626.41,61,221
PA294,HKG,YYZ,2027-09-03,624.32,98,154
PA295,YYZ,LAX,2027-09-03,256.96,137,239
PA298,SIN,NRT,2027-09-03,266.98,77,189
PA100,SIN,PVG,2027-09-04,117.51,108,178
PA103,PVG,HKG,2027-09-04,120.86,105,158
PA107,NRT,SIN,2027-09-04,666.6,36,221
PA110,LHR,YYZ,2027-09-04,164.92,66,176
PA130,LAX,NRT,2027-09-04,477.28,184,293
PA136,CDG,LHR,2027-09-04,517.12,101,247
PA140,LHR,YYZ,2027-09-04,305.45,54,178
PA147,SIN,HKG,2027-09-04,442.02,21,232
PA153,HKG,YYZ,2027-09-04,215.59,168,290
PA158,LAX,JFK,2027-09-04,336.66,16,166
PA160,LAX,JFK,2027-09-04,149.7,92,151
PA162,YYZ,LAX,2027-09-04,149.6,20,234
PA166,HKG,YYZ,2027-09-04,233.29,35,254
PA174,NRT,YVR,2027-09-04,135.41,73,175
PA190,NRT,HKG,2027-09-04,505.24,37,213
PA195,YYZ,HKG,2027-09-04,420.06,152,226
PA198,LAX,YYZ,2027-09-04,285.64,183,279
PA202,HKG,SIN,2027-09-04,567.5,48,152
PA207,LAX,YYZ,2027-09-04,453.79,157,217
PA209,PVG,HKG,2027-09-04,130.86,115,220
PA210,LHR,YYZ,2027-09-04,545.98,47,183
PA211,LAX,HKG,2027-09-04,618.86,109,191
PA221,LAX,NRT,2027-09-04,783.34,77,191
PA233,YYZ,PVG,2027-09-04,225.0,53,216
PA242,YYZ,PVG,2027-09-04,454.99,39,226
PA245,PVG,YYZ,2027-09-04,574.12,138,247
PA249,SIN,HKG,2027-09-04,425.49,119,232
PA255,LAX,NRT,2027-09-04,527.89,34,271
PA256,YYZ,YVR,2027-09-04,390.11,75,266
PA280,LHR,JFK,2027-09-04,627.43,129,226
PA285,CDG,JFK,2027-09-04,688.35,129,192
PA286,YYZ,HKG,2027-09-04,118.88,53,286
PA289,PVG,SIN,2027-09-04,135.2,89,196
PA295,YYZ,LAX,2027-09-04,256.96,144,239
PA107,NRT,SIN,2027-09-05,666.6,29,221
PA110,LHR,YYZ,2027-09-05,164.92,18,176
PA123,LAX,SIN,2027-09-05,253.73,90,292
PA125,YYZ,LAX,2027-09-05,380.82,43,230
PA127,NRT,HKG,2027-09-05,248.84,84,230
PA132,CDG,JFK,2027-09-05,253.52,68,242
PA133,YYZ,HKG,2027-09-05,445.46,154,280
PA135,JFK,LAX,2027-09-05,517.49,81,258
PA142,LAX,HKG,2027-09-05,633.37,89,278
PA148,YYZ,PVG,2027-09-05,715.11,107,242
PA155,NRT,LAX,2027-09-05,599.06,132,201
PA162,YYZ,LAX,2027-09-05,149.6,15,234
PA165,NRT,HKG,2027-09-05,430.87,129,297
PA173,LAX,NRT,2027-09-05,410.19,85,169
PA204,YYZ,LHR,2027-09-05,285.13,131,184
PA210,LHR,YYZ,2027-09-05,545.98,72,183
PA211,LAX,HKG,2027-09-05,618.86,15,191
PA220,PVG,YYZ,2027-09-05,748.03,64,189
PA232,NRT,LAX,2027-09-05,757.47,37,234
PA236,YVR,HKG,2027-09-05,524.35,189,261
PA253,LAX,NRT,2027-09-05,257.25,114,229
PA264,SIN,HKG,2027-09-05,765.03,61,231
PA277,PVG,YYZ,2027-09-05,733.39,116,249
PA289,PVG,SIN,2027-09-05,135.2,16,196
PA102,YYZ,LHR,2027-09-06,160.86,76,289
PA136,CDG,LHR,2027-09-06,517.12,62,247
PA137,PVG,SIN,2027-09-06,275.99,46,285
PA140,LHR,YYZ,2027-09-06,305.45,11,178
PA148,YYZ,PVG,2027-09-06,715.11,38,242
PA162,YYZ,LAX,2027-09-06,149.6,136,234
PA167,YYZ,LHR,2027-09-06,348.01,138,260
PA183,NRT,SIN,2027-09-06,142.67,144,288
PA184,YVR,HKG,2027-09-06,135.1,118,164
PA186,HKG,SIN,2027-09-06,139.82,129,190
PA191,YYZ,LAX,2027-09-06,393.46,124,170
PA192,NRT,SIN,2027-09-06,465.95,147,294
PA193,LAX,HKG,2027-09-06,568.81,157,202
PA200,LHR,CDG,2027-09-06,210.42,169,222
PA205,YYZ,LHR,2027-09-06,208.81,203,291
PA212,NRT,YVR,2027-09-06,492.63,166,259
PA222,JFK,LHR,2027-09-06,117.35,16,255
PA233,YYZ,PVG,2027-09-06,225.0,39,216
PA259,JFK,YYZ,2027-09-06,724.86,50,151
PA260,YYZ,LHR,2027-09-06,253.19,103,258
PA266,NRT,YVR,2027-09-06,728.05,51,264
PA267,HKG,YYZ,2027-09-06,281.43,35,265
PA268,LAX,NRT,2027-09-06,636.07,117,220
PA275,PVG,YYZ,2027-09-06,479.83,146,234
PA107,NRT,SIN,2027-09-07,666.6,13,221
PA108,YYZ,JFK,2027-09-07,588.7,70,190
PA114,CDG,LHR,2027-09-07,486.43,90,170
PA121,YYZ,YVR,2027-09-07,473.9,135,193
PA135,JFK,LAX,2027-09-07,517.49,125,258
PA138,NRT,YVR,2027-09-07,576.2,43,152
PA139,YYZ,PVG,2027-09-07,625.61,16,287
PA141,JFK,LAX,2027-09-07,102.27,173,266
PA146,NRT,LAX,2027-09-07,742.95,154,285
PA154,HKG,SIN,2027-09-07,775.05,96,258
PA159,NRT,SIN,2027-09-07,261.08,172,291
PA163,LAX,NRT,2027-09-07,568.28,11,221
PA170,LHR,YYZ,2027-09-07,274.06,78,177
PA172,PVG,HKG,2027-09-07,294.98,41,196
PA177,HKG,YYZ,2027-09-07,705.26,162,204
PA178,YYZ,LAX,2027-09-07,365.28,36,192
PA188,YYZ,YVR,2027-09-07,572.65,55,167
PA224,LAX,NRT,2027-09-07,211.44,26,218
PA226,HKG,YYZ,2027-09-07,239.7,42,206
PA245,PVG,YYZ,2027-09-07,574.12,166,247
PA247,NRT,YVR,2027-09-07,312.71,108,150
PA256,YYZ,YVR,2027-09-07,390.11,135,266
PA261,HKG,SIN,2027-09-07,135.15,93,268
PA263,PVG,SIN,2027-09-07,791.52,28,285
PA267,HKG,YYZ,2027-09-07,281.43,108,265
PA270,LAX,SIN,2027-09-07,154.24,139,262
PA273,JFK,YYZ,2027-09-07,368.12,61,209
PA278,NRT,SIN,2027-09-07,699.71,113,155
PA285,CDG,JFK,2027-09-07,688.35,70,192
PA290,CDG,LHR,2027-09-07,248.16,22,233
PA295,YYZ,LAX,2027-09-07,256.96,130,239
PA100,SIN,PVG,2027-09-08,117.51,85,178
PA112,SIN,HKG,2027-09-08,664.99,26,217
PA119,SIN,PVG,2027-09-08,213.86,186,243
PA120,LHR,JFK,2027-09-08,569.12,92,203
PA124,YVR,HKG,2027-09-08,260.33,130,164
PA129,PVG,SIN,2027-09-08,285.42,71,186
PA190,NRT,HKG,2027-09-08,505.24,107,213
PA202,HKG,SIN,2027-09-08,567.5,26,152
PA218,LAX,YYZ,2027-09-08,566.85,155,213
PA227,PVG,SIN,2027-09-08,313.63,168,239
PA230,YYZ,YVR,2027-09-08,345.8,54,221
PA231,HKG,NRT,2027-09-08,575.66,142,252
PA243,PVG,YYZ,2027-09-08,381.68,46,233
PA257,SIN,PVG,2027-09-08,236.1,78,297
PA264,SIN,HKG,2027-09-08,765.03,21,231
PA265,PVG,NRT,2027-09-08,398.72,84,279
PA266,NRT,YVR,2027-09-08,728.05,148,264
PA269,HKG,SIN,2027-09-08,538.72,203,274
PA270,LAX,SIN,2027-09-08,154.24,198,262
PA103,PVG,HKG,2027-09-09,120.86,116,158
PA106,NRT,LAX,2027-09-09,254.31,153,257
PA107,NRT,SIN,2027-09-09,666.6,103,221
PA111,YYZ,LHR,2027-09-09,693.25,32,241
PA131,NRT,SIN,2027-09-09,728.48,32,259
PA147,SIN,HKG,2027-09-09,442.02,124,232
PA156,CDG,JFK,2027-09-09,406.67,14,245
PA174,NRT,YVR,2027-09-09,135.41,106,175
PA194,YVR,HKG,2027-09-09,285.93,19,211
PA201,NRT,LAX,2027-09-09,528.17,118,227
PA204,YYZ,LHR,2027-09-09,285.13,51,184
PA205,YYZ,LHR,2027-09-09,208.81,204,291
PA215,LHR,CDG,2027-09-09,486.77,220,299
PA219,LHR,JFK,2027-09-09,718.89,158,293
PA225,YYZ,LHR,2027-09-09,710.52,93,247
PA244,YVR,YYZ,2027-09-09,189.1,212,291
PA250,PVG,NRT,2027-09-09,457.82,78,204
PA252,SIN,PVG,2027-09-09,165.37,35,235
PA260,YYZ,LHR,2027-09-09,253.19,98,258
PA262,LAX,NRT,2027-09-09,419.52,81,181
PA268,LAX,NRT,2027-09-09,636.07,70,220
PA273,JFK,YYZ,2027-09-09,368.12,17,209
PA282,NRT,LAX,2027-09-09,441.76,40,206
PA286,YYZ,HKG,2027-09-09,118.88,150,286
PA292,CDG,LHR,2027-09-09,626.41,75,221
PA102,YYZ,LHR,2027-09-10,160.86,194,289
PA136,CDG,LHR,2027-09-10,517.12,147,247
PA137,PVG,SIN,2027-09-10,275.99,67,285
PA139,YYZ,PVG,2027-09-10,625.61,215,287
PA142,LAX,HKG,2027-09-10,633.37,120,278
PA156,CDG,JFK,2027-09-10,406.67,160,245
PA157,HKG,SIN,2027-09-10,184.7,190,265
PA186,HKG,SIN,2027-09-10,139.82,84,190
PA193,LAX,HKG,2027-09-10,568.81,102,202
PA194,YVR,HKG,2027-09-10,285.93,19,211
PA198,LAX,YYZ,2027-09-10,285.64,58,279
PA199,LHR,JFK,2027-09-10,715.49,119,167
PA202,HKG,SIN,2027-09-10,567.5,36,152
PA204,YYZ,LHR,2027-09-10,285.13,78,184
PA206,YVR,YYZ,2027-09-10,602.33,63,203
PA208,LAX,HKG,2027-09-10,164.61,109,163
PA210,LHR,YYZ,2027-09-10,545.98,105,183
PA216,PVG,HKG,2027-09-10,129.28,78,182
PA218,LAX,YYZ,2027-09-10,566.85,41,213
PA225,YYZ,LHR,2027-09-10,710.52,178,247
PA228,LAX,JFK,2027-09-10,116.57,26,207
PA231,HKG,NRT,2027-09-10,575.66,55,252
PA244,YVR,YYZ,2027-09-10,189.1,158,291
PA248,LAX,YYZ,2027-09-10,650.03,104,260
PA253,LAX,NRT,2027-09-10,257.25,62,229
PA255,LAX,NRT,2027-09-10,527.89,199,271
PA264,SIN,HKG,2027-09-10,765.03,21,231
PA291,YVR,HKG,2027-09-10,632.86,142,236
PA295,YYZ,LAX,2027-09-10,256.96,44,239
PA103,PVG,HKG,2027-09-11,120.86,101,158
PA122,LAX,NRT,2027-09-11,423.58,42,191
PA127,NRT,HKG,2027-09-11,248.84,144,230
PA150,NRT,HKG,2027-09-11,159.96,94,170
PA154,HKG,SIN,2027-09-11,775.05,56,258
PA158,LAX,JFK,2027-09-11,336.66,29,166
PA172,PVG,HKG,2027-09-11,294.98,25,196
PA175,NRT,LAX,2027-09-11,778.3,89,153
PA184,YVR,HKG,2027-09-11,135.1,26,164
PA198,LAX,YYZ,2027-09-11,285.64,206,279
PA199,LHR,JFK,2027-09-11,715.49,31,167
PA204,YYZ,LHR,2027-09-11,285.13,67,184
PA211,LAX,HKG,2027-09-11,618.86,98,191
PA215,LHR,CDG,2027-09-11,486.77,110,299
PA226,HKG,YYZ,2027-09-11,239.7,81,206
PA231,HKG,NRT,2027-09-11,575.66,122,252
PA234,LAX,HKG,2027-09-11,175.88,64,159
PA244,YVR,YYZ,2027-09-11,189.1,174,291
PA250,PVG,NRT,2027-09-11,457.82,148,204
PA251,JFK,LAX,2027-09-11,298.65,37,171
PA254,JFK,CDG,2027-09-11,117.1,27,187
PA266,NRT,YVR,2027-09-11,728.05,56,264
PA276,PVG,YYZ,2027-09-11,244.78,83,165
PA279,NRT,HKG,2027-09-11,433.89,180,247
PA290,CDG,LHR,2027-09-11,248.16,171,233
PA112,SIN,HKG,2027-09-12,664.99,125,217
PA120,LHR,JFK,2027-09-12,569.12,17,203
PA126,YYZ,YVR,2027-09-12,739.2,155,204
PA132,CDG,JFK,2027-09-12,253.52,66,242
PA150,NRT,HKG,2027-09-12,159.96,12,170
PA151,HKG,PVG,2027-09-12,784.59,59,167
PA156,CDG,JFK,2027-09-12,406.67,67,245
PA157,HKG,SIN,2027-09-12,184.7,68,265
PA164,LAX,YYZ,2027-09-12,192.62,226,288
PA165,NRT,HKG,2027-09-12,430.87,143,297
PA166,HKG,YYZ,2027-09-12,233.29,152,254
PA172,PVG,HKG,2027-09-12,294.98,129,196
PA175,NRT,LAX,2027-09-12,778.3,91,153
PA176,LAX,NRT,2027-09-12,384.49,97,192
PA177,HKG,YYZ,2027-09-12,705.26,84,204
PA191,YYZ,LAX,2027-09-12,393.46,116,170
PA193,LAX,HKG,2027-09-12,568.81,53,202
PA207,LAX,YYZ,2027-09-12,453.79,166,217
PA208,LAX,HKG,2027-09-12,164.61,68,163
PA232,NRT,LAX,2027-09-12,757.47,13,234
PA234,LAX,HKG,2027-09-12,175.88,27,159
PA241,YYZ,YVR,2027-09-12,536.21,126,234
PA246,JFK,LHR,2027-09-12,310.66,116,295
PA260,YYZ,LHR,2027-09-12,253.19,44,258
PA265,PVG,NRT,2027-09-12,398.72,88,279
PA274,JFK,YYZ,2027-09-12,144.96,101,204
PA283,LAX,SIN,2027-09-12,439.95,154,261
PA290,CDG,LHR,2027-09-12,248.16,68,233
PA110,LHR,YYZ,2027-09-13,164.92,76,176
PA111,YYZ,LHR,2027-09-13,693.25,130,241
PA125,YYZ,LAX,2027-09-13,380.82,95,230
PA133,YYZ,HKG,2027-09-13,445.46,40,280
PA134,YYZ,LAX,2027-09-13,206.99,45,178
PA135,JFK,LAX,2027-09-13,517.49,100,258
PA142,LAX,HKG,2027-09-13,633.37,201,278
PA146,NRT,LAX,2027-09-13,742.95,167,285
PA148,YYZ,PVG,2027-09-13,715.11,89,242
PA155,NRT,LAX,2027-09-13,599.06,15,201
PA156,CDG,JFK,2027-09-13,406.67,175,245
PA158,LAX,JFK,2027-09-13,336.66,42,166
PA163,LAX,NRT,2027-09-13,568.28,76,221
PA171,JFK,CDG,2027-09-13,414.03,226,287
PA172,PVG,HKG,2027-09-13,294.98,57,196
PA186,HKG,SIN,2027-09-13,139.82,67,190
PA193,LAX,HKG,2027-09-13,568.81,20,202
PA199,LHR,JFK,2027-09-13,715.49,83,167
PA204,YYZ,LHR,2027-09-13,285.13,124,184
PA205,YYZ,LHR,2027-09-13,208.81,171,291
PA209,PVG,HKG,2027-09-13,130.86,37,220
PA212,NRT,YVR,2027-09-13,492.63,125,259
PA221,LAX,NRT,2027-09-13,783.34,100,191
PA227,PVG,SIN,2027-09-13,313.63,186,239
PA242,YYZ,PVG,2027-09-13,454.99,86,226
PA255,LAX,NRT,2027-09-13,527.89,22,271
PA261,HKG,SIN,2027-09-13,135.15,175,268
PA264,SIN,HKG,2027-09-13,765.03,56,231
PA268,LAX,NRT,2027-09-13,636.07,152,220
PA277,PVG,YYZ,2027-09-13,733.39,100,249
PA288,YYZ,YVR,2027-09-13,194.99,129,259
PA289,PVG,SIN,2027-09-13,135.2,15,196
PA291,YVR,HKG,2027-09-13,632.86,160,236
PA298,SIN,NRT,2027-09-13,266.98,59,189
PA149,YVR,NRT,2027-09-14,140.55,63,211
PA151,HKG,PVG,2027-09-14,784.59,26,167
PA152,NRT,LAX,2027-09-14,189.87,26,182
PA160,LAX,JFK,2027-09-14,149.7,53,151
PA164,LAX,YYZ,2027-09-14,192.62,109,288
PA177,HKG,YYZ,2027-09-14,705.26,39,204
PA180,PVG,SIN,2027-09-14,396.11,167,223
PA189,LAX,NRT,2027-09-14,183.92,98,253
PA195,YYZ,HKG,2027-09-14,420.06,110,226
PA208,LAX,HKG,2027-09-14,164.61,14,163
PA214,JFK,YYZ,2027-09-14,125.22,31,289
PA215,LHR,CDG,2027-09-14,486.77,208,299
PA232,NRT,LAX,2027-09-14,757.47,139,234
PA242,YYZ,PVG,2027-09-14,454.99,38,226
PA258,CDG,LHR,2027-09-14,379.76,194,276
PA264,SIN,HKG,2027-09-14,765.03,170,231
PA266,NRT,YVR,2027-09-14,728.05,84,264
PA273,JFK,YYZ,2027-09-14,368.12,66,209
PA290,CDG,LHR,2027-09-14,248.16,88,233
PA297,LAX,NRT,2027-09-14,687.46,117,201
PA298,SIN,NRT,2027-09-14,266.98,141,189
PA100,SIN,PVG,2027-09-15,117.51,11,178
PA105,YYZ,JFK,2027-09-15,239.19,232,293
PA115,SIN,PVG,2027-09-15,504.15,126,242
PA134,YYZ,LAX,2027-09-15,206.99,71,178
PA151,HKG,PVG,2027-09-15,784.59,71,167
PA152,NRT,LAX,2027-09-15,189.87,111,182
PA154,HKG,SIN,2027-09-15,775.05,181,258
PA171,JFK,CDG,2027-09-15,414.03,25,287
PA177,HKG,YYZ,2027-09-15,705.26,34,204
PA187,HKG,NRT,2027-09-15,695.94,39,170
PA197,NRT,HKG,2027-09-15,151.28,50,175
PA202,HKG,SIN,2027-09-15,567.5,85,152
PA208,LAX,HKG,2027-09-15,164.61,41,163
PA213,YYZ,PVG,2027-09-15,761.54,49,169
PA221,LAX,NRT,2027-09-15,783.34,118,191
PA226,HKG,YYZ,2027-09-15,239.7,54,206
PA232,NRT,LAX,2027-09-15,757.47,124,234
PA235,PVG,HKG,2027-09-15,609.98,20,238
PA236,YVR,HKG,2027-09-15,524.35,156,261
PA242,YYZ,PVG,2027-09-15,454.99,114,226
PA243,PVG,YYZ,2027-09-15,381.68,81,233
PA246,JFK,LHR,2027-09-15,310.66,152,295
PA259,JFK,YYZ,2027-09-15,724.86,115,151
PA262,LAX,NRT,2027-09-15,419.52,37,181
PA265,PVG,NRT,2027-09-15,398.72,107,279
PA278,NRT,SIN,2027-09-15,699.71,80,155
PA280,LHR,JFK,2027-09-15,627.43,111,226
PA282,NRT,LAX,2027-09-15,441.76,105,206
PA283,LAX,SIN,2027-09-15,439.95,33,261
PA288,YYZ,YVR,2027-09-15,194.99,108,259
PA291,YVR,HKG,2027-09-15,632.86,24,236
PA103,PVG,HKG,2027-09-16,120.86,76,158
PA105,YYZ,JFK,2027-09-16,239.19,141,293
PA118,YYZ,LHR,2027-09-16,294.58,193,247
PA119,SIN,PVG,2027-09-16,213.86,79,243
PA128,HKG,PVG,2027-09-16,719.28,98,251
PA130,LAX,NRT,2027-09-16,477.28,108,293
PA132,CDG,JFK,2027-09-16,253.52,30,242
PA136,CDG,LHR,2027-09-16,517.12,84,247
PA138,NRT,YVR,2027-09-16,576.2,25,152
PA140,LHR,YYZ,2027-09-16,305.45,58,178
PA144,YVR,NRT,2027-09-16,526.28,126,279
PA153,HKG,YYZ,2027-09-16,215.59,214,290
PA162,YYZ,LAX,2027-09-16,149.6,81,234
PA179,CDG,LHR,2027-09-16,748.56,75,217
PA182,YVR,YYZ,2027-09-16,778.1,22,205
PA189,LAX,NRT,2027-09-16,183.92,109,253
PA191,YYZ,LAX,2027-09-16,393.46,105,170
PA201,NRT,LAX,2027-09-16,528.17,47,227
PA214,JFK,YYZ,2027-09-16,125.22,55,289
PA216,PVG,HKG,2027-09-16,129.28,54,182
PA220,PVG,YYZ,2027-09-16,748.03,138,189
PA228,LAX,JFK,2027-09-16,116.57,55,207
PA229,JFK,CDG,2027-09-16,329.78,122,252
PA231,HKG,NRT,2027-09-16,575.66,13,252
PA235,PVG,HKG,2027-09-16,609.98,82,238
PA257,SIN,PVG,2027-09-16,236.1,201,297
PA261,HKG,SIN,2027-09-16,135.15,29,268
PA270,LAX,SIN,2027-09-16,154.24,86,262
PA283,LAX,SIN,2027-09-16,439.95,119,261
PA289,PVG,SIN,2027-09-16,135.2,23,196
PA297,LAX,NRT,2027-09-16,687.46,57,201
PA106,NRT,LAX,2027-09-17,254.31,25,257
PA114,CDG,LHR,2027-09-17,486.43,36,170
PA118,YYZ,LHR,2027-09-17,294.58,154,247
PA123,LAX,SIN,2027-09-17,253.73,98,292
PA124,YVR,HKG,2027-09-17,260.33,79,164
PA129,PVG,SIN,2027-09-17,285.42,102,186
PA139,YYZ,PVG,2027-09-17,625.61,31,287
PA150,NRT,HKG,2027-09-17,159.96,28,170
PA159,NRT,SIN,2027-09-17,261.08,227,291
PA161,SIN,PVG,2027-09-17,260.26,109,165
PA172,PVG,HKG,2027-09-17,294.98,66,196
PA174,NRT,YVR,2027-09-17,135.41,95,175
PA188,YYZ,YVR,2027-09-17,572.65,42,167
PA195,YYZ,HKG,2027-09-17,420.06,101,226
PA198,LAX,YYZ,2027-09-17,285.64,128,279
PA200,LHR,CDG,2027-09-17,210.42,48,222
PA211,LAX,HKG,2027-09-17,618.86,10,191
PA225,YYZ,LHR,2027-09-17,710.52,85,247
PA240,NRT,LAX,2027-09-17,354.96,101,200
PA244,YVR,YYZ,2027-09-17,189.1,63,291
PA252,SIN,PVG,2027-09-17,165.37,116,235
PA253,LAX,NRT,2027-09-17,257.25,120,229
PA258,CDG,LHR,2027-09-17,379.76,84,276
PA261,HKG,SIN,2027-09-17,135.15,204,268
PA265,PVG,NRT,2027-09-17,398.72,74,279
PA274,JFK,YYZ,2027-09-17,144.96,14,204
PA275,PVG,YYZ,2027-09-17,479.83,124,234
PA108,YYZ,JFK,2027-09-18,588.7,73,190
PA117,YVR,YYZ,2027-09-18,698.72,110,170
PA118,YYZ,LHR,2027-09-18,294.58,187,247
PA120,LHR,JFK,2027-09-18,569.12,44,203
PA121,YYZ,YVR,2027-09-18,473.9,127,193
PA133,YYZ,HKG,2027-09-18,445.46,78,280
PA134,YYZ,LAX,2027-09-18,206.99,141,178
PA135,JFK,LAX,2027-09-18,517.49,149,258
PA152,NRT,LAX,2027-09-18,189.87,36,182
PA153,HKG,YYZ,2027-09-18,215.59,22,290
PA156,CDG,JFK,2027-09-18,406.67,113,245
PA164,LAX,YYZ,2027-09-18,192.62,16,288
PA166,HKG,YYZ,2027-09-18,233.29,186,254
PA177,HKG,YYZ,2027-09-18,705.26,72,204
PA178,YYZ,LAX,2027-09-18,365.28,119,192
PA181,NRT,YVR,2027-09-18,208.36,217,274
PA182,YVR,YYZ,2027-09-18,778.1,53,205
PA183,NRT,SIN,2027-09-18,142.67,180,288
PA185,HKG,YYZ,2027-09-18,743.57,185,278
PA188,YYZ,YVR,2027-09-18,572.65,64,167
PA207,LAX,YYZ,2027-09-18,453.79,131,217
PA208,LAX,HKG,2027-09-18,164.61,59,163
PA212,NRT,YVR,2027-09-18,492.63,26,259
PA219,LHR,JFK,2027-09-18,718.89,168,293
PA249,SIN,HKG,2027-09-18,425.49,126,232
PA261,HKG,SIN,2027-09-18,135.15,142,268
PA268,LAX,NRT,2027-09-18,636.07,64,220
PA278,NRT,SIN,2027-09-18,699.71,82,155
PA280,LHR,JFK,2027-09-18,627.43,127,226
PA285,CDG,JFK,2027-09-18,688.35,63,192
PA287,CDG,JFK,2027-09-18,564.1,170,294
PA288,YYZ,YVR,2027-09-18,194.99,62,259
PA290,CDG,LHR,2027-09-18,248.16,120,233
PA293,PVG,YYZ,2027-09-18,684.44,77,214
PA104,LAX,YYZ,2027-09-19,453.75,155,209
PA106,NRT,LAX,2027-09-19,254.31,173,257
PA108,YYZ,JFK,2027-09-19,588.7,118,190
PA112,SIN,HKG,2027-09-19,664.99,125,217
PA113,PVG,SIN,2027-09-19,187.38,118,287
PA115,SIN,PVG,2027-09-19,504.15,51,242
PA134,YYZ,LAX,2027-09-19,206.99,101,178
PA136,CDG,LHR,2027-09-19,517.12,67,247
PA147,SIN,HKG,2027-09-19,442.02,78,232
PA155,NRT,LAX,2027-09-19,599.06,13,201
PA161,SIN,PVG,2027-09-19,260.26,73,165
PA168,PVG,YYZ,2027-09-19,704.69,173,269
PA172,PVG,HKG,2027-09-19,294.98,153,196
PA183,NRT,SIN,2027-09-19,142.67,64,288
PA184,YVR,HKG,2027-09-19,135.1,102,164
PA190,NRT,HKG,2027-09-19,505.24,99,213
PA203,NRT,YVR,2027-09-19,752.23,90,226
PA205,YYZ,LHR,2027-09-19,208.81,188,291
PA209,PVG,HKG,2027-09-19,130.86,13,220
PA215,LHR,CDG,2027-09-19,486.77,84,299
PA220,PVG,YYZ,2027-09-19,748.03,128,189
PA221,LAX,NRT,2027-09-19,783.34,53,191
PA222,JFK,LHR,2027-09-19,117.35,38,255
PA223,LHR,YYZ,2027-09-19,661.56,189,255
PA226,HKG,YYZ,2027-09-19,239.7,151,206
PA235,PVG,HKG,2027-09-19,609.98,31,238
PA237,HKG,NRT,2027-09-19,369.64,118,179
PA239,PVG,HKG,2027-09-19,463.94,90,150
PA241,YYZ,YVR,2027-09-19,536.21,97,234
PA245,PVG,YYZ,2027-09-19,574.12,85,247
PA247,NRT,YVR,2027-09-19,312.71,59,150
PA248,LAX,YYZ,2027-09-19,650.03,115,260
PA250,PVG,NRT,2027-09-19,457.82,87,204
PA265,PVG,NRT,2027-09-19,398.72,26,279
PA273,JFK,YYZ,2027-09-19,368.12,12,209
PA275,PVG,YYZ,2027-09-19,479.83,107,234
PA292,CDG,LHR,2027-09-19,626.41,95,221
PA295,YYZ,LAX,2027-09-19,256.96,84,239
PA103,PVG,HKG,2027-09-20,120.86,40,158
PA106,NRT,LAX,2027-09-20,254.31,104,257
PA108,YYZ,JFK,2027-09-20,588.7,71,190
PA119,SIN,PVG,2027-09-20,213.86,109,243
PA123,LAX,SIN,2027-09-20,253.73,161,292
PA145,JFK,YYZ,2027-09-20,633.76,90,245
PA152,NRT,LAX,2027-09-20,189.87,91,182
PA156,CDG,JFK,2027-09-20,406.67,147,245
PA164,LAX,YYZ,2027-09-20,192.62,165,288
PA174,NRT,YVR,2027-09-20,135.41,131,175
PA188,YYZ,YVR,2027-09-20,572.65,89,167
PA192,NRT,SIN,2027-09-20,465.95,183,294
PA195,YYZ,HKG,2027-09-20,420.06,55,226
PA203,NRT,YVR,2027-09-20,752.23,140,226
PA227,PVG,SIN,2027-09-20,313.63,102,239
PA235,PVG,HKG,2027-09-20,609.98,58,238
PA239,PVG,HKG,2027-09-20,463.94,90,150
PA246,JFK,LHR,2027-09-20,310.66,61,295
PA254,JFK,CDG,2027-09-20,117.1,47,187
PA256,YYZ,YVR,2027-09-20,390.11,205,266
PA263,PVG,SIN,2027-09-20,791.52,63,285
PA278,NRT,SIN,2027-09-20,699.71,88,155
PA281,PVG,YYZ,2027-09-20,623.26,35,287
PA285,CDG,JFK,2027-09-20,688.35,63,192
PA289,PVG,SIN,2027-09-20,135.2,58,196
PA298,SIN,NRT,2027-09-20,266.98,11,189
PA102,YYZ,LHR,2027-09-21,160.86,29,289
PA106,NRT,LAX,2027-09-21,254.31,166,257
PA109,LHR,YYZ,2027-09-21,208.84,65,221
PA112,SIN,HKG,2027-09-21,664.99,113,217
PA115,SIN,PVG,2027-09-21,504.15,159,242
PA118,YYZ,LHR,2027-09-21,294.58,22,247
PA129,PVG,SIN,2027-09-21,285.42,131,186
PA130,LAX,NRT,2027-09-21,477.28,188,293
PA135,JFK,LAX,2027-09-21,517.49,115,258
PA136,CDG,LHR,2027-09-21,517.12,93,247
PA139,YYZ,PVG,2027-09-21,625.61,202,287
PA151,HKG,PVG,2027-09-21,784.59,122,167
PA152,NRT,LAX,2027-09-21,189.87,135,182
PA153,HKG,YYZ,2027-09-21,215.59,103,290
PA156,CDG,JFK,2027-09-21,406.67,155,245
PA162,YYZ,LAX,2027-09-21,149.6,47,234
PA167,YYZ,LHR,2027-09-21,348.01,82,260
PA172,PVG,HKG,2027-09-21,294.98,115,196
PA174,NRT,YVR,2027-09-21,135.41,57,175
PA187,HKG,NRT,2027-09-21,695.94,82,170
PA194,YVR,HKG,2027-09-21,285.93,128,211
PA196,YYZ,YVR,2027-09-21,420.8,79,152
PA197,NRT,HKG,2027-09-21,151.28,134,175
PA202,HKG,SIN,2027-09-21,567.5,54,152
PA208,LAX,HKG,2027-09-21,164.61,114,163
PA216,PVG,HKG,2027-09-21,129.28,142,182
PA222,JFK,LHR,2027-09-21,117.35,78,255
PA225,YYZ,LHR,2027-09-21,710.52,140,247
PA237,HKG,NRT,2027-09-21,369.64,20,179
PA239,PVG,HKG,2027-09-21,463.94,93,150
PA248,LAX,YYZ,2027-09-21,650.03,99,260
PA263,PVG,SIN,2027-09-21,791.52,84,285
PA268,LAX,NRT,2027-09-21,636.07,132,220
PA279,NRT,HKG,2027-09-21,433.89,177,247
PA283,LAX,SIN,2027-09-21,439.95,131,261
PA290,CDG,LHR,2027-09-21,248.16,103,233
PA297,LAX,NRT,2027-09-21,687.46,141,201
PA298,SIN,NRT,2027-09-21,266.98,36,189
PA104,LAX,YYZ,2027-09-22,453.75,15,209
PA109,LHR,YYZ,2027-09-22,208.84,53,221
PA110,LHR,YYZ,2027-09-22,164.92,40,176
PA111,YYZ,LHR,2027-09-22,693.25,31,241
PA117,YVR,YYZ,2027-09-22,698.72,83,170
PA128,HKG,PVG,2027-09-22,719.28,173,251
PA130,LAX,NRT,2027-09-22,477.28,80,293
PA131,NRT,SIN,2027-09-22,728.48,92,259
PA132,CDG,JFK,2027-09-22,253.52,35,242
PA145,JFK,YYZ,2027-09-22,633.76,15,245
PA149,YVR,NRT,2027-09-22,140.55,123,211
PA166,HKG,YYZ,2027-09-22,233.29,54,254
PA170,LHR,YYZ,2027-09-22,274.06,13,177
PA188,YYZ,YVR,2027-09-22,572.65,84,167
PA193,LAX,HKG,2027-09-22,568.81,48,202
PA197,NRT,HKG,2027-09-22,151.28,78,175
PA201,NRT,LAX,2027-09-22,528.17,76,227
PA204,YYZ,LHR,2027-09-22,285.13,71,184
PA213,YYZ,PVG,2027-09-22,761.54,74,169
PA218,LAX,YYZ,2027-09-22,566.85,44,213
PA220,PVG,YYZ,2027-09-22,748.03,33,189
PA225,YYZ,LHR,2027-09-22,710.52,71,247
PA242,YYZ,PVG,2027-09-22,454.99,62,226
PA247,NRT,YVR,2027-09-22,312.71,11,150
PA249,SIN,HKG,2027-09-22,425.49,91,232
PA261,HKG,SIN,2027-09-22,135.15,136,268
PA262,LAX,NRT,2027-09-22,419.52,57,181
PA265,PVG,NRT,2027-09-22,398.72,71,279
PA270,LAX,SIN,2027-09-22,154.24,105,262
PA271,YVR,YYZ,2027-09-22,290.2,103,210
PA285,CDG,JFK,2027-09-22,688.35,76,192
PA289,PVG,SIN,2027-09-22,135.2,72,196
PA102,YYZ,LHR,2027-09-23,160.86,102,289
PA106,NRT,LAX,2027-09-23,254.31,50,257
PA111,YYZ,LHR,2027-09-23,693.25,97,241
PA117,YVR,YYZ,2027-09-23,698.72,43,170
PA123,LAX,SIN,2027-09-23,253.73,131,292
PA133,YYZ,HKG,2027-09-23,445.46,156,280
PA142,LAX,HKG,2027-09-23,633.37,213,278
PA156,CDG,JFK,2027-09-23,406.67,79,245
PA160,LAX,JFK,2027-09-23,149.7,71,151
PA163,LAX,NRT,2027-09-23,568.28,15,221
PA168,PVG,YYZ,2027-09-23,704.69,25,269
PA178,YYZ,LAX,2027-09-23,365.28,43,192
PA179,CDG,LHR,2027-09-23,748.56,102,217
PA181,NRT,YVR,2027-09-23,208.36,145,274
PA183,NRT,SIN,2027-09-23,142.67,167,288
PA189,LAX,NRT,2027-09-23,183.92,54,253
PA193,LAX,HKG,2027-09-23,568.81,96,202
PA201,NRT,LAX,2027-09-23,528.17,129,227
PA214,JFK,YYZ,2027-09-23,125.22,137,289
PA236,YVR,HKG,2027-09-23,524.35,184,261
PA237,HKG,NRT,2027-09-23,369.64,21,179
PA245,PVG,YYZ,2027-09-23,574.12,67,247
PA248,LAX,YYZ,2027-09-23,650.03,136,260
PA250,PVG,NRT,2027-09-23,457.82,45,204
PA252,SIN,PVG,2027-09-23,165.37,22,235
PA256,YYZ,YVR,2027-09-23,390.11,19,266
PA267,HKG,YYZ,2027-09-23,281.43,80,265
PA271,YVR,YYZ,2027-09-23,290.2,167,210
PA274,JFK,YYZ,2027-09-23,144.96,156,204
PA298,SIN,NRT,2027-09-23,266.98,133,189
PA103,PVG,HKG,2027-09-24,120.86,53,158
PA122,LAX,NRT,2027-09-24,423.58,60,191
PA126,YYZ,YVR,2027-09-24,739.2,51,204
PA132,CDG,JFK,2027-09-24,253.52,147,242
PA135,JFK,LAX,2027-09-24,517.49,41,258
PA141,JFK,LAX,2027-09-24,102.27,127,266
PA149,YVR,NRT,2027-09-24,140.55,33,211
PA150,NRT,HKG,2027-09-24,159.96,135,170
PA162,YYZ,LAX,2027-09-24,149.6,43,234
PA169,YYZ,LAX,2027-09-24,142.43,58,175
PA178,YYZ,LAX,2027-09-24,365.28,62,192
PA182,YVR,YYZ,2027-09-24,778.1,21,205
PA186,HKG,SIN,2027-09-24,139.82,111,190
PA206,YVR,YYZ,2027-09-24,602.33,22,203
PA208,LAX,HKG,2027-09-24,164.61,121,163
PA210,LHR,YYZ,2027-09-24,545.98,15,183
PA214,JFK,YYZ,2027-09-24,125.22,25,289
PA217,LHR,CDG,2027-09-24,729.25,26,160
PA218,LAX,YYZ,2027-09-24,566.85,122,213
PA219,LHR,JFK,2027-09-24,718.89,128,293
PA229,JFK,CDG,2027-09-24,329.78,80,252
PA230,YYZ,YVR,2027-09-24,345.8,86,221
PA244,YVR,YYZ,2027-09-24,189.1,46,291
PA245,PVG,YYZ,2027-09-24,574.12,37,247
PA260,YYZ,LHR,2027-09-24,253.19,65,258
PA261,HKG,SIN,2027-09-24,135.15,152,268
PA274,JFK,YYZ,2027-09-24,144.96,78,204
PA275,PVG,YYZ,2027-09-24,479.83,125,234
PA276,PVG,YYZ,2027-09-24,244.78,55,165
PA290,CDG,LHR,2027-09-24,248.16,55,233
PA295,YYZ,LAX,2027-09-24,256.96,188,239
PA297,LAX,NRT,2027-09-24,687.46,30,201
PA298,SIN,NRT,2027-09-24,266.98,78,189
PA125,YYZ,LAX,2027-09-25,380.82,164,230
PA136,CDG,LHR,2027-09-25,517.12,193,247
PA139,YYZ,PVG,2027-09-25,625.61,134,287
PA142,LAX,HKG,2027-09-25,633.37,50,278
PA156,CDG,JFK,2027-09-25,406.67,180,245
PA172,PVG,HKG,2027-09-25,294.98,78,196
PA176,LAX,NRT,2027-09-25,384.49,38,192
PA189,LAX,NRT,2027-09-25,183.92,33,253
PA192,NRT,SIN,2027-09-25,465.95,38,294
PA207,LAX,YYZ,2027-09-25,453.79,121,217
PA208,LAX,HKG,2027-09-25,164.61,81,163
PA210,LHR,YYZ,2027-09-25,545.98,88,183
PA241,YYZ,YVR,2027-09-25,536.21,129,234
PA252,SIN,PVG,2027-09-25,165.37,33,235
PA255,LAX,NRT,2027-09-25,527.89,84,271
PA259,JFK,YYZ,2027-09-25,724.86,54,151
PA263,PVG,SIN,2027-09-25,791.52,122,285
PA265,PVG,NRT,2027-09-25,398.72,132,279
PA266,NRT,YVR,2027-09-25,728.05,191,264
PA271,YVR,YYZ,2027-09-25,290.2,37,210
PA275,PVG,YYZ,2027-09-25,479.83,55,234
PA276,PVG,YYZ,2027-09-25,244.78,61,165
PA283,LAX,SIN,2027-09-25,439.95,83,261
PA290,CDG,LHR,2027-09-25,248.16,170,233
PA291,YVR,HKG,2027-09-25,632.86,120,236
PA101,LAX,SIN,2027-09-26,256.25,135,212
PA104,LAX,YYZ,2027-09-26,453.75,136,209
PA115,SIN,PVG,2027-09-26,504.15,192,242
PA123,LAX,SIN,2027-09-26,253.73,213,292
PA124,YVR,HKG,2027-09-26,260.33,121,164
PA126,YYZ,YVR,2027-09-26,739.2,146,204
PA136,CDG,LHR,2027-09-26,517.12,183,247
PA141,JFK,LAX,2027-09-26,102.27,121,266
PA145,JFK,YYZ,2027-09-26,633.76,86,245
PA147,SIN,HKG,2027-09-26,442.02,162,232
PA157,HKG,SIN,2027-09-26,184.7,42,265
PA166,HKG,YYZ,2027-09-26,233.29,118,254
PA171,JFK,CDG,2027-09-26,414.03,56,287
PA175,NRT,LAX,2027-09-26,778.3,14,153
PA177,HKG,YYZ,2027-09-26,705.26,57,204
PA192,NRT,SIN,2027-09-26,465.95,191,294
PA206,YVR,YYZ,2027-09-26,602.33,117,203
PA207,LAX,YYZ,2027-09-26,453.79,42,217
PA215,LHR,CDG,2027-09-26,486.77,63,299
PA231,HKG,NRT,2027-09-26,575.66,170,252
PA236,YVR,HKG,2027-09-26,524.35,164,261
PA249,SIN,HKG,2027-09-26,425.49,23,232
PA250,PVG,NRT,2027-09-26,457.82,23,204
PA264,SIN,HKG,2027-09-26,765.03,48,231
PA265,PVG,NRT,2027-09-26,398.72,59,279
PA276,PVG,YYZ,2027-09-26,244.78,71,165
PA284,CDG,LHR,2027-09-26,568.21,33,236
PA288,YYZ,YVR,2027-09-26,194.99,194,259
PA102,YYZ,LHR,2027-09-27,160.86,32,289
PA117,YVR,YYZ,2027-09-27,698.72,110,170
PA120,LHR,JFK,2027-09-27,569.12,35,203
PA126,YYZ,YVR,2027-09-27,739.2,155,204
PA131,NRT,SIN,2027-09-27,728.48,126,259
PA146,NRT,LAX,2027-09-27,742.95,209,285
PA148,YYZ,PVG,2027-09-27,715.11,84,242
PA157,HKG,SIN,2027-09-27,184.7,154,265
PA167,YYZ,LHR,2027-09-27,348.01,165,260
PA170,LHR,YYZ,2027-09-27,274.06,74,177
PA174,NRT,YVR,2027-09-27,135.41,128,175
PA197,NRT,HKG,2027-09-27,151.28,102,175
PA198,LAX,YYZ,2027-09-27,285.64,124,279
PA218,LAX,YYZ,2027-09-27,566.85,132,213
PA235,PVG,HKG,2027-09-27,609.98,84,238
PA253,LAX,NRT,2027-09-27,257.25,85,229
PA254,JFK,CDG,2027-09-27,117.1,109,187
PA258,CDG,LHR,2027-09-27,379.76,207,276
PA274,JFK,YYZ,2027-09-27,144.96,104,204
PA275,PVG,YYZ,2027-09-27,479.83,178,234
PA287,CDG,JFK,2027-09-27,564.1,176,294
PA294,HKG,YYZ,2027-09-27,624.32,69,154
PA111,YYZ,LHR,2027-09-28,693.25,184,241
PA114,CDG,LHR,2027-09-28,486.43,48,170
PA116,YYZ,YVR,2027-09-28,562.88,72,161
PA122,LAX,NRT,2027-09-28,423.58,57,191
PA142,LAX,HKG,2027-09-28,633.37,217,278
PA144,YVR,NRT,2027-09-28,526.28,110,279
PA150,NRT,HKG,2027-09-28,159.96,10,170
PA151,HKG,PVG,2027-09-28,784.59,39,167
PA159,NRT,SIN,2027-09-28,261.08,169,291
PA164,LAX,YYZ,2027-09-28,192.62,110,288
PA166,HKG,YYZ,2027-09-28,233.29,117,254
PA174,NRT,YVR,2027-09-28,135.41,82,175
PA183,NRT,SIN,2027-09-28,142.67,139,288
PA186,HKG,SIN,2027-09-28,139.82,140,190
PA189,LAX,NRT,2027-09-28,183.92,98,253
PA190,NRT,HKG,2027-09-28,505.24,52,213
PA217,LHR,CDG,2027-09-28,729.25,110,160
PA218,LAX,YYZ,2027-09-28,566.85,137,213
PA229,JFK,CDG,2027-09-28,329.78,112,252
PA238,NRT,HKG,2027-09-28,278.31,117,198
PA247,NRT,YVR,2027-09-28,312.71,16,150
PA258,CDG,LHR,2027-09-28,379.76,108,276
PA261,HKG,SIN,2027-09-28,135.15,152,268
PA275,PVG,YYZ,2027-09-28,479.83,127,234
PA286,YYZ,HKG,2027-09-28,118.88,202,286
PA101,LAX,SIN,2027-09-29,256.25,51,212
PA111,YYZ,LHR,2027-09-29,693.25,172,241
PA113,PVG,SIN,2027-09-29,187.38,164,287
PA118,YYZ,LHR,2027-09-29,294.58,23,247
PA125,YYZ,LAX,2027-09-29,380.82,46,230
PA143,HKG,NRT,2027-09-29,709.36,50,177
PA145,JFK,YYZ,2027-09-29,633.76,54,245
PA153,HKG,YYZ,2027-09-29,215.59,193,290
PA171,JFK,CDG,2027-09-29,414.03,169,287
PA174,NRT,YVR,2027-09-29,135.41,105,175
PA180,PVG,SIN,2027-09-29,396.11,173,223
PA181,NRT,YVR,2027-09-29,208.36,110,274
PA184,YVR,HKG,2027-09-29,135.1,11,164
PA189,LAX,NRT,2027-09-29,183.92,173,253
PA205,YYZ,LHR,2027-09-29,208.81,41,291
PA243,PVG,YYZ,2027-09-29,381.68,118,233
PA253,LAX,NRT,2027-09-29,257.25,55,229
PA272,YVR,HKG,2027-09-29,156.4,35,288
PA274,JFK,YYZ,2027-09-29,144.96,108,204
PA280,LHR,JFK,2027-09-29,627.43,71,226
PA282,NRT,LAX,2027-09-29,441.76,22,206
PA289,PVG,SIN,2027-09-29,135.2,148,196
PA120,LHR,JFK,2027-09-30,569.12,79,203
PA126,YYZ,YVR,2027-09-30,739.2,81,204
PA128,HKG,PVG,2027-09-30,719.28,131,251
PA149,YVR,NRT,2027-09-30,140.55,146,211
PA155,NRT,LAX,2027-09-30,599.06,132,201
PA156,CDG,JFK,2027-09-30,406.67,60,245
PA160,LAX,JFK,2027-09-30,149.7,64,151
PA167,YYZ,LHR,2027-09-30,348.01,18,260
PA170,LHR,YYZ,2027-09-30,274.06,123,177
PA171,JFK,CDG,2027-09-30,414.03,199,287
PA173,LAX,NRT,2027-09-30,410.19,13,169
PA175,NRT,LAX,2027-09-30,778.3,78,153
PA178,YYZ,LAX,2027-09-30,365.28,14,192
PA181,NRT,YVR,2027-09-30,208.36,141,274
PA189,LAX,NRT,2027-09-30,183.92,123,253
PA204,YYZ,LHR,2027-09-30,285.13,86,184
PA206,YVR,YYZ,2027-09-30,602.33,87,203
PA220,PVG,YYZ,2027-09-30,748.03,59,189
PA221,LAX,NRT,2027-09-30,783.34,105,191
PA223,LHR,YYZ,2027-09-30,661.56,109,255
PA237,HKG,NRT,2027-09-30,369.64,46,179
PA241,YYZ,YVR,2027-09-30,536.21,184,234
PA243,PVG,YYZ,2027-09-30,381.68,183,233
PA248,LAX,YYZ,2027-09-30,650.03,64,260
PA266,NRT,YVR,2027-09-30,728.05,53,264
PA279,NRT,HKG,2027-09-30,433.89,61,247
PA286,YYZ,HKG,2027-09-30,118.88,98,286
PA288,YYZ,YVR,2027-09-30,194.99,106,259
